ID_HOGAR,PC1,PC2
1,-2.162671,0.279489
2,0.172482,-0.266494
3,-0.460782,1.739427
4,0.609121,-0.383517
5,-0.874302,0.164131
6,-0.160576,0.415669
7,-0.121426,0.939406
8,0.150507,1.910995
9,-0.081950,-0.169896
10,-1.391895,-0.192262
11,-1.113187,0.607476
12,-2.092061,1.053709
13,-0.008254,-1.099783
14,-2.860257,-0.558988
15,-1.209996,-1.122868
16,0.689270,1.082482
17,0.241183,0.937983
18,-1.156064,-0.031845
19,-0.021672,-0.070669
20,0.435318,-0.269337
21,1.064279,1.775924
22,-1.070346,-1.120216
23,-1.830445,1.768673
24,-0.179953,-0.428278
25,-0.522277,0.285294
26,-1.135126,1.011296
27,0.182569,1.110702
28,0.578106,-0.333908
29,-1.497702,1.252094
30,0.521290,1.030882
31,0.828528,1.697412
32,0.758154,-1.363384
33,0.189816,0.168233
34,0.002893,-1.229621
35,0.765469,-1.075387
36,0.732451,-0.930763
37,1.397989,0.018024
38,1.536764,-0.933641
39,1.460738,-1.193249
40,-0.653931,1.231776
41,-0.197494,-2.499126
42,0.001410,-0.042486
43,0.392477,1.249027
44,0.411018,-0.882336
45,1.516477,-1.058290
46,-0.292981,-1.074607
47,-2.992082,-2.415441
48,0.729971,0.893283
49,-3.573056,-1.251235
50,1.247390,0.208197
51,-0.259568,-1.196468
52,0.318165,-0.249063
53,0.600954,-1.708585
54,-2.740127,-0.780468
55,0.240367,-0.396424
56,0.991453,-0.729090
57,1.256629,1.032562
58,-0.977855,-0.343289
59,2.592251,-1.282209
60,-0.134267,-1.232603
61,2.341468,-0.181586
62,-0.364029,-1.985253
63,1.811687,-0.140170
64,0.327047,-0.420079
65,-0.211951,-0.808082
66,-1.510464,0.219472
67,-1.106970,0.015871
68,-1.081882,-1.347610
69,-2.207940,-1.509186
70,-0.772705,-1.522137
71,1.061742,-0.474934
72,-2.925662,-3.250926
73,-1.035864,-0.827776
74,0.883988,1.001550
75,-2.220069,1.497684
76,-2.260126,-1.723580
77,-0.330195,0.376815
78,-2.958274,-1.956442
79,0.150155,-1.165652
80,-0.714345,-1.095600
81,-2.501048,-0.419939
82,-2.640611,-1.160274
83,-0.810857,-1.497252
84,-4.463895,-3.763050
85,-0.720578,-0.242711
86,0.871131,-0.265716
87,-3.181478,0.641757
88,1.192844,1.804172
89,1.540369,-0.419734
90,-2.485654,1.415882
91,-2.921888,-1.485711
92,-0.480089,0.265695
93,-1.375220,-2.402716
94,0.093375,0.003127
95,-1.482874,1.699289
96,1.653213,-1.344106
97,0.532843,-0.783403
98,-0.172301,2.482292
99,-0.658747,0.182722
100,1.437504,0.658669
101,-1.182898,0.932768
102,-0.905300,0.647537
103,-2.626239,-0.061466
104,-0.633625,1.551740
105,-0.086181,-0.716854
106,-0.444737,-0.201324
107,-0.429236,-0.343835
108,1.473872,0.175688
109,-2.169492,-1.667357
110,0.261327,-1.359873
111,-1.429781,-1.179729
112,-0.063604,-0.529164
113,-2.600145,-1.535423
114,-0.233825,0.269354
115,1.062336,0.273041
116,-2.367613,-0.573310
117,1.103580,0.279753
118,-1.518018,0.565071
119,0.019962,-1.016651
120,-0.705673,-0.571132
121,0.117999,-0.365454
122,0.967648,-0.011066
123,-0.317675,-1.029417
124,-0.165283,4.997953
125,1.664316,-0.212612
126,-0.535224,0.956397
127,-1.287537,-0.283825
128,0.034063,-0.897509
129,-0.506145,-1.050750
130,-0.636234,-1.756206
131,0.816984,-0.915823
132,-0.242136,-0.166324
133,-0.247917,0.735781
134,0.380587,-1.403164
135,-0.188024,-0.813347
136,0.458936,-1.230017
137,0.046785,-0.137767
138,0.545233,-0.003500
139,-0.892574,1.148066
140,1.243510,-0.344172
141,0.357527,0.260484
142,0.416133,0.447492
143,-0.819606,-0.155573
144,0.941898,-0.230755
145,-1.816860,-1.011075
146,-0.475457,-0.961228
147,-0.217168,0.362637
148,-4.228739,-0.211124
149,1.003017,-0.241390
150,3.365514,-1.080114
151,-1.972121,-1.553616
152,0.764234,-0.051993
153,-2.046700,0.336621
154,-0.647619,-0.053284
155,-3.945696,-1.252912
156,0.327327,0.514118
157,-1.253035,0.142188
158,-1.497353,-0.715058
159,0.625413,-0.221806
160,-2.345242,0.330294
161,0.541338,-2.890764
162,0.400211,-0.325504
163,-1.289416,-1.845481
164,-1.644177,1.190521
165,0.672468,-0.019429
166,1.264637,-1.144665
167,0.908663,-1.945688
168,0.478478,-0.417221
169,-1.915833,-0.642110
170,-1.354022,0.553646
171,-0.566490,0.489563
172,-2.356873,-2.980809
173,-1.996796,0.093900
174,-3.772875,0.162506
175,-2.826402,-1.098910
176,0.846352,-0.947318
177,-0.907451,0.722221
178,0.429381,-0.483418
179,0.255537,-1.983611
180,0.523190,-0.111172
181,-1.382941,-1.643789
182,-0.625871,-1.826212
183,1.807896,-0.032675
184,1.492025,-1.192178
185,0.435199,-1.611267
186,0.835604,-0.903625
187,-3.438189,1.635821
188,1.963817,-0.736492
189,-0.270656,0.207356
190,-0.089392,-1.479267
191,2.374329,-1.291016
192,-0.370371,-1.749677
193,-2.169949,-1.414274
194,-0.699940,-1.318480
195,0.156882,-2.457567
196,0.118792,2.130724
197,-0.097172,0.987253
198,1.919528,0.053161
199,0.277169,-0.068785
200,0.337952,-0.841987
201,-1.744316,-0.055986
202,0.553465,-0.991756
203,-0.337018,-0.704937
204,-0.642226,-0.122456
205,0.991281,0.628490
206,-0.548444,1.152619
207,0.316755,-0.932261
208,0.434958,-0.278802
209,0.418502,0.815608
210,-2.022336,-1.288832
211,0.887622,-0.815346
212,0.692417,-0.361488
213,-2.500469,-1.709025
214,-2.239402,-0.722616
215,-2.155156,-2.854972
216,2.055166,-0.360543
217,0.625838,1.921703
218,-0.144611,-0.899277
219,0.670113,-0.626019
220,0.626946,1.481537
221,1.667442,0.228958
222,-0.010122,-0.463855
223,2.397807,-0.378801
224,0.886516,-0.144795
225,1.936410,-0.048140
226,-0.243449,0.903470
227,0.620115,1.303134
228,0.003768,-0.121732
229,0.824758,-1.047601
230,-0.765976,0.681945
231,1.399753,-0.311703
232,-1.572177,1.064397
233,1.655091,0.076799
234,0.907750,0.165389
235,1.902964,-0.491212
236,-1.951662,0.191535
237,-0.544667,-0.832300
238,-1.202135,-0.512277
239,-2.376605,-2.265276
240,0.064487,-0.746399
241,0.257287,-0.072821
242,-0.098010,-0.898764
243,-0.253650,0.427290
244,1.028859,-0.532381
245,2.018329,0.002081
246,0.159755,-0.742312
247,1.208227,1.041151
248,-0.892368,0.117242
249,0.706558,-0.289707
250,0.426085,-1.969296
251,-2.799154,-0.025988
252,-2.193039,-0.323656
253,0.126257,0.384970
254,0.543269,-0.519946
255,2.918582,-0.212651
256,-2.061455,0.087890
257,0.869178,-1.500010
258,0.683223,0.123947
259,-0.717168,-0.441721
260,-2.386466,-0.133979
261,0.553064,-0.500248
262,0.891797,-0.158747
263,0.486326,-0.303413
264,-1.287896,-0.412500
265,-1.538487,0.052202
266,1.507315,-0.518700
267,-2.788331,-1.917300
268,2.181920,0.229951
269,1.315904,0.112571
270,0.698808,1.158520
271,1.244403,0.832488
272,0.200710,-0.955685
273,1.705618,0.207147
274,1.875312,2.682617
275,1.116127,-0.901979
276,0.407675,-1.260915
277,-0.220054,-0.372300
278,1.518934,0.572304
279,1.205074,-0.680970
280,0.565013,0.621172
281,-1.437661,0.362376
282,0.881675,-1.216469
283,1.540632,0.251848
284,2.204156,-0.035834
285,-0.863083,-0.246706
286,-0.476758,-0.853458
287,1.926730,-0.874132
288,0.552537,1.767822
289,1.424506,-0.319737
290,1.491327,1.062104
291,0.443953,0.175848
292,1.036291,-1.361440
293,1.514519,-1.023365
294,1.763750,0.072712
295,0.444785,1.886025
296,2.705141,-0.863526
297,-0.981131,-0.442229
298,-1.344923,2.574287
299,-1.411573,2.424623
300,-0.417454,0.823334
301,1.294346,0.435950
302,0.754904,-0.657376
303,-0.358446,0.215694
304,0.324326,-0.596510
305,1.812805,0.014656
306,-0.433644,1.166337
307,-0.184153,1.495680
308,-2.350861,1.404711
309,-1.633891,0.754914
310,-0.972223,0.082298
311,0.256067,-0.422947
312,-0.198783,0.632111
313,0.378383,0.092005
314,1.295900,-0.430282
315,0.838660,3.528763
316,0.253309,1.147911
317,0.749732,1.165086
318,-0.467614,1.340592
319,-1.520120,0.343583
320,1.869336,0.655760
321,-2.629571,1.937568
322,-2.513826,2.610001
323,-2.138754,0.480989
324,1.473255,-0.671609
325,1.041178,-0.770636
326,-1.325969,-0.265822
327,0.775187,-1.356749
328,0.238363,0.047718
329,-0.078231,0.636099
330,-0.127095,-1.423436
331,-0.734062,-0.596820
332,0.429031,0.777031
333,-1.376939,1.293589
334,-1.889837,-0.020023
335,2.179968,-0.085582
336,1.739245,0.084151
337,-1.488910,0.960714
338,1.343783,-0.227809
339,1.475772,-0.473641
340,-1.022102,0.118586
341,-0.558592,0.978767
342,0.974656,-0.905475
343,-2.377930,0.822144
344,0.466081,-0.176049
345,0.431101,-0.283496
346,-0.852052,2.589111
347,0.525000,0.826079
348,1.397597,-0.180549
349,-1.831074,-0.373402
350,-0.518649,0.404375
351,-3.114099,0.177144
352,-0.166408,-0.141513
353,-0.891067,-0.443597
354,1.567420,0.285615
355,1.942099,0.207957
356,0.775201,0.031624
357,0.980494,0.210676
358,-2.202661,-1.412080
359,0.070369,0.044152
360,0.625098,1.473581
361,-0.771581,-1.645844
362,-1.172230,-0.375232
363,2.311968,-0.185539
364,0.377799,1.262599
365,-3.895634,0.568893
366,1.315741,-0.643583
367,0.736744,-0.297259
368,-4.212056,-1.354971
369,1.839797,-0.292369
370,-2.046983,1.538784
371,-2.019727,-1.947260
372,0.491172,-0.072493
373,-0.673875,1.293753
374,0.991990,5.963061
375,-1.069331,2.761633
376,-2.409931,-1.497362
377,-0.565615,-0.792065
378,-2.426659,-0.969487
379,0.706862,1.839199
380,0.707850,0.211008
381,1.672008,0.246036
382,0.383424,0.257295
383,0.500434,1.132333
384,-1.227464,-0.850202
385,-1.098803,1.555891
386,-0.030548,-0.722907
387,0.768445,-0.445944
388,-2.240402,-1.629737
389,1.750527,-0.467234
390,1.449400,-0.870145
391,0.638695,-1.381724
392,2.262216,-0.524185
393,-0.192930,-0.473738
394,-1.561050,-0.158011
395,0.644263,-1.029606
396,2.240985,-0.779536
397,1.167577,-0.170170
398,-0.219013,0.135250
399,0.791087,0.412115
400,0.299577,0.050063
401,-1.422524,0.630972
402,0.047499,-1.276720
403,-0.608143,-0.953959
404,-1.139147,-1.193620
405,0.934738,4.518592
406,-1.489658,-0.005021
407,1.136731,1.098023
408,1.625736,-0.093785
409,0.100321,1.775375
410,-1.856601,2.806665
411,-0.320568,2.110902
412,-0.101424,-0.129713
413,-1.039217,0.181567
414,-0.510139,-0.386530
415,-1.928912,0.399588
416,-2.148271,-0.449174
417,-0.321934,0.918946
418,-0.634283,1.113244
419,0.361728,0.812036
420,0.975736,-0.001675
421,-2.136107,-0.772526
422,0.546664,1.257855
423,0.391477,-0.089426
424,0.819218,-0.622108
425,-1.239298,-0.106872
426,-2.431389,-2.298536
427,-1.713610,-0.092576
428,0.701726,-0.540529
429,2.468346,0.390073
430,-0.755359,-0.766347
431,-0.018246,0.680709
432,-2.713544,0.897023
433,-0.204819,-0.695973
434,1.965134,-0.693613
435,-1.903803,0.280122
436,1.295708,1.013141
437,-2.766543,-1.703647
438,-3.544596,-1.124620
439,0.531175,0.653929
440,0.184370,-0.388081
441,-0.509700,0.590763
442,-0.152033,-0.107836
443,-1.894548,1.882956
444,-2.600446,-0.736727
445,-1.732746,1.117995
446,-0.887557,0.597505
447,0.928995,-0.837885
448,1.037979,-0.859627
449,-0.417321,-0.103606
450,1.924893,-0.750682
451,0.440502,-0.421170
452,0.361763,-0.335620
453,-1.127412,0.828346
454,0.631806,1.140554
455,0.292698,3.768585
456,0.953074,1.264596
457,0.652866,1.341838
458,-2.012802,-0.530645
459,-1.216471,-1.411933
460,-1.860893,0.095745
461,1.341879,-0.171596
462,2.337327,-0.799062
463,1.124237,-1.530643
464,-0.026247,-1.212849
465,-1.336041,-1.284637
466,-0.918804,-1.790475
467,0.606334,0.497769
468,0.440246,-0.780006
469,0.571402,-1.869950
470,1.826553,-0.756161
471,0.501056,-1.594205
472,1.756014,-0.343255
473,-0.315484,0.442992
474,-1.206923,-1.285059
475,-0.405124,-1.220163
476,0.265700,-1.020274
477,-2.323549,-1.635712
478,1.411585,-0.115455
479,-0.810016,-0.967499
480,-1.107623,1.783857
481,-3.289593,0.469927
482,-0.873670,-1.321238
483,-1.867267,-1.436122
484,-0.939721,-1.693812
485,0.300222,-1.194324
486,-0.949198,-0.764270
487,0.345925,-1.919472
488,-0.749972,-0.884893
489,1.055662,-0.788290
490,-1.643719,2.770913
491,-3.239250,-2.284797
492,-0.524219,-1.559874
493,-1.467701,-2.068163
494,-1.098819,0.137743
495,-1.393103,0.030257
496,-0.459324,0.116201
497,-1.142441,0.572721
498,-0.690443,-0.712551
499,-0.767722,-0.072538
500,-0.198296,-0.937498
501,0.721335,-0.459421
502,-1.862859,0.567104
503,2.264522,0.258245
504,2.013794,0.249189
505,-1.277202,-0.742795
506,0.503763,-0.079657
507,-0.890249,-2.388056
508,1.864891,-0.246151
509,-2.032093,-1.919657
510,-0.436382,1.507051
511,0.630474,1.902281
512,-0.880685,-0.885724
513,-0.839885,1.287241
514,0.910252,-0.036890
515,0.720504,1.625177
516,-1.279463,-0.992500
517,-1.032166,-0.929835
518,-0.380439,0.226478
519,0.891603,-1.936918
520,1.340012,2.685310
521,1.299271,2.552300
522,-1.137224,1.619787
523,0.532280,-1.202051
524,-0.621275,-0.152828
525,1.133212,0.104501
526,0.481830,-0.015251
527,-0.085953,0.745992
528,1.668432,-0.236564
529,0.410532,0.797772
530,1.125290,0.939863
531,1.407915,2.412095
532,1.801044,1.276945
533,-0.037247,-0.002432
534,-0.884601,-1.689049
535,-2.287292,1.166424
536,-1.845791,0.198749
537,-1.314455,-0.035615
538,-0.031033,0.584696
539,0.657765,0.131832
540,-0.702571,-1.463991
541,0.621712,-1.201201
542,0.623899,-0.802856
543,-0.645284,-1.096605
544,-4.024960,-2.281060
545,-2.049575,0.355794
546,0.250403,0.264460
547,0.370784,-0.478481
548,-1.797423,-1.805031
549,-0.227224,-0.930686
550,-0.626615,-0.234575
551,-0.519553,-0.435570
552,0.100404,0.540139
553,0.578857,-0.449642
554,-1.738357,0.476669
555,-0.341368,-0.366093
556,1.012462,0.877024
557,0.375033,0.573017
558,1.991374,-0.405488
559,1.468330,-0.592176
560,1.149551,-0.777475
561,0.290539,2.152884
562,0.999789,-0.598073
563,1.250016,-0.990701
564,0.666262,-0.778524
565,2.559382,-0.836287
566,0.598091,-0.918678
567,1.840967,-0.943652
568,2.683941,-1.352911
569,-1.276071,-0.489507
570,1.171381,-1.434996
571,0.182372,-0.655110
572,1.440806,-0.283160
573,1.129267,-1.353847
574,-0.406676,-1.611140
575,0.043678,-1.022606
576,2.450295,-1.194009
577,0.617428,-0.425897
578,0.920095,-1.169295
579,-0.660991,-0.683990
580,1.862995,1.154960
581,2.012107,-0.889444
582,-1.090759,-1.060241
583,-2.001674,-1.181971
584,1.471278,-0.662443
585,-0.106086,-1.785335
586,2.199565,-1.410609
587,2.039018,-1.025638
588,1.104130,-2.529944
589,2.146595,-1.130740
590,-0.244005,1.311959
591,-0.480462,-2.245389
592,0.984375,-2.313114
593,0.297211,-0.730020
594,2.208627,-1.046317
595,0.384075,-0.911197
596,0.621717,-0.870429
597,-0.925886,-1.038420
598,-0.193342,-0.121463
599,1.446945,-1.492234
600,1.063361,-1.275745
601,0.565152,-0.336014
602,-0.598737,-0.074878
603,-0.485908,0.238301
604,0.587401,-0.731690
605,0.404736,-0.260571
606,0.820682,-0.851496
607,0.184457,1.439992
608,0.715139,-0.774686
609,-0.275572,-0.326868
610,-1.712943,0.757698
611,0.063787,-1.015044
612,0.777027,0.079533
613,0.601099,-0.681821
614,-1.975273,-0.554081
615,2.442723,-0.824936
616,0.732551,-0.913520
617,0.397558,0.092031
618,0.028475,0.087999
619,0.989904,0.952007
620,-2.552240,-3.981149
621,-2.522876,2.433169
622,-0.640108,-0.469356
623,0.468176,3.108214
624,-0.989029,0.060020
625,-2.490873,1.557700
626,3.100576,-0.443960
627,-0.977612,1.650870
628,0.787782,1.313494
629,1.899526,0.767695
630,-0.905444,0.805009
631,1.050407,-0.292675
632,0.319658,0.288245
633,1.358490,-0.213308
634,0.169783,0.039523
635,0.082656,-0.293336
636,0.335143,-0.684922
637,1.188269,-0.593929
638,-1.349319,-0.783122
639,0.862035,-1.000594
640,-0.343084,-0.876175
641,0.711124,-0.375791
642,1.898585,2.055788
643,0.159832,0.623263
644,1.704912,-0.335920
645,-2.533339,-1.776697
646,0.270719,0.881542
647,-1.485435,-0.544834
648,2.533751,-0.740392
649,-0.616952,-0.065447
650,-1.025329,0.985708
651,1.674779,1.031479
652,1.651361,1.266775
653,1.428552,1.405621
654,-1.409224,1.216690
655,1.490573,0.125075
656,-0.199498,0.331819
657,0.593513,-0.478371
658,1.697221,0.262573
659,0.809672,-0.345297
660,-0.498099,-0.277090
661,-1.270081,0.045876
662,2.183411,0.177968
663,0.134478,0.285575
664,-0.691314,1.949465
665,-0.179148,0.597738
666,-0.165997,2.791480
667,-0.643289,1.278894
668,-0.073454,0.156081
669,0.001017,0.876375
670,1.647996,1.510945
671,0.632029,3.349573
672,1.209366,0.214342
673,-1.230402,0.729260
674,0.680384,1.741538
675,1.274357,2.402750
676,0.434871,-0.387509
677,1.941337,1.862306
678,-0.696310,0.509158
679,-1.142290,1.536180
680,1.117311,1.741250
681,1.478775,3.675946
682,0.846465,0.199305
683,1.114939,2.423388
684,0.472579,0.799325
685,0.738807,0.386730
686,0.055851,0.789082
687,0.493240,-0.489189
688,-0.941960,0.111982
689,-1.341711,-1.852856
690,-1.644435,0.008891
691,-0.663884,-0.933240
692,1.006283,0.323150
693,0.771038,1.249006
694,1.165036,3.777809
695,1.196353,0.071144
696,-0.854076,0.506035
697,0.595280,3.629361
698,1.818234,1.111909
699,0.691054,0.688350
700,0.106455,-0.344591
701,0.287289,5.339919
702,-2.170689,1.469919
703,-0.300495,3.906825
704,1.980033,0.070263
705,0.554493,0.617217
706,0.198158,3.326549
707,0.018214,1.160022
708,0.548236,-0.541308
709,0.958317,0.264709
710,-3.149884,-0.151313
711,0.006888,-0.517203
712,-1.484234,0.368897
713,0.883793,3.501376
714,0.634934,-0.815625
715,0.378285,-0.015269
716,-1.718086,0.447892
717,-1.810590,0.838004
718,-0.635544,-0.659192
719,-0.068483,0.824226
720,-0.089130,1.614042
721,0.412361,-0.112065
722,-2.256160,1.243759
723,2.002600,-0.586196
724,-3.666202,0.518107
725,-0.054915,1.151889
726,-1.170848,-0.944108
727,-1.574901,0.617472
728,-0.422242,-0.307996
729,0.929085,-0.516825
730,0.748615,0.287444
731,-0.770355,0.906073
732,2.413003,-0.569140
733,0.798654,-0.492715
734,1.873762,-0.465765
735,0.026021,-0.748713
736,-0.594991,-0.338524
737,0.947477,1.024885
738,-0.866533,-0.678882
739,0.619460,0.776246
740,1.748504,-0.293632
741,-2.225994,0.668443
742,-1.203343,-1.907768
743,-3.194884,-1.697066
744,-0.350374,-0.513871
745,0.220090,0.357354
746,0.487255,-0.422549
747,-0.946919,0.015029
748,0.987986,-0.742993
749,-1.191249,-0.776780
750,1.481244,0.357166
751,-1.831922,1.216827
752,0.746583,-0.246649
753,2.715958,-1.175614
754,1.907027,-0.921660
755,1.945480,-0.936233
756,1.211407,-1.271310
757,0.975523,-1.024482
758,0.571477,-0.832298
759,-0.565236,0.943210
760,0.222968,0.881259
761,0.540548,-0.814382
762,1.362994,-1.422688
763,1.860452,-0.497711
764,1.574099,-1.055979
765,1.243468,-1.387850
766,0.285740,-1.509729
767,2.715380,-1.256590
768,1.058597,-1.722820
769,-0.832778,-0.884100
770,0.934984,-0.319794
771,0.518397,-0.123781
772,2.185941,-1.439733
773,0.684198,-0.615982
774,-0.238787,-1.437944
775,0.160291,-0.152355
776,2.188939,-0.879576
777,0.507125,-0.528148
778,0.435896,-0.499948
779,1.653408,-0.362032
780,-0.475031,-2.213665
781,1.569800,-1.045041
782,-0.371461,-0.804398
783,0.809859,-0.791884
784,0.729866,-1.024549
785,1.338148,-0.998863
786,0.109176,-0.252820
787,1.207409,-0.925577
788,0.979409,0.446357
789,2.171888,-0.835599
790,0.693091,0.566409
791,1.171048,-0.143035
792,0.413768,-0.883382
793,2.289072,-0.673804
794,0.746439,-0.277334
795,0.474545,-0.938101
796,-1.673543,-1.538819
797,-0.961897,-1.705991
798,-0.080758,-1.390120
799,-0.125039,-0.979658
800,0.546974,0.526755
801,0.066677,0.045883
802,0.026101,-0.812922
803,1.093551,-1.228077
804,-0.515266,-0.119286
805,-0.212463,-0.688311
806,-0.624172,-1.197104
807,-0.570529,-0.548153
808,2.044570,-0.793970
809,-1.484935,-0.398853
810,0.357746,-1.117113
811,1.611845,-0.517379
812,0.348251,-0.897928
813,1.283995,-0.646483
814,0.094840,-0.287681
815,-0.555305,-1.298536
816,-1.375955,-0.286679
817,0.051224,-0.655286
818,0.653772,0.653035
819,-1.821384,0.460526
820,-0.938766,0.067081
821,0.409584,-0.072656
822,-2.075517,-0.064415
823,-0.009948,0.706400
824,0.360465,0.366305
825,-0.854561,-1.365491
826,-0.273603,-0.291801
827,0.067382,-1.457032
828,0.059306,-1.516321
829,0.559620,-1.585468
830,-1.121053,-1.184462
831,0.710462,-1.948727
832,-0.166219,-1.950770
833,-0.536123,0.339233
834,0.204919,-0.371626
835,0.622958,-1.664288
836,0.134347,-1.141777
837,-1.451156,-1.457878
838,-1.301426,2.165355
839,-1.942597,-1.974787
840,-0.533685,-1.166505
841,-0.004282,-1.693691
842,-0.604387,-1.861896
843,-2.115423,-2.198914
844,-0.879412,-1.940458
845,-0.725635,-0.997127
846,-0.299401,-1.282129
847,0.202766,1.894897
848,-1.114069,-1.001310
849,1.579988,0.247126
850,-0.265294,-1.203745
851,-0.139664,-2.222355
852,0.585054,-1.458930
853,-0.980493,-1.798181
854,1.209973,-1.073753
855,-0.120518,-1.748715
856,-2.024692,-3.530938
857,-0.736725,-0.724587
858,-0.942174,-2.457038
859,-0.335594,-2.035022
860,1.840281,-1.363720
861,1.894187,-1.173972
862,0.728385,-1.297854
863,-2.649769,-0.260024
864,-0.828357,-0.777997
865,-1.036814,-0.528199
866,0.656695,-1.015878
867,-1.869202,-0.917139
868,-1.605070,-0.758565
869,-1.866679,-1.683811
870,-1.693576,0.854840
871,-2.740390,1.231510
872,-0.191157,-0.410821
873,-0.207230,1.370426
874,-0.610183,-1.693999
875,-0.464760,1.039202
876,2.109394,-0.468246
877,-0.372690,-1.506197
878,-0.038676,-1.724045
879,1.325263,-0.471260
880,0.616350,-2.198552
881,-1.771206,-1.545600
882,-1.509141,-0.912269
883,-2.489703,-1.450187
884,-1.526392,0.718615
885,-1.208132,-0.644051
886,-0.333203,-0.608024
887,-1.530712,0.828361
888,-1.209634,0.379917
889,1.678752,0.114766
890,1.342940,0.588477
891,-1.116805,-1.169524
892,1.396830,0.048724
893,-0.929670,-0.359924
894,-0.997444,-1.423998
895,-1.020254,-0.637326
896,0.523159,0.820257
897,-0.497075,-0.344448
898,0.079837,-0.119562
899,-0.060018,-0.265357
900,-0.647012,0.828951
901,0.858165,0.477719
902,-1.341139,0.177520
903,-0.003896,-2.266023
904,-1.977411,-0.066761
905,1.144538,-0.419585
906,-2.618245,-0.181688
907,-1.309415,0.213414
908,-0.014033,-0.131973
909,1.351860,-0.972832
910,-0.401077,0.432921
911,-1.308772,-0.801648
912,0.882162,-0.440883
913,-0.689272,1.616310
914,0.873707,0.592636
915,-1.938377,-1.437001
916,1.233329,-1.030063
917,-3.378070,-0.387994
918,-2.963303,0.219407
919,0.736644,-0.486238
920,-0.668499,-1.307326
921,2.237047,0.357646
922,1.136465,0.486400
923,-0.611128,0.289976
924,-0.633570,0.567267
925,0.945390,-0.014446
926,0.215239,0.281402
927,-2.496020,0.337559
928,-0.826081,-0.714631
929,1.199487,0.174160
930,-0.760436,1.162360
931,0.774403,0.970196
932,0.781995,-0.985456
933,-1.540414,-1.281027
934,-1.548481,0.088062
935,-1.008968,-0.991956
936,-0.988870,-1.139534
937,-1.053252,-1.289861
938,-2.531261,-1.791933
939,-2.701862,0.416241
940,1.643590,-0.494206
941,-0.847768,-1.312077
942,0.454371,-1.304155
943,0.126284,-1.488719
944,-2.417918,0.589892
945,2.572384,-1.285231
946,-0.256727,-0.454116
947,-2.105677,-2.441743
948,-0.491955,-0.301914
949,-1.752496,-0.032359
950,0.310953,-0.166060
951,-2.806097,0.305933
952,0.997647,1.206989
953,1.499465,-1.730680
954,-0.934676,-0.854048
955,0.927110,-1.242770
956,0.250893,-0.764302
957,-0.680489,-0.877851
958,0.285953,-1.772793
959,-2.267303,0.119426
960,-0.615623,-0.631714
961,0.409420,-1.059684
962,0.929361,-1.834915
963,0.480857,-0.847586
964,0.356045,0.412477
965,-0.655948,0.440042
966,-0.492888,-1.001847
967,-0.363978,-0.059607
968,-0.874459,-0.533381
969,0.171567,-1.241659
970,-1.016756,1.012431
971,0.214830,-0.174601
972,-1.347557,-0.087739
973,0.312246,0.593584
974,-1.463871,-1.319556
975,-2.149566,-0.423679
976,-1.333610,-0.622587
977,0.378425,-0.417512
978,-0.458362,3.500147
979,0.975948,-0.039086
980,-0.576488,-0.368878
981,0.355499,-0.398059
982,0.711783,-0.088489
983,2.202074,-1.819994
984,-0.907310,-1.538537
985,-1.110388,-1.380605
986,-1.526468,-1.434794
987,-2.621348,0.100016
988,0.983908,-0.229695
989,-1.170154,-1.132774
990,0.927789,0.086905
991,0.665487,1.615129
992,-0.843028,1.795807
993,-0.049799,-1.216944
994,0.726242,-1.513391
995,0.799795,0.951550
996,-0.947632,-1.030083
997,-1.210530,0.717650
998,-1.769959,-0.995040
999,-0.174069,-0.103445
1000,-0.674435,-0.616225
1001,0.618630,-0.291260
1002,0.388378,-0.549781
1003,0.315550,-0.625119
1004,0.275098,-1.596091
1005,-0.465670,0.399143
1006,-0.184248,-0.920620
1007,1.220107,-0.960377
1008,0.301991,-0.735893
1009,0.339312,-1.085430
1010,0.451972,0.756176
1011,0.561866,-0.400582
1012,-1.048421,0.918651
1013,0.769871,-0.472123
1014,-0.321478,0.595951
1015,-1.141215,0.133047
1016,0.035930,-0.168345
1017,-0.995081,-1.291427
1018,1.148507,-0.476805
1019,-0.765163,-0.091890
1020,-0.390554,-0.715576
1021,-0.266165,-0.418183
1022,0.303599,-1.134856
1023,0.980315,0.057121
1024,1.816005,-0.539050
1025,-2.780431,0.066723
1026,-1.444558,1.129256
1027,-1.066371,-0.158558
1028,-1.650630,0.239023
1029,-1.795525,-0.837978
1030,-0.404377,0.035004
1031,-0.756607,0.709097
1032,-2.725681,-0.350708
1033,-0.120462,0.077772
1034,0.484927,-0.938912
1035,0.857407,-1.375905
1036,-0.641392,-0.301332
1037,0.183024,-1.083786
1038,0.508463,-0.434332
1039,-1.159951,2.536332
1040,0.891146,-1.041422
1041,0.353068,0.069050
1042,0.087167,-0.192421
1043,-0.904224,-1.085458
1044,0.800469,0.452168
1045,1.401391,-0.351928
1046,-0.228629,0.078687
1047,0.395835,-0.906384
1048,-0.065782,-0.188522
1049,0.821019,-0.305993
1050,0.622526,-0.578198
1051,-0.812832,1.925270
1052,-1.989152,-0.163010
1053,0.608520,1.260554
1054,0.650096,1.840218
1055,-0.831337,0.310258
1056,-0.945507,-1.655452
1057,0.144299,-0.489509
1058,0.347988,-0.800368
1059,1.136036,-0.145948
1060,-0.084262,0.443578
1061,1.746397,-0.373157
1062,-0.121846,-0.444964
1063,0.320110,-0.801594
1064,1.734981,-0.179752
1065,1.316241,-0.534186
1066,1.147154,0.708786
1067,-1.251760,1.243906
1068,-0.853094,-0.764556
1069,-1.328214,-0.925289
1070,-1.224130,-1.050026
1071,0.448091,-1.059440
1072,0.438057,-1.492474
1073,-0.916822,-0.514234
1074,0.319034,-0.648247
1075,0.925373,-0.875893
1076,0.774992,-0.845318
1077,1.439324,-0.216085
1078,0.337642,0.317391
1079,-1.065283,-0.024517
1080,0.963229,1.102622
1081,-1.294780,-0.451093
1082,0.185669,1.317201
1083,0.442661,0.710932
1084,-0.626774,-1.460014
1085,-0.406530,0.831814
1086,-0.638944,0.156452
1087,-0.257511,-0.463669
1088,-0.532152,0.218340
1089,0.999708,-0.275325
1090,1.048244,-0.285992
1091,0.413617,1.386734
1092,-0.023423,-0.638851
1093,0.516926,-0.891208
1094,0.751995,-0.617179
1095,0.351857,-0.921060
1096,-3.504921,-1.078506
1097,-1.546360,-0.165557
1098,0.285200,1.689823
1099,-1.104052,0.063811
1100,-1.434642,-0.451446
1101,-0.518413,-0.196903
1102,-0.572251,-0.038372
1103,-0.286396,-0.771898
1104,0.028613,-0.893862
1105,-0.412712,-0.872772
1106,-1.218385,-0.693029
1107,-0.342221,-0.897816
1108,0.520482,0.761085
1109,-1.090234,0.021527
1110,0.881458,0.042367
1111,-0.875695,-0.186549
1112,-1.336887,0.664068
1113,-0.163247,-0.399668
1114,0.297431,-0.923551
1115,0.779290,-0.913322
1116,2.347373,-0.231290
1117,0.327860,0.822926
1118,1.339805,-0.111138
1119,2.549021,-1.426966
1120,0.789195,0.249518
1121,-3.926506,1.545272
1122,0.260362,-0.091505
1123,0.796026,1.912049
1124,0.814124,0.885782
1125,-1.957097,2.677664
1126,0.280418,1.861165
1127,-0.905259,-0.836313
1128,0.916559,0.256726
1129,0.998194,1.213661
1130,-0.086399,0.632722
1131,-0.338698,2.085738
1132,-0.636851,1.056704
1133,-1.688355,0.618291
1134,-0.015959,0.553543
1135,-0.578455,3.312760
1136,-1.209133,1.927460
1137,0.594581,2.202259
1138,-0.948741,0.164689
1139,-1.506413,0.267452
1140,1.335213,-0.232937
1141,0.374235,-0.506402
1142,-0.133265,-0.351066
1143,0.400638,-0.989346
1144,0.117697,0.302434
1145,-0.925749,-1.373091
1146,0.575369,-0.627765
1147,0.755555,1.097301
1148,0.575767,-0.356966
1149,0.793488,-0.024092
1150,1.070263,0.966202
1151,-1.441555,-0.621313
1152,-2.425323,-0.894846
1153,0.075279,0.862033
1154,0.455449,2.373316
1155,0.875565,-0.526099
1156,0.365455,1.632326
1157,-1.584028,-0.004079
1158,-1.791052,0.406459
1159,-0.083682,0.671685
1160,-0.100157,-0.594079
1161,-0.072588,-0.026917
1162,2.084356,-0.556954
1163,0.113217,-0.774374
1164,-0.694374,-1.638440
1165,-1.976016,-1.746362
1166,1.622097,-0.577898
1167,0.978546,0.609591
1168,1.732259,-0.146551
1169,1.249014,-0.147435
1170,-1.361342,0.178405
1171,-0.216093,0.251108
1172,0.497433,0.224400
1173,0.623073,-1.915130
1174,-3.043167,-1.443223
1175,1.663266,-0.986459
1176,0.321282,-0.090067
1177,-1.655461,-0.773613
1178,-0.768699,-0.174472
1179,-2.330226,-0.368693
1180,1.430295,0.056435
1181,-1.100312,0.240749
1182,0.924834,0.122165
1183,-1.115927,-1.571055
1184,-0.194352,-0.318824
1185,1.793093,-0.326443
1186,-0.147128,0.560430
1187,-1.574383,0.300022
1188,0.220898,0.521391
1189,-0.307642,1.446457
1190,-2.177222,-0.531681
1191,0.618634,-0.593718
1192,-0.722396,1.034517
1193,1.685393,-0.098016
1194,0.714207,-0.915139
1195,0.190853,-0.098341
1196,1.405568,0.122716
1197,0.537221,-0.680384
1198,-0.963598,-0.713779
1199,0.079154,-0.250240
1200,-0.443537,0.627109
1201,-1.170103,0.212641
1202,-0.951592,0.086999
1203,-1.088020,-0.078026
1204,0.789503,0.073990
1205,-2.101184,-0.143922
1206,0.729135,-1.256734
1207,-1.897977,-1.191418
1208,0.193821,0.920981
1209,-1.590471,-0.579331
1210,-0.106370,-1.146576
1211,1.461987,-0.035619
1212,-1.434331,-0.337274
1213,-0.684511,-1.469435
1214,-0.846121,-0.349331
1215,-1.494997,0.934731
1216,-0.898681,-1.912541
1217,-0.056074,-0.937337
1218,-3.825356,0.735793
1219,-0.412423,-0.464435
1220,-0.882541,-0.626538
1221,-0.689616,-0.639199
1222,0.082306,0.733138
1223,-0.906952,-1.156276
1224,-0.473717,-0.140356
1225,1.379296,-0.864751
1226,-0.949048,-0.466240
1227,0.466993,-1.825271
1228,0.908541,-0.729061
1229,-0.714966,0.705742
1230,-0.206186,-1.960640
1231,-0.019538,-0.723840
1232,0.484191,-0.045279
1233,-4.917928,-2.575306
1234,-0.920331,-0.270150
1235,-0.832497,0.274929
1236,-1.106499,-0.394643
1237,-0.170560,0.591799
1238,-1.267564,-1.134532
1239,-1.354480,-1.366232
1240,-3.121246,-1.492562
1241,-0.103169,-1.247371
1242,0.919284,-1.139738
1243,-2.349075,-0.109684
1244,0.271256,-1.800362
1245,-0.126032,-1.143023
1246,0.281552,0.376180
1247,-0.591132,0.914151
1248,1.091616,-0.170082
1249,1.433361,0.295747
1250,-1.515237,0.838649
1251,-0.469784,0.563479
1252,-1.919634,-1.802036
1253,0.375405,-0.162087
1254,0.819453,0.574300
1255,-2.059135,0.899726
1256,-0.657778,-0.367509
1257,-1.245335,0.667119
1258,0.908108,-1.077752
1259,0.163613,0.271754
1260,0.420138,0.423049
1261,-0.513849,1.263648
1262,0.540875,1.406027
1263,0.470430,1.585985
1264,1.889026,0.717920
1265,0.269549,0.540026
1266,0.617959,-0.010628
1267,-0.163427,0.565187
1268,1.493161,0.545533
1269,0.518762,0.139075
1270,0.935238,0.681131
1271,0.545638,1.267358
1272,1.078510,0.972520
1273,-0.263697,-0.299464
1274,0.355318,0.166772
1275,-2.277814,0.105166
1276,-0.032633,-0.187903
1277,1.778217,-0.269621
1278,1.047278,-0.161466
1279,0.795427,-0.134859
1280,0.109894,1.342251
1281,-0.993650,0.739802
1282,-0.788896,0.205099
1283,-2.244279,-1.633002
1284,1.439688,-0.482981
1285,-0.206528,1.124198
1286,-0.545690,0.111435
1287,-2.136150,-1.583658
1288,-3.154706,2.231918
1289,-2.437620,0.242224
1290,-0.411950,2.155126
1291,1.227241,2.028280
1292,-1.319223,2.701531
1293,-0.146221,0.664929
1294,-0.369813,-0.272539
1295,-1.305137,-1.806802
1296,-2.348017,1.016824
1297,0.046970,-0.708629
1298,-3.567566,-0.606766
1299,-0.102229,-0.540405
1300,-1.137392,0.144034
1301,0.904106,0.962119
1302,1.120635,-0.916800
1303,2.104774,0.770588
1304,0.228187,0.323280
1305,1.450998,-0.482035
1306,0.731940,-0.282080
1307,-1.087624,-1.537414
1308,0.968313,-0.028387
1309,-0.073415,2.007077
1310,0.557385,1.392589
1311,-1.031566,-0.589142
1312,0.393824,-1.396558
1313,-0.682686,1.853544
1314,1.295791,-1.074315
1315,0.232210,-0.126628
1316,-1.398739,-0.361453
1317,-1.227287,-0.624084
1318,1.596483,-0.803025
1319,-1.444124,0.649805
1320,1.151785,0.143714
1321,0.629783,-1.143158
1322,0.425970,-0.757838
1323,-0.831430,-1.536185
1324,-1.495083,-0.492984
1325,-0.872532,-0.612051
1326,0.360822,-1.066848
1327,0.567719,-1.042643
1328,2.433547,1.248148
1329,0.176110,0.568152
1330,-0.959957,0.512673
1331,-1.058888,0.599802
1332,0.509037,-0.019839
1333,0.887769,-0.011193
1334,-0.976842,-0.812071
1335,-4.293617,-4.857006
1336,-0.485007,1.430428
1337,-1.972370,-1.011367
1338,-2.476387,-1.086851
1339,0.407511,1.093856
1340,-1.774000,0.968074
1341,-0.165444,0.703028
1342,0.381115,-0.952463
1343,-2.269718,-0.553621
1344,0.627277,-0.123356
1345,-3.405179,2.016529
1346,-1.693942,1.074567
1347,-0.580898,-0.534100
1348,-0.196151,1.683092
1349,-1.541444,-1.622898
1350,-0.474204,-1.195383
1351,0.939752,-0.881282
1352,0.508178,-1.665403
1353,0.347093,-0.874794
1354,0.493172,-0.838732
1355,-1.184533,-1.083281
1356,1.194899,-0.330673
1357,-1.612078,-1.822323
1358,0.232704,-1.366939
1359,0.659173,-0.767994
1360,0.934911,-0.813990
1361,-1.583903,-2.374388
1362,-4.177048,2.548899
1363,-0.652295,-1.729512
1364,-0.608450,-0.145645
1365,1.300110,-1.108250
1366,-0.448059,-0.384629
1367,-1.189699,0.221138
1368,-1.883055,0.073812
1369,1.569197,-0.091230
1370,0.441357,-0.202393
1371,0.122424,-0.046112
1372,-0.343932,2.028683
1373,-2.210121,-0.327790
1374,-0.997939,-0.486193
1375,0.616414,-0.670549
1376,0.433321,-1.124158
1377,-1.858672,-0.374336
1378,-0.668131,-0.215292
1379,0.179846,1.782490
1380,-1.892517,0.641375
1381,-0.203941,0.999571
1382,-0.663107,0.205939
1383,-1.029372,0.189472
1384,1.129025,-0.236986
1385,0.067556,-0.799302
1386,-0.412443,-0.866695
1387,-0.057753,-0.734694
1388,0.807225,-0.007072
1389,-0.331084,0.655186
1390,-0.410311,-0.603059
1391,-1.041319,0.080083
1392,0.830512,0.680616
1393,-0.943308,-0.572392
1394,-1.886134,0.798353
1395,-0.245668,1.670842
1396,1.465306,-0.333772
1397,0.562116,0.643080
1398,-0.274327,0.034500
1399,-0.268393,0.745162
1400,0.898786,-0.077435
1401,-1.757468,-0.201273
1402,-0.726752,-0.477278
1403,0.423345,-1.031649
1404,0.992965,-1.056066
1405,-0.337960,0.065551
1406,0.906340,0.518499
1407,-1.439934,0.120552
1408,1.093312,-0.457695
1409,-0.182434,-0.770523
1410,-1.272655,0.179484
1411,-2.042027,0.013112
1412,0.026489,-0.986841
1413,-0.255549,-1.177253
1414,-0.481245,0.214096
1415,0.098851,-1.491818
1416,0.091637,-0.576985
1417,-0.380089,-0.461417
1418,-0.115434,1.462858
1419,1.369802,-0.279078
1420,0.314798,-0.626258
1421,1.706509,-0.417224
1422,-0.081810,-1.101842
1423,0.906475,-0.335471
1424,-2.588921,-0.208810
1425,-2.445162,-1.771408
1426,-0.728021,0.349884
1427,-1.494315,-0.322716
1428,-0.472450,-0.151014
1429,-0.873011,-0.029965
1430,0.871750,-0.401668
1431,0.795602,-0.558818
1432,-0.299465,0.144287
1433,1.416779,0.130672
1434,-0.829446,0.337602
1435,1.614613,0.826348
1436,-0.877582,0.527208
1437,1.106528,-0.283320
1438,-3.085456,-0.041665
1439,-0.975269,0.728124
1440,0.082869,0.040259
1441,0.341530,-1.141529
1442,0.599358,-0.496285
1443,0.573404,0.112362
1444,1.223942,0.057710
1445,-0.280117,0.561946
1446,-0.419736,-0.562350
1447,-2.135059,-0.640251
1448,-0.244195,-0.362565
1449,-0.157202,0.769886
1450,-0.984197,-0.225327
1451,0.308608,0.970867
1452,1.033225,0.088018
1453,-0.645268,0.069671
1454,0.952265,-1.547771
1455,-1.839020,-0.700276
1456,-0.390178,-0.368776
1457,-0.479592,1.503538
1458,1.268038,-0.811140
1459,-1.072057,-0.063546
1460,1.430732,-0.904712
1461,0.354209,-0.496955
1462,-1.015920,-0.964813
1463,-0.358669,-1.091460
1464,-0.174827,0.680641
1465,-0.046049,-0.599780
1466,0.210753,-0.994341
1467,-0.541945,1.055305
1468,-1.716984,-0.786607
1469,-1.063723,-0.924643
1470,-1.293026,0.926211
1471,-0.584562,1.322415
1472,0.737578,2.046699
1473,1.640244,0.962651
1474,-1.824847,0.012008
1475,0.348488,2.239460
1476,-0.136314,1.499134
1477,0.969199,3.510505
1478,2.281774,0.398474
1479,-0.142910,1.683921
1480,1.345556,3.629616
1481,-1.380146,0.434594
1482,-0.630154,1.481007
1483,-0.755796,2.812451
1484,0.625811,0.339062
1485,-2.378351,0.163541
1486,-1.423942,-0.121182
1487,1.334637,0.890734
1488,2.753997,0.259119
1489,0.773976,0.109984
1490,-1.332639,1.691615
1491,-1.491129,1.849129
1492,0.496368,-0.053053
1493,-1.749739,1.087611
1494,0.018397,0.441226
1495,-1.052438,-1.251000
1496,1.355361,0.097798
1497,0.760999,1.042700
1498,0.032365,-0.414835
1499,2.259225,0.867161
1500,2.014374,-1.387592
1501,0.694592,-0.088958
1502,-0.770553,0.985592
1503,0.232784,0.703061
1504,-2.662306,1.584591
1505,0.977808,0.798335
1506,1.168905,-0.117534
1507,-1.454151,-2.027310
1508,-0.629716,0.133206
1509,1.563826,0.591454
1510,1.594107,0.683209
1511,0.429489,0.564658
1512,1.482492,0.837956
1513,0.278916,-0.790236
1514,-0.391263,3.616808
1515,-0.045190,0.815217
1516,1.832314,0.481519
1517,0.754154,2.110208
1518,-0.455970,-0.137204
1519,1.448615,0.829490
1520,-2.504673,0.345483
1521,-1.088473,2.594787
1522,0.099815,3.948598
1523,1.391499,0.489032
1524,1.409273,-0.053478
1525,-2.015810,1.378746
1526,-0.627046,0.616158
1527,-0.161890,0.111146
1528,-1.083730,0.323522
1529,0.337857,0.734154
1530,-0.116885,-0.631153
1531,-0.888895,1.131639
1532,0.628920,1.572252
1533,0.653878,0.881688
1534,-0.369111,0.283273
1535,0.757960,0.285590
1536,-2.091195,0.410090
1537,-0.198853,0.204638
1538,0.165087,0.679352
1539,0.389301,-0.170802
1540,-0.715770,-1.230424
1541,0.782169,1.255879
1542,-0.927867,-0.539404
1543,-1.140951,0.826609
1544,0.961916,1.756850
1545,-1.711388,0.535122
1546,0.928778,-0.599324
1547,0.182264,0.774308
1548,1.255226,0.291505
1549,-1.210657,0.522211
1550,0.973771,1.448706
1551,1.036777,1.118539
1552,0.093621,2.247114
1553,-0.077554,1.854681
1554,-0.938794,1.726226
1555,-1.204350,1.168072
1556,1.162351,-1.595780
1557,-1.016559,-1.738620
1558,1.136241,-1.268567
1559,0.939796,0.547874
1560,-0.771215,-0.121036
1561,-3.004234,0.616426
1562,-0.366341,0.558213
1563,-1.375498,0.569069
1564,2.131623,-0.053713
1565,-3.436498,-1.739425
1566,0.449350,-0.405050
1567,0.768300,0.966968
1568,0.633129,-0.317779
1569,-0.442336,-0.388632
1570,0.390321,-1.162253
1571,0.572301,-0.421635
1572,-0.039102,-0.801167
1573,1.498315,-0.606238
1574,-1.654880,0.619151
1575,0.708701,2.906978
1576,0.712278,1.769978
1577,-0.580527,0.171850
1578,-3.933984,-5.760004
1579,2.440134,0.753246
1580,-0.579722,-0.004995
1581,2.150272,1.751404
1582,-1.303161,0.548042
1583,-0.951634,-0.847279
1584,-1.342347,-0.027261
1585,-1.479460,-1.364484
1586,-0.994443,-1.791342
1587,-1.061612,1.250624
1588,1.151819,0.431381
1589,-0.680508,-0.886243
1590,0.879380,0.118867
1591,-1.767476,0.389139
1592,0.162431,2.744070
1593,-2.647248,-0.034079
1594,0.880709,1.734462
1595,1.297169,2.591721
1596,1.908010,0.149698
1597,-2.554493,1.216263
1598,-3.190743,1.867015
1599,-1.679422,0.930816
1600,-0.744298,-1.203902
1601,-0.622826,-0.489861
1602,-1.109137,1.612194
1603,-1.360967,1.046272
1604,-0.156965,-0.307752
1605,2.270375,-0.314172
1606,0.380328,-1.228343
1607,-1.040446,-0.127348
1608,-1.570915,1.340871
1609,-0.017795,1.623424
1610,0.363510,1.303054
1611,1.152653,1.426922
1612,1.904779,0.991678
1613,-0.220809,0.137138
1614,1.661405,-0.003332
1615,1.378895,-1.440445
1616,-2.669646,1.722893
1617,1.632611,2.167793
1618,2.475857,1.219749
1619,-0.484192,0.148243
1620,0.169429,0.055001
1621,0.620495,0.044363
1622,2.267460,0.358527
1623,1.282374,3.411156
1624,-0.653453,1.051128
1625,-0.130541,0.534572
1626,-0.768914,0.120943
1627,1.009817,0.269605
1628,0.876342,-0.486142
1629,-0.021515,-0.260509
1630,0.426173,1.525610
1631,2.499082,1.001483
1632,0.611361,0.781002
1633,-0.419176,1.848477
1634,-0.385959,-0.184951
1635,-1.298542,-0.369477
1636,-1.096894,-0.002309
1637,-0.527552,-0.125727
1638,0.114399,0.538510
1639,-2.032025,0.871934
1640,0.817714,0.336209
1641,-0.301146,1.298393
1642,-0.811890,1.691963
1643,1.888837,0.527593
1644,1.380244,1.856587
1645,-0.158454,1.013895
1646,-2.262651,2.314276
1647,1.805765,1.058897
1648,2.572319,0.906054
1649,0.869271,1.257054
1650,-1.046697,0.264239
1651,-1.578632,0.254560
1652,-0.840774,0.233015
1653,1.805060,0.938722
1654,-2.218533,-3.017004
1655,1.551424,1.125599
1656,-0.126700,1.337825
1657,1.642562,1.463916
1658,-0.560623,0.179359
1659,0.552586,1.892288
1660,1.509677,1.379563
1661,1.241582,0.433535
1662,-1.875301,-0.100897
1663,-0.389375,2.616918
1664,0.588596,3.612527
1665,-0.618791,1.172279
1666,1.306832,-0.020245
1667,-1.132081,0.605632
1668,1.324499,-0.953281
1669,-0.809907,0.861441
1670,-1.149053,0.922256
1671,0.521584,-0.473152
1672,0.679955,1.222545
1673,0.544850,0.572944
1674,-2.899245,0.557749
1675,1.329879,1.318237
1676,-1.749330,-0.569371
1677,-0.959524,1.125895
1678,-0.172526,1.064842
1679,-0.432285,0.186572
1680,-1.388629,1.290771
1681,1.145053,0.165282
1682,-0.431405,0.310640
1683,-0.778233,0.215140
1684,0.128928,0.006581
1685,-0.014643,-0.062173
1686,-0.185602,1.902425
1687,0.423210,-0.159086
1688,-2.354186,0.818577
1689,-1.827320,-2.192385
1690,-1.946795,1.202613
1691,-1.861260,1.285160
1692,-2.294956,1.670723
1693,-1.956838,0.288113
1694,1.363106,-0.871403
1695,0.450497,0.459742
1696,1.744246,0.126047
1697,0.531606,-0.355898
1698,-1.715300,0.531762
1699,1.603622,0.072416
1700,1.975986,0.804084
1701,-0.315228,-0.627732
1702,0.694532,-0.388911
1703,0.242114,-0.198353
1704,-1.004486,1.590357
1705,1.066081,-0.245002
1706,-1.471758,1.683132
1707,1.443940,1.622721
1708,0.163511,4.847068
1709,-0.460766,3.051149
1710,1.398450,3.479080
1711,-0.588523,1.317817
1712,1.075795,3.947468
1713,-1.236327,1.132763
1714,-1.326475,0.396544
1715,2.069457,-0.272440
1716,0.780557,-0.536567
1717,0.334932,2.585870
1718,-2.387114,-1.376787
1719,-0.890378,0.004519
1720,1.103478,0.525088
1721,-0.207841,1.299413
1722,0.906835,2.926471
1723,-0.398181,-0.505775
1724,-0.271631,-1.021235
1725,-1.857728,0.274966
1726,-0.286274,0.211963
1727,-1.042718,0.782521
1728,0.334643,-0.888941
1729,0.350816,-0.017141
1730,1.657461,1.874365
1731,0.963961,0.473244
1732,1.016329,-0.700807
1733,0.994451,2.934216
1734,0.632452,1.775282
1735,-0.609281,2.086183
1736,1.366873,-0.014043
1737,0.733016,-0.493116
1738,-0.926168,-0.114016
1739,-0.588279,-0.302919
1740,1.097325,-0.976116
1741,-2.049163,0.865982
1742,0.432749,-0.501222
1743,1.734904,1.489554
1744,2.385289,0.999841
1745,-1.177081,-0.426533
1746,-0.082454,-0.217209
1747,0.095417,-0.245801
1748,0.129474,-1.431021
1749,2.879788,0.234691
1750,-0.271241,1.359675
1751,1.120576,0.663217
1752,-0.485462,0.537856
1753,0.332503,0.676617
1754,-1.573324,2.882997
1755,-0.857361,3.043988
1756,-0.434143,1.129190
1757,0.451699,-0.226927
1758,1.666056,0.578298
1759,-1.228221,0.419860
1760,-0.234008,0.242058
1761,0.534495,2.054426
1762,-0.407107,0.878441
1763,-0.987428,0.289803
1764,-1.173460,0.425893
1765,-0.247917,0.735781
1766,0.830080,-0.201722
1767,0.860332,0.343267
1768,-0.063509,0.416307
1769,-1.028404,-0.216021
1770,-0.388029,-0.434962
1771,0.304604,-0.361868
1772,0.812257,-0.270524
1773,1.478138,-0.380138
1774,1.132740,-0.054418
1775,2.073719,0.117390
1776,0.772387,-0.525312
1777,0.446895,-1.074048
1778,0.204999,1.398348
1779,-3.140233,-1.436170
1780,-1.436335,-1.290314
1781,3.033396,-0.152517
1782,-0.546224,1.531303
1783,-0.015464,-1.401150
1784,-0.163329,0.938166
1785,2.033918,0.377047
1786,0.245870,-0.797672
1787,0.486861,2.296384
1788,0.276644,2.235676
1789,-0.578455,1.700336
1790,0.042851,0.410888
1791,1.752481,0.661170
1792,-2.638363,1.773151
1793,1.147713,-0.669072
1794,1.455173,-0.626759
1795,1.144467,0.055619
1796,-0.200053,-1.263581
1797,0.575376,-0.904230
1798,-0.622943,0.876597
1799,0.179541,-0.274358
1800,-0.211593,0.432797
1801,1.983353,-0.685962
1802,-2.853527,1.212104
1803,1.014542,-0.396409
1804,0.989462,-1.186155
1805,0.923403,-0.421540
1806,-2.114334,0.970544
1807,-0.286497,0.976237
1808,0.631061,-0.516297
1809,-0.741342,-1.699819
1810,2.300133,0.007760
1811,1.925278,-0.673114
1812,0.799178,0.347744
1813,1.167514,-0.072015
1814,0.402549,-0.174056
1815,0.694255,-0.885455
1816,-2.140954,-1.409889
1817,0.768891,-0.669446
1818,-0.719513,-0.444439
1819,-0.032364,-0.477157
1820,0.731964,-0.710170
1821,1.468432,2.158300
1822,-0.443023,0.607165
1823,1.578182,-0.990823
1824,2.610317,-0.877689
1825,1.723667,-0.689478
1826,1.256401,-0.167079
1827,-1.671048,0.328233
1828,2.042723,-1.143384
1829,-0.315462,-0.179413
1830,-0.705122,0.308180
1831,-1.148629,-1.125910
1832,-2.211736,-0.378258
1833,-0.814540,0.739421
1834,1.283794,-0.323644
1835,1.341976,-0.751103
1836,0.939058,-0.738936
1837,-1.414935,-1.297311
1838,1.623331,-0.633333
1839,0.056463,-1.353434
1840,1.837093,-0.999373
1841,1.622238,-0.721468
1842,1.758423,-0.992211
1843,-0.306415,-0.110746
1844,0.738416,-1.197785
1845,-3.159252,-2.260234
1846,-1.891067,-0.220067
1847,0.672779,0.371873
1848,1.523732,-0.082602
1849,-3.293846,-0.530426
1850,-0.554097,-0.119940
1851,-0.906350,-0.498207
1852,0.497325,1.295116
1853,-1.343683,0.305055
1854,1.574770,1.366261
1855,-1.432635,1.252039
1856,-0.647253,-0.345046
1857,1.096900,-0.395414
1858,1.134714,0.033871
1859,1.961685,-0.346373
1860,-0.590878,0.604227
1861,-3.091490,-0.819450
1862,-0.532116,1.079074
1863,-1.309123,-1.420766
1864,1.704843,-0.289616
1865,-0.274896,1.350120
1866,0.718260,0.210556
1867,-3.889422,0.152451
1868,-0.290849,-0.495204
1869,-3.256446,-3.482417
1870,-0.984152,0.710219
1871,0.588562,-0.346572
1872,1.211793,-0.903745
1873,2.825603,-0.184221
1874,0.014030,-1.135976
1875,-0.255109,-0.266007
1876,0.351342,-1.036462
1877,-0.609882,0.595132
1878,0.259535,0.666571
1879,-2.094813,-1.222586
1880,-3.314307,0.078871
1881,0.347213,-0.848911
1882,0.434260,0.090661
1883,-0.129630,-1.080140
1884,0.687899,0.751859
1885,-2.406006,-0.269826
1886,1.198776,-0.383112
1887,-1.143442,0.570065
1888,-0.410431,-1.234641
1889,0.146849,2.087195
1890,0.315559,-0.127581
1891,0.582739,1.116142
1892,0.983944,0.237913
1893,2.645586,0.172274
1894,1.509329,-0.727747
1895,1.448500,-0.699650
1896,-1.303870,-0.121934
1897,1.270464,-0.530121
1898,0.096315,-2.339924
1899,-4.140603,-2.556043
1900,-2.690315,0.173443
1901,-3.920931,-3.040993
1902,-1.384315,-3.083709
1903,-3.492509,1.472899
1904,1.844188,-0.497023
1905,-0.708619,-1.047713
1906,-0.254369,-1.516192
1907,1.298228,-0.951506
1908,0.536303,-1.619433
1909,-0.925191,-1.448608
1910,-0.055794,-1.470064
1911,-2.541827,-3.302750
1912,-4.476441,-1.700413
1913,-1.890524,-2.919707
1914,-4.246468,-3.015933
1915,-1.025676,-2.312822
1916,0.594003,-2.107552
1917,-1.559696,-2.648141
1918,-1.889235,-2.922497
1919,1.624243,-1.717295
1920,-1.414261,-2.977889
1921,-3.044122,-2.957605
1922,0.445090,-1.767878
1923,-0.344497,-2.330486
1924,-2.545785,-1.912617
1925,-1.087732,-0.681761
1926,-1.508181,0.721998
1927,-2.290931,-0.082093
1928,-2.674712,-0.367117
1929,-0.194489,-1.667661
1930,-0.479955,-1.310869
1931,-1.538572,-2.150568
1932,-1.362829,-2.224262
1933,0.577302,0.648104
1934,-0.015898,0.637365
1935,-1.056575,-0.976574
1936,-0.108522,-0.608877
1937,0.759623,-1.080682
1938,-0.031939,-1.694408
1939,-2.438924,1.208546
1940,1.000574,0.090403
1941,-0.361573,-1.651959
1942,-2.042089,0.331518
1943,0.238224,-0.527153
1944,-2.576804,-0.104199
1945,-0.478202,-0.756084
1946,1.336600,-0.361612
1947,1.374098,-0.456941
1948,-1.835011,-0.325129
1949,0.045778,-0.133256
1950,-2.909092,1.599179
1951,-0.888595,-0.789230
1952,-1.307053,-1.119780
1953,0.960883,1.590012
1954,0.238620,2.422859
1955,-0.365541,4.574115
1956,-2.175311,0.364203
1957,0.547402,1.518167
1958,0.001588,0.901607
1959,-4.107890,-0.938810
1960,-1.619854,0.981031
1961,0.510202,-0.798497
1962,-3.423929,-0.976009
1963,0.971789,2.808018
1964,1.191253,2.903363
1965,-0.656857,-0.521383
1966,-0.502218,-0.926093
1967,0.305931,1.474094
1968,0.317274,-0.176868
1969,-2.237679,1.278848
1970,-1.362344,-0.837529
1971,-1.137827,-0.581515
1972,-2.328485,0.306469
1973,-3.333540,0.202901
1974,-0.484299,1.808606
1975,0.853944,-0.720199
1976,-0.638895,-0.549914
1977,0.575322,-0.361269
1978,0.373782,-0.547862
1979,-3.837090,0.042887
1980,-0.618064,-0.618203
1981,1.233597,-0.851836
1982,-2.025831,-0.669661
1983,0.080282,-0.621535
1984,-1.712794,1.173968
1985,2.230736,-0.923763
1986,-1.374591,0.692678
1987,-1.683017,0.596861
1988,0.252266,0.429695
1989,0.267088,-0.912065
1990,-1.883020,0.098598
1991,-1.939308,-1.018536
1992,1.139991,0.515998
1993,-1.754330,0.367255
1994,0.177183,-0.684453
1995,-2.818660,0.003562
1996,-0.434640,-0.193240
1997,-0.104640,1.219831
1998,-2.995939,0.937115
1999,0.740416,-0.253041
2000,1.485159,-0.131335
2001,-0.752262,2.728279
2002,0.147016,-1.074399
2003,0.553542,-1.015719
2004,-0.922868,-0.430173
2005,-1.647007,-0.826667
2006,-1.771272,0.307998
2007,0.341740,-0.444932
2008,-0.334781,0.452242
2009,-1.915193,-0.678333
2010,-0.925114,0.838894
2011,-0.972177,-0.019966
2012,-2.191366,0.681345
2013,0.740711,-0.805098
2014,0.240090,2.303469
2015,-0.998525,0.674566
2016,-1.054998,1.623373
2017,0.670542,0.384107
2018,1.698566,-0.369600
2019,-0.570578,0.951069
2020,-0.995757,-0.766918
2021,0.798604,-0.186819
2022,1.404964,0.251652
2023,0.929933,0.271039
2024,-1.143733,1.700472
2025,0.845387,-0.891804
2026,0.716675,0.390725
2027,0.672818,-0.447404
2028,-2.309262,-0.713592
2029,-0.992136,1.228711
2030,0.372600,1.742547
2031,-0.688395,1.758436
2032,1.920394,-0.746587
2033,0.448496,-0.636467
2034,0.874439,0.183530
2035,-0.319635,4.783522
2036,0.555031,-1.460187
2037,1.519344,-0.163519
2038,2.597416,0.054232
2039,1.781965,-0.500200
2040,0.313753,0.233048
2041,-3.286446,-1.090006
2042,-1.740516,-1.268751
2043,1.744488,-1.395441
2044,-0.431556,-2.937275
2045,-5.143544,-4.166630
2046,0.431778,-2.452765
2047,-3.615582,-1.603642
2048,-3.762531,-0.579070
2049,-0.392535,-0.265456
2050,-0.406531,-1.688678
2051,0.663257,-0.975008
2052,-2.237008,-1.315052
2053,-1.304916,-0.769375
2054,0.490731,-0.867120
2055,-1.151414,0.501074
2056,-1.530047,-0.521305
2057,1.113968,1.074143
2058,2.649097,-0.638514
2059,-3.223119,1.188487
2060,-1.397802,-0.651715
2061,-2.838236,-0.012933
2062,-2.857309,0.638172
2063,-0.110470,0.223624
2064,1.537590,-0.120245
2065,-1.442408,1.920223
2066,-0.623260,1.062563
2067,-0.045716,0.462035
2068,-3.168863,-0.710442
2069,-0.568986,-0.015795
2070,-2.365319,0.789760
2071,-0.738314,-0.096983
2072,0.378274,-0.998317
2073,-1.668857,-0.436425
2074,-0.421447,-1.669635
2075,-0.831960,0.327323
2076,-0.277271,1.467128
2077,-1.164320,0.216396
2078,-0.119433,1.319094
2079,-0.060696,-0.615938
2080,1.800324,-0.761849
2081,-0.554243,-1.300684
2082,-1.473722,0.225354
2083,0.062452,-1.099248
2084,1.754204,0.348633
2085,0.823401,0.622709
2086,0.527360,-1.004498
2087,-0.190549,-0.613302
2088,0.385456,-0.834523
2089,-2.222299,1.051821
2090,1.124571,0.872635
2091,0.250008,1.442650
2092,-1.413768,3.199632
2093,-1.509811,-1.324210
2094,-1.480737,-1.623169
2095,-1.323628,3.890410
2096,0.026709,-1.591049
2097,-0.030908,-0.070439
2098,-0.951721,1.298103
2099,0.415689,-1.896552
2100,-1.105398,-0.813716
2101,-0.214811,0.515284
2102,-2.197758,0.031109
2103,-0.678776,0.979181
2104,-2.293961,-0.943574
2105,-1.537901,1.290207
2106,-3.024951,-2.286482
2107,-2.092863,-0.430085
2108,-0.621323,-0.671929
2109,-0.945791,2.813591
2110,0.463323,-1.423647
2111,-4.048102,1.472304
2112,-0.364900,-0.693891
2113,-0.079832,-2.008854
2114,-1.958094,-1.048546
2115,-2.348979,-1.935068
2116,-1.224795,0.574027
2117,-1.346267,0.369931
2118,-1.493573,-0.594007
2119,0.059073,-0.505602
2120,0.155442,-0.655515
2121,0.171739,-0.357540
2122,-1.109641,-1.527308
2123,-0.252282,0.178680
2124,1.023955,-0.836190
2125,-2.584696,-0.771498
2126,0.590891,-0.513009
2127,0.180712,-0.360667
2128,-0.888502,-1.027315
2129,0.231785,0.253886
2130,0.656776,-0.997889
2131,1.870679,-0.985509
2132,-2.515395,-1.347864
2133,-1.571135,1.716846
2134,-0.649959,-1.233189
2135,-0.697378,-0.999025
2136,-2.111591,1.472300
2137,-0.562152,-0.163214
2138,-0.730855,-0.768769
2139,0.644279,0.814387
2140,-1.207266,-1.087858
2141,1.381824,0.468704
2142,0.441157,-0.384573
2143,-1.385181,-0.310635
2144,1.280834,-0.302075
2145,-3.557081,-1.675993
2146,-0.401950,1.010509
2147,-0.140549,0.800625
2148,-0.732607,0.893917
2149,-0.753435,0.193279
2150,-1.249254,-0.667678
2151,2.208910,-0.765738
2152,1.334789,0.528994
2153,-2.793089,-0.132219
2154,0.665646,1.905560
2155,-2.762695,-1.436208
2156,-1.313359,0.385280
2157,1.478347,-0.341405
2158,1.021498,-0.411336
2159,1.298904,-0.461124
2160,0.283078,-0.998914
2161,1.429006,0.595364
2162,0.409229,-1.327826
2163,-0.548831,0.425516
2164,0.342638,-0.698295
2165,-1.613779,-0.253002
2166,-0.261023,-0.739919
2167,-0.722128,-0.297968
2168,-0.581367,-0.613370
2169,0.432255,-0.807147
2170,-1.446075,1.070126
2171,-0.756545,0.827971
2172,0.102321,-0.415328
2173,1.313354,-0.152524
2174,-0.620501,0.736886
2175,2.722241,-0.665871
2176,0.139042,-0.138650
2177,0.720665,0.018861
2178,-0.253961,0.817136
2179,-0.304718,0.350646
2180,-0.358624,0.595376
2181,0.356646,-0.430311
2182,-0.257019,-0.994833
2183,-0.353534,-0.428355
2184,0.925832,-1.067499
2185,-0.715480,-0.316570
2186,1.524995,-0.846029
2187,1.005304,-0.428454
2188,-0.704156,-1.161742
2189,-0.709685,2.407772
2190,1.149797,-0.310606
2191,1.559490,-0.317838
2192,1.128086,-0.463846
2193,1.622121,-0.343437
2194,-0.100019,0.409419
2195,1.052822,-0.184367
2196,0.024556,0.430634
2197,1.194806,-0.680887
2198,0.033401,0.636336
2199,-0.407690,-0.381845
2200,-1.006611,-1.015879
2201,0.174999,-0.283863
2202,-0.107828,-0.454869
2203,-0.213588,-0.657299
2204,-0.752931,-0.552176
2205,-2.374642,0.056411
2206,1.517186,0.432778
2207,0.354961,-0.176370
2208,0.529573,-0.352250
2209,0.423915,-0.012360
2210,0.332310,0.646110
2211,1.993908,-0.465403
2212,1.971366,-0.889467
2213,-1.105773,-1.539005
2214,0.703807,-0.550815
2215,-1.412078,0.148833
2216,2.307112,-0.471704
2217,1.477167,-0.708608
2218,0.836202,-0.477446
2219,0.953547,-1.194120
2220,-1.373571,-0.507265
2221,0.735334,1.190229
2222,1.896882,-0.786893
2223,-2.728391,1.336547
2224,-0.936959,1.525013
2225,-1.631238,0.192174
2226,-1.526080,0.313080
2227,0.456429,-0.600612
2228,-0.509598,0.096221
2229,1.854246,0.256961
2230,-1.215242,-2.142416
2231,-0.519321,-1.790558
2232,0.531341,-1.187790
2233,1.664616,-0.525520
2234,0.470278,0.135920
2235,-0.655151,-1.795630
2236,0.499748,-1.856646
2237,-0.829122,0.755558
2238,-0.984729,0.238613
2239,-2.798321,1.902132
2240,-0.524894,0.574657
2241,0.726793,0.661410
2242,-2.227362,2.799561
2243,0.913834,-0.195382
2244,0.763342,0.483390
2245,1.934027,0.638945
2246,0.253215,1.167106
2247,-2.813035,-0.820517
2248,0.433141,-0.772239
2249,-2.183335,2.283384
2250,1.369076,0.488171
2251,-1.488185,0.427044
2252,-2.016869,0.751747
2253,0.561614,-0.249169
2254,0.755926,0.655388
2255,0.880979,0.126446
2256,-0.553236,1.173035
2257,0.733008,-1.005826
2258,-2.665148,-1.535224
2259,1.901428,-0.255833
2260,-1.270350,1.260531
2261,-1.017407,0.112049
2262,2.747281,-1.085494
2263,1.943968,0.651095
2264,2.086100,-0.338288
2265,2.070886,-0.270413
2266,1.559281,-0.104893
2267,2.119319,-0.513444
2268,-1.119400,-1.336537
2269,-0.945674,-1.781403
2270,-0.315131,-0.423661
2271,1.465876,0.474864
2272,1.217894,-1.140190
2273,-0.173172,-2.065128
2274,-1.601371,2.673493
2275,0.692989,-1.857828
2276,1.746657,-1.525820
2277,2.561245,-1.145566
2278,-0.872942,-1.797906
2279,0.747520,-0.147255
2280,0.089525,0.883465
2281,1.174696,0.566117
2282,1.848981,0.001349
2283,0.615347,-0.168027
2284,-1.486328,1.410413
2285,-2.564784,-1.259397
2286,-0.060183,-0.563042
2287,1.247606,-0.504605
2288,1.080544,0.579790
2289,1.155515,-0.699192
2290,-0.385343,0.633517
2291,2.231861,-0.512197
2292,0.478246,0.240996
2293,-1.819755,0.939623
2294,0.387795,1.487579
2295,-0.924324,-1.417948
2296,0.333709,-1.112038
2297,1.432675,-0.621415
2298,0.358481,-1.680270
2299,-1.019887,-2.430893
2300,-0.459841,-1.048764
2301,1.184766,-0.229315
2302,-1.409879,0.750903
2303,-1.935573,-2.942146
2304,2.182490,-0.955127
2305,3.137207,-1.010209
2306,-1.574136,4.073721
2307,0.660033,-1.907574
2308,0.618463,0.686193
2309,1.884065,-0.177841
2310,0.044132,-0.979280
2311,-0.567673,-0.035320
2312,1.856937,-1.142858
2313,2.385492,-1.258864
2314,0.323352,0.952877
2315,0.866143,-0.756658
2316,0.739156,-0.870265
2317,-0.044355,0.200577
2318,0.388698,-0.156889
2319,0.514729,1.149558
2320,2.173906,-0.438703
2321,1.469238,-0.359681
2322,-0.499531,1.385251
2323,0.545398,1.160774
2324,0.102766,0.191026
2325,-0.858247,-0.832779
2326,-0.170024,0.864860
2327,-0.039625,1.162408
2328,0.808371,-0.498186
2329,0.496870,0.151827
2330,-1.499493,0.196865
2331,-0.678771,0.199263
2332,-1.882944,-0.850817
2333,0.422948,-0.179912
2334,-0.555055,-1.679342
2335,1.114524,-0.987163
2336,0.172724,-0.891848
2337,-0.094839,-1.817023
2338,-1.575756,-0.621465
2339,-1.913896,2.048565
2340,2.239406,-0.671692
2341,-0.978644,1.132994
2342,0.780003,-0.739430
2343,0.720095,-0.626465
2344,0.370630,-1.201787
2345,0.848751,-1.129408
2346,-1.286285,-1.855690
2347,0.935115,0.228601
2348,-0.286697,-0.877968
2349,1.572693,-0.655418
2350,0.926134,0.422238
2351,1.276156,-0.703586
2352,-1.750794,-0.279487
2353,0.353006,-0.737352
2354,2.012287,0.216287
2355,0.653846,-0.915367
2356,-1.574007,-1.256719
2357,-2.291563,-1.970442
2358,-2.678944,0.196507
2359,1.290176,-1.155740
2360,0.985931,0.492513
2361,0.596260,-0.854524
2362,-3.221062,0.379632
2363,-0.220110,-0.712860
2364,-0.151976,-1.300676
2365,1.140520,-0.603031
2366,0.896174,-1.087212
2367,1.550925,-0.832536
2368,-1.493840,0.385340
2369,0.454829,-0.458185
2370,0.400642,-0.728069
2371,0.154582,1.186698
2372,-0.815691,-0.897970
2373,-0.074804,0.548439
2374,-2.291206,-2.065752
2375,1.260224,0.211758
2376,-0.388365,0.277387
2377,-0.444925,-1.946357
2378,-0.150754,0.435328
2379,-0.161512,1.635799
2380,-1.652302,0.893998
2381,-1.607122,-0.155727
2382,-2.095384,1.037463
2383,-0.437455,-0.292708
2384,-2.402517,-1.090428
2385,-1.365099,-0.440549
2386,-2.209183,1.255127
2387,-1.722497,0.771932
2388,-0.985561,1.597080
2389,-0.179570,-0.289242
2390,-1.051049,1.001856
2391,-0.941782,1.589950
2392,-0.336599,0.749931
2393,-0.582442,0.540504
2394,-2.083349,0.267752
2395,0.109640,-0.254805
2396,-0.020844,0.696503
2397,-0.203544,-0.908918
2398,0.252040,0.053090
2399,0.012018,-0.151149
2400,-1.633261,0.764155
2401,-1.333931,0.028862
2402,-0.376360,-1.064059
2403,0.063477,0.159856
2404,-0.713595,0.808955
2405,1.807706,-0.478722
2406,-1.229147,-1.076743
2407,0.403919,-0.198357
2408,0.088569,0.113240
2409,0.096750,0.208505
2410,1.580476,0.416119
2411,-0.246079,1.160326
2412,-2.177306,-1.942969
2413,-1.816470,2.724848
2414,-3.624429,-1.587023
2415,-0.696540,-1.781585
2416,-1.980885,-1.248300
2417,-0.885520,-2.012068
2418,-3.251992,-3.882387
2419,0.115779,-0.175662
2420,-0.135613,2.577413
2421,-1.244517,-1.876826
2422,0.874553,-0.920639
2423,-0.404023,-0.225424
2424,-0.292513,-0.451792
2425,-2.351359,-1.764277
2426,0.404359,-0.541945
2427,1.000549,-1.456918
2428,-0.575731,1.454905
2429,-0.508809,1.401329
2430,0.551829,0.651878
2431,-3.724208,-0.263661
2432,0.720081,1.773741
2433,-1.559141,-0.941611
2434,0.909138,0.523505
2435,1.156649,-0.700457
2436,3.118990,-1.226105
2437,1.927902,-1.799102
2438,1.752402,-2.046050
2439,0.243648,-0.100705
2440,-0.241381,0.311555
2441,0.445823,-1.026411
2442,-2.088159,1.586372
2443,2.250564,-0.159031
2444,1.160791,-0.254600
2445,0.658766,0.194118
2446,-0.046218,0.930739
2447,-0.543103,1.961184
2448,-0.825934,-0.052379
2449,-0.398839,0.956786
2450,-1.446417,-0.760575
2451,1.452319,0.587472
2452,-1.039997,0.301736
2453,2.008930,0.919779
2454,1.072299,0.306542
2455,1.361921,0.805653
2456,-1.472018,1.329271
2457,-1.909621,1.459502
2458,1.388743,2.110298
2459,1.659394,-0.424595
2460,-2.146276,3.446158
2461,2.195780,-0.104165
2462,1.034303,0.290134
2463,-2.530393,1.144834
2464,-0.428013,1.546432
2465,1.219434,1.533990
2466,0.166723,0.226334
2467,2.273382,0.729152
2468,1.048515,-0.375159
2469,-0.903565,0.525081
2470,-1.178366,-0.779108
2471,-2.763769,1.700408
2472,0.078641,0.683376
2473,0.603637,1.264045
2474,2.300070,0.161369
2475,1.666955,1.400311
2476,-0.200410,-0.786235
2477,2.666787,0.292915
2478,0.389975,-0.707684
2479,-1.396122,-1.155858
2480,-1.030931,0.797747
2481,-0.454954,1.467015
2482,-1.808741,-0.390416
2483,2.484649,0.437335
2484,0.058904,-0.320983
2485,-0.124644,-0.106836
2486,-0.156487,-0.719708
2487,2.404904,-0.903503
2488,-1.998816,-1.256206
2489,-1.648283,-0.032967
2490,-2.902128,-1.816849
2491,-2.835486,-0.066255
2492,-2.537315,-0.419009
2493,-2.331809,0.168054
2494,0.095854,2.488233
2495,-2.937514,-0.872839
2496,-0.526667,1.754851
2497,0.372287,-0.796937
2498,2.360942,-0.293404
2499,0.344989,1.387535
2500,1.623672,-1.499525
2501,1.370595,0.294703
2502,0.761813,0.863775
2503,1.921077,-0.196710
2504,1.166572,-0.596267
2505,2.858813,0.035283
2506,-0.376130,-1.005881
2507,1.619637,0.117452
2508,1.081391,-0.702641
2509,1.753810,1.268373
2510,0.062075,-1.630769
2511,0.978092,1.606715
2512,-0.625637,1.030940
2513,-0.913379,-0.098543
2514,-0.875260,0.449172
2515,1.733213,-0.873590
2516,0.638184,0.166568
2517,0.387364,-1.135331
2518,1.361805,-0.297112
2519,-1.575785,0.273426
2520,0.868249,-0.718756
2521,-1.529421,0.187592
2522,0.560257,0.735301
2523,-1.287274,-1.109696
2524,-1.273497,0.547508
2525,-0.134027,-0.354866
2526,-2.784032,2.446524
2527,-2.499349,-2.414285
2528,-3.771858,-0.790330
2529,-0.483804,-0.497853
2530,0.332563,0.205793
2531,-0.412814,-0.684664
2532,-1.060935,-0.954089
2533,-0.267353,0.980490
2534,-1.898204,1.169473
2535,1.298802,-0.546938
2536,-0.070862,1.671716
2537,0.179160,-1.094973
2538,0.274310,0.158028
2539,-0.320353,1.263468
2540,-0.003486,-1.156299
2541,0.228533,0.356055
2542,-0.101071,-0.504274
2543,0.623607,0.292585
2544,-1.637434,0.522267
2545,0.154310,-0.193179
2546,-1.773160,-0.646100
2547,0.667454,1.039921
2548,-1.685849,0.419115
2549,-0.955230,0.506881
2550,-0.284675,-0.283948
2551,0.830929,-0.761592
2552,-0.970537,0.223218
2553,0.617956,1.051896
2554,-2.249936,0.076777
2555,0.812086,-0.236213
2556,-1.645710,-1.174884
2557,-1.138603,-0.258886
2558,0.217421,0.999728
2559,-1.625778,0.641244
2560,-1.165899,-0.495818
2561,1.600299,-0.546027
2562,0.312706,-0.711699
2563,1.176691,-0.895468
2564,0.918414,-1.114298
2565,0.459299,-0.493319
2566,0.288152,-1.213280
2567,0.424609,-0.555591
2568,0.637823,-0.800481
2569,0.330890,-0.367701
2570,-0.506255,-0.821245
2571,-0.287681,-1.201193
2572,0.939306,-0.065684
2573,-1.787134,-0.490080
2574,-1.894593,0.895990
2575,-1.704023,-1.045952
2576,-1.010362,-1.155325
2577,-1.178299,-0.560330
2578,-2.386364,-3.186830
2579,-0.593362,-0.003098
2580,-1.459812,-1.944383
2581,1.134591,-1.001550
2582,0.230007,-0.597489
2583,1.599926,-0.659119
2584,0.110502,-0.767550
2585,-0.465651,-0.566815
2586,-0.225895,1.251172
2587,-1.277953,-0.495121
2588,0.190619,-0.892402
2589,0.901455,-1.079539
2590,1.234727,-0.527840
2591,1.064276,-1.436144
2592,0.064201,1.438950
2593,-0.009989,0.393972
2594,-0.294042,-1.438528
2595,-0.729467,-0.684081
2596,0.415603,0.152745
2597,-3.896015,-0.452121
2598,-1.433448,-2.605614
2599,-2.078621,-2.479337
2600,-0.875260,-0.578430
2601,-0.361475,-1.719140
2602,0.715565,-0.210273
2603,0.569620,-0.595459
2604,0.995024,-1.318163
2605,1.237809,-1.290593
2606,0.819314,-1.516324
2607,-1.370238,0.220487
2608,0.432547,-1.402670
2609,0.106480,-0.028503
2610,-1.957997,-0.344970
2611,-0.127459,0.273813
2612,0.362496,0.124013
2613,1.695688,-0.423971
2614,-0.144674,-0.072954
2615,-2.048562,-0.216963
2616,0.936126,1.067981
2617,1.591529,-0.889699
2618,-2.048558,-0.149245
2619,1.406656,0.190758
2620,-0.277802,2.079187
2621,-0.575062,0.321157
2622,-0.238306,0.425851
2623,-0.773605,0.012766
2624,1.107261,-0.492389
2625,0.397999,0.611497
2626,0.674413,-0.202575
2627,1.181944,-0.543058
2628,-1.153723,0.547691
2629,-0.595039,-0.206151
2630,0.530219,-1.258964
2631,0.585095,-0.841991
2632,1.629442,-0.323415
2633,-2.098894,1.042416
2634,0.703404,0.513992
2635,-3.034081,-0.141020
2636,2.191692,0.616395
2637,0.836609,1.102573
2638,0.237547,1.157155
2639,-2.004901,-2.101375
2640,-1.154876,4.715999
2641,-1.972478,0.250368
2642,1.413504,-0.690901
2643,1.778858,0.575210
2644,1.569722,0.079403
2645,2.171299,-0.321078
2646,1.821052,-0.377066
2647,-0.358289,-0.116451
2648,-1.174250,-0.775648
2649,-0.841238,-0.254440
2650,0.096486,0.882724
2651,1.230328,0.979818
2652,-1.708680,-0.364610
2653,-0.227385,0.100854
2654,0.818224,0.724182
2655,0.067567,0.099272
2656,-0.713756,-1.013419
2657,1.060325,1.026040
2658,1.155077,-0.213576
2659,-3.300283,-1.754422
2660,-1.080572,0.504185
2661,-4.577732,-0.619018
2662,1.823926,0.731882
2663,-1.220755,0.540513
2664,0.142414,-0.221870
2665,0.477029,-0.712767
2666,-0.067468,-1.829256
2667,-1.442716,-0.939180
2668,1.739142,-0.443704
2669,1.764194,-0.551510
2670,1.830127,-1.040099
2671,-1.552755,-2.618056
2672,0.730887,-1.874777
2673,-0.539929,-1.543667
2674,-1.104311,-1.746289
2675,1.782259,-1.304495
2676,0.704851,-0.737908
2677,0.535684,-1.605364
2678,-2.222128,0.654917
2679,0.846555,-1.690886
2680,1.079629,-1.121925
2681,-0.732835,-0.780738
2682,1.228616,-0.869666
2683,0.579311,-1.051973
2684,0.888300,-1.143296
2685,0.864616,-0.679242
2686,-3.034678,1.011664
2687,0.970273,-1.156915
2688,0.154526,-2.236406
2689,-1.207512,-1.726398
2690,-2.101029,0.904738
2691,-2.408178,1.482715
2692,-3.969858,-0.429538
2693,-4.008114,0.007926
2694,-0.341635,-1.745798
2695,-4.252085,-3.434292
2696,-0.935337,-1.649564
2697,-0.511373,-1.564419
2698,-0.796174,-1.196623
2699,-0.035186,-0.844411
2700,1.489497,-0.550229
2701,1.318410,-1.048361
2702,0.622086,-0.356874
2703,0.618097,0.462961
2704,1.681492,-0.012875
2705,0.626680,0.032952
2706,2.382987,-1.467532
2707,0.094220,0.130219
2708,-0.299327,-0.487860
2709,-2.087353,-0.232494
2710,0.534271,0.705428
2711,0.416967,1.666237
2712,0.145282,0.906726
2713,-2.650712,-0.490342
2714,1.110006,-0.692727
2715,-0.050465,-0.876372
2716,0.260252,-0.217600
2717,-1.512083,1.074363
2718,0.120265,-1.091698
2719,-0.466059,-0.165579
2720,0.312476,0.214483
2721,0.196251,-0.325439
2722,-1.394741,-0.054276
2723,0.528090,1.821942
2724,0.892991,0.546035
2725,-0.751669,0.180322
2726,-0.246511,-1.354400
2727,1.551890,0.664511
2728,1.695334,-1.577729
2729,1.364741,-1.437922
2730,-2.036196,1.173708
2731,-2.442351,1.291923
2732,-0.021920,0.489500
2733,-2.706836,2.942312
2734,1.641969,-0.095027
2735,-4.250546,-2.431796
2736,-2.205211,-0.777518
2737,-2.525764,-0.989516
2738,-2.393255,-0.315608
2739,-1.245062,-0.129600
2740,-2.424192,-0.296458
2741,0.705343,-0.179608
2742,1.850711,-0.692290
2743,-0.442030,0.076276
2744,-1.325935,-0.584385
2745,-1.666533,-0.108537
2746,0.754642,-0.288589
2747,-0.554806,0.201127
2748,2.109331,-0.321977
2749,0.927498,0.838434
2750,0.746041,-0.054429
2751,-0.163480,-0.503737
2752,1.242658,0.082144
2753,0.042395,-0.118697
2754,1.112883,-0.897319
2755,-1.979906,-0.948298
2756,-0.112951,2.724995
2757,-1.427134,-0.168056
2758,-0.705131,0.650016
2759,-0.604447,1.084923
2760,-1.593885,1.434663
2761,2.241429,-0.402209
2762,0.755450,0.235438
2763,1.289796,0.370746
2764,1.526034,-0.313586
2765,-0.106514,0.647465
2766,-1.428991,0.088588
2767,-1.343149,0.950218
2768,-0.040563,2.755262
2769,0.532676,0.118123
2770,-0.548894,0.671842
2771,-2.678356,-0.945402
2772,1.788246,-0.060586
2773,0.128318,-0.624425
2774,0.982001,0.101173
2775,-0.305814,-1.034441
2776,1.750969,0.154318
2777,0.887851,-0.332784
2778,0.744268,0.006677
2779,0.411294,-1.301324
2780,-2.588041,-2.656080
2781,0.557453,-0.692991
2782,1.748466,-0.301187
2783,0.916272,-0.163677
2784,-3.557651,-2.051187
2785,1.393461,-1.238325
2786,2.135230,-0.831705
2787,0.516717,-0.627096
2788,-0.598171,0.148477
2789,-0.135008,0.672673
2790,0.567207,-0.040237
2791,0.313241,0.847170
2792,1.030699,-0.078513
2793,-0.013317,0.172944
2794,-4.251180,-1.736418
2795,2.215015,-0.472668
2796,1.453970,-0.446555
2797,-1.316198,0.088945
2798,-1.686927,-1.140373
2799,-1.470101,-0.351390
2800,-1.571962,2.058168
2801,0.225726,-0.183174
2802,-2.725452,-2.011714
2803,-1.053075,-0.911306
2804,-0.585152,-0.357872
2805,-0.749562,-0.345296
2806,0.017348,-0.338342
2807,1.067598,-0.252413
2808,1.015241,-0.380009
2809,0.715766,0.397136
2810,-5.906254,-3.674054
2811,1.133568,0.750463
2812,-1.006196,-1.208248
2813,-0.159376,0.518467
2814,-0.247917,0.735781
2815,-2.458159,-0.418850
2816,-2.232422,0.546126
2817,-3.688073,0.441506
2818,-1.075679,0.559699
2819,-0.171618,-0.825827
2820,0.330032,-0.465587
2821,-2.371560,1.644921
2822,-0.786905,1.291754
2823,-0.626739,-0.116098
2824,0.302447,-0.537402
2825,0.067216,-0.566919
2826,-0.248329,-0.740894
2827,-0.500447,-0.054686
2828,2.005062,-0.361754
2829,-0.752434,0.042921
2830,2.019897,-0.433795
2831,-1.418818,-0.847344
2832,0.837068,-0.440087
2833,0.635214,-0.700742
2834,-1.216827,1.008428
2835,1.159183,1.185319
2836,0.461861,-0.485899
2837,-1.635946,-1.890408
2838,-1.313558,0.602563
2839,0.556022,-0.170016
2840,-0.557945,-1.311193
2841,-0.738091,0.059988
2842,-2.202638,-0.328631
2843,0.993988,-0.479935
2844,0.204529,-0.559849
2845,1.462625,-0.397876
2846,2.053225,-0.267549
2847,1.448772,-0.417674
2848,-1.070950,0.101333
2849,1.454659,-0.688781
2850,-0.087201,-1.076885
2851,0.765932,-0.361846
2852,-1.393776,1.549607
2853,-1.297133,0.037972
2854,-1.831165,-1.059126
2855,-0.123383,-0.301683
2856,0.577004,0.429013
2857,1.291772,-0.841737
2858,-0.653390,-0.165541
2859,-1.449103,-1.206846
2860,-1.880976,-0.615740
2861,1.992185,-0.013336
2862,0.891562,-0.810051
2863,-0.301675,-0.854743
2864,0.477513,0.344889
2865,-0.013224,-1.643646
2866,-1.582713,-1.348409
2867,0.710961,-1.097482
2868,0.854847,0.252778
2869,0.829821,-1.849347
2870,-1.715813,0.354696
2871,-0.880489,0.012994
2872,1.689886,-0.749133
2873,-0.463738,-1.893885
2874,-0.045180,0.283718
2875,-2.350603,0.645497
2876,-0.491965,-0.983221
2877,-0.231796,-0.445779
2878,-2.363705,-1.136047
2879,0.512557,0.219293
2880,0.930426,-1.627224
2881,0.241260,-0.607847
2882,0.846682,-0.133262
2883,1.894952,0.060639
2884,-0.500560,-1.646539
2885,0.908558,0.292419
2886,0.373661,-0.583925
2887,1.458766,-0.775028
2888,0.593699,-1.017463
2889,-0.534117,1.599466
2890,-1.134681,-0.504776
2891,0.277183,-0.059084
2892,1.389225,1.149456
2893,0.657935,-1.030479
2894,0.271879,0.771270
2895,-1.569110,-1.186550
2896,-0.420797,-0.573281
2897,0.960990,-0.734019
2898,-0.983822,-1.775010
2899,1.634322,-1.703965
2900,-0.158306,-1.332921
2901,3.159681,-1.137700
2902,-0.208775,-0.349208
2903,-3.371337,-2.646502
2904,-5.136757,-2.680011
2905,-0.433710,-0.495967
2906,-0.599236,-1.450938
2907,0.675001,-2.165184
2908,0.969928,-0.748402
2909,-0.426911,-1.989626
2910,1.225948,-1.568619
2911,-0.482226,-0.535764
2912,-2.136793,0.355185
2913,-1.009672,-1.024399
2914,1.704670,-1.425141
2915,-0.034495,0.375558
2916,1.451936,-0.224537
2917,-3.211632,-1.413750
2918,0.598596,-1.061240
2919,-0.640683,-0.552101
2920,-0.081923,-0.498778
2921,-0.581695,-1.204921
2922,0.563994,0.957207
2923,-0.701765,-0.692438
2924,-1.916149,-1.512405
2925,0.184894,-0.669636
2926,0.301756,0.120131
2927,1.527089,0.363625
2928,-0.934085,-1.889572
2929,-0.081991,-1.332972
2930,0.512604,-0.946422
2931,0.628627,-1.422401
2932,1.851183,-0.395278
2933,-0.083380,1.721778
2934,0.148604,-0.204049
2935,0.383069,-0.328054
2936,2.815481,-0.788674
2937,0.419060,0.044848
2938,-1.255077,-0.289425
2939,-0.328211,-1.437222
2940,-0.457390,-0.110567
2941,0.197661,0.265521
2942,-1.410898,-1.277186
2943,-1.626423,-1.523511
2944,-2.684796,0.871516
2945,0.673451,-1.278945
2946,-1.327662,0.358222
2947,1.104853,-0.192304
2948,-0.728956,1.235952
2949,-0.412285,-0.445038
2950,-0.153699,-0.298696
2951,1.139594,-0.655347
2952,-0.675231,-0.107653
2953,-1.052770,0.357501
2954,-3.380590,-0.115303
2955,-0.720108,-0.013163
2956,-0.167048,0.789587
2957,1.274753,0.216388
2958,0.922061,-0.549086
2959,0.216841,-0.172896
2960,-1.180747,-0.898833
2961,-0.700562,-0.070786
2962,-0.030075,-0.488499
2963,-1.222252,1.309912
2964,-0.085433,-1.408831
2965,0.650638,-0.549667
2966,-1.862778,-1.582920
2967,-0.393463,0.579877
2968,-1.547315,-0.330520
2969,-0.394537,0.004393
2970,-1.928936,-1.515613
2971,1.609648,-0.526852
2972,0.801324,-1.018209
2973,0.482972,-0.914610
2974,0.335853,-0.923188
2975,-1.003588,0.124855
2976,-0.305886,-0.905296
2977,1.228477,-0.667085
2978,2.262009,-1.229494
2979,-1.316373,1.081938
2980,-0.118597,1.778329
2981,0.155887,-0.957089
2982,2.347738,0.052642
2983,2.228017,-0.872934
2984,-0.363496,-0.125292
2985,1.033571,0.216977
2986,-2.201343,1.220916
2987,0.031662,-0.754829
2988,-1.659201,2.981322
2989,-1.117040,-0.080382
2990,1.940896,0.661694
2991,2.582985,-0.106862
2992,-2.152486,-1.526208
2993,-1.963095,2.194076
2994,-1.403459,-0.162154
2995,0.602763,-1.918606
2996,-1.228861,0.065996
2997,1.463426,0.037265
2998,-3.064599,-3.165147
2999,-1.734406,-2.371191
3000,-1.714818,-1.652080
3001,-0.057413,0.681317
3002,-1.566733,-0.995510
3003,0.740605,0.145029
3004,1.780506,-0.324611
3005,-1.133780,-0.399068
3006,-2.483437,-0.514372
3007,-1.259245,-0.365067
3008,-0.229339,-1.801934
3009,-1.941278,4.072941
3010,0.937403,-0.725779
3011,-0.298707,-0.764545
3012,1.036287,-1.138523
3013,-0.554087,-0.384784
3014,-0.753454,-0.208427
3015,-0.305569,4.419472
3016,-5.862245,-4.909740
3017,-0.262698,-2.461178
3018,0.235998,0.716908
3019,-0.916154,3.509125
3020,0.705580,0.256110
3021,-1.921303,-1.256229
3022,1.677065,1.252442
3023,-0.190841,0.489904
3024,-0.573953,-0.463358
3025,-0.696836,-1.079031
3026,0.296693,-0.275629
3027,1.027011,-1.353129
3028,0.584722,-1.402571
3029,1.168551,-1.216674
3030,0.539463,-0.628948
3031,-1.008882,-1.483428
3032,-3.140884,-1.847252
3033,1.794261,-0.863201
3034,-0.030429,-0.950686
3035,0.078045,-0.996257
3036,1.545837,-1.299699
3037,-2.810644,0.169244
3038,-0.842012,-0.472350
3039,0.876330,-0.535211
3040,-0.521358,0.246660
3041,1.069914,-0.818628
3042,-4.354087,-1.182516
3043,0.689224,0.598472
3044,-0.684810,-1.131754
3045,-0.440339,-1.338878
3046,-0.446142,1.698687
3047,-0.056819,0.163562
3048,1.002213,1.172541
3049,-1.736001,-0.246644
3050,-1.434714,-0.509427
3051,-2.275909,-0.867176
3052,0.511193,-0.810742
3053,1.431654,-0.084745
3054,1.766744,-0.490588
3055,-0.451075,-0.764160
3056,1.328225,-0.573299
3057,-0.563568,-1.723486
3058,-1.659876,0.205368
3059,0.185861,0.995454
3060,-0.251638,-1.033252
3061,0.707079,-1.041400
3062,-2.351502,-2.044042
3063,-3.371576,2.308475
3064,-1.485611,-0.441829
3065,0.468993,0.231885
3066,-2.129014,0.664272
3067,2.044507,-0.071942
3068,-1.329078,-1.360042
3069,2.837877,-1.025965
3070,-0.507283,0.349459
3071,0.578417,-1.365024
3072,1.475452,-0.911873
3073,1.328312,1.509407
3074,1.634225,1.081885
3075,-0.733453,-0.899681
3076,-0.484560,2.977597
3077,-1.568526,2.715297
3078,-2.129478,1.821914
3079,-1.314365,0.201386
3080,-3.019337,-0.545497
3081,-0.533811,0.347302
3082,-0.746499,0.757502
3083,-3.286802,-1.389147
3084,-1.794762,-2.132425
3085,1.239022,-0.443850
3086,1.525436,-0.893999
3087,0.597530,-0.905927
3088,1.735716,0.360025
3089,2.344328,-0.174882
3090,0.610656,0.614352
3091,1.052042,-1.155299
3092,0.781125,-1.453745
3093,-0.604540,-1.944975
3094,0.072792,-1.018520
3095,2.498503,-1.569303
3096,0.595601,-0.305303
3097,1.986349,0.740400
3098,0.482600,0.930290
3099,1.572082,0.084758
3100,0.519528,-0.834008
3101,1.749802,-1.483195
3102,1.006677,0.519266
3103,1.004755,-0.764113
3104,0.213948,-0.684352
3105,0.658707,0.075565
3106,0.247501,-0.621112
3107,-0.291251,-0.495576
3108,1.395678,-0.429756
3109,0.935871,-1.161775
3110,1.366616,-0.637361
3111,0.375293,-0.619849
3112,0.032158,0.522821
3113,1.941117,1.716386
3114,0.488511,0.235026
3115,-1.438286,2.142449
3116,-0.784648,-0.209928
3117,0.254021,-0.089465
3118,1.534418,-0.648126
3119,0.587573,0.112095
3120,0.523063,-0.354244
3121,0.118973,-0.024754
3122,0.702845,0.774831
3123,-0.526138,-0.301552
3124,-1.101506,1.142006
3125,2.557828,0.041421
3126,0.460850,0.274165
3127,-1.970932,-0.066191
3128,0.003700,3.335261
3129,-2.516535,0.765234
3130,0.865708,0.469239
3131,0.932411,-0.277926
3132,-1.328063,-0.841992
3133,1.675404,-0.055318
3134,-0.357442,0.572896
3135,-2.418811,-0.722930
3136,-3.370130,0.566598
3137,-1.224911,1.037026
3138,-2.073068,0.130386
3139,-0.570764,-1.878342
3140,-3.177884,-0.428313
3141,-1.327028,-0.848095
3142,1.628666,-0.156875
3143,1.002676,1.581983
3144,0.159684,1.576270
3145,1.113131,1.294054
3146,0.861529,1.053042
3147,0.390305,1.198052
3148,0.353614,0.204999
3149,1.344664,-0.333694
3150,1.564583,-0.034299
3151,0.994644,0.381224
3152,1.082464,-0.741210
3153,-2.551028,-0.920012
3154,1.634072,0.607112
3155,1.540556,0.513059
3156,-0.728386,-0.354126
3157,-0.431970,3.018522
3158,2.036679,0.124083
3159,-1.133958,-0.908264
3160,-1.715731,1.071066
3161,-1.443630,0.627935
3162,0.700127,0.591729
3163,0.407393,3.257779
3164,-2.064447,0.617907
3165,-0.269539,1.306590
3166,-1.483469,-0.596241
3167,0.301748,-0.097360
3168,-0.215958,0.375399
3169,1.301437,0.839147
3170,-0.910873,1.205789
3171,-2.467066,0.818716
3172,-0.165418,0.267227
3173,0.249008,-0.870089
3174,-0.886497,0.095518
3175,-1.698555,0.376903
3176,2.162475,-0.844452
3177,-0.621513,-0.467421
3178,-1.841476,-1.129375
3179,2.241429,-1.369938
3180,0.321243,-0.297535
3181,0.206094,-1.038928
3182,-1.045226,0.398210
3183,0.907882,1.755780
3184,-0.259087,0.592447
3185,-2.208525,1.442792
3186,0.773007,0.478634
3187,0.594663,2.992805
3188,2.121383,-0.290491
3189,2.080326,0.109212
3190,0.836898,-1.507998
3191,0.252910,-0.293122
3192,1.104564,-0.691497
3193,1.116131,-0.937834
3194,1.373718,0.724489
3195,-0.810994,2.574224
3196,-1.557387,0.348493
3197,0.829303,0.237735
3198,-2.288563,0.937058
3199,-0.049142,-0.537280
3200,0.808560,-0.067825
3201,-0.394024,-0.902462
3202,-0.634939,1.455330
3203,-1.675211,0.646467
3204,0.190206,-0.983925
3205,-1.816621,0.897890
3206,-0.117392,2.005710
3207,0.573644,-0.128258
3208,1.103682,-0.210971
3209,0.052091,-0.431756
3210,0.502993,-0.922136
3211,-2.461740,-0.813885
3212,-0.782130,-0.645562
3213,1.294112,-0.521922
3214,0.839694,-0.921099
3215,-2.414378,0.385623
3216,-0.999901,-0.696597
3217,1.008503,1.439215
3218,-1.547415,-0.592772
3219,0.966130,-0.859210
3220,0.546202,-0.459519
3221,0.504022,-0.165278
3222,2.591267,0.008217
3223,1.441143,-0.467829
3224,2.114121,1.488749
3225,-2.189521,-0.264470
3226,0.941715,-1.171302
3227,0.799580,0.758915
3228,0.415025,-0.598313
3229,0.747490,-0.593212
3230,0.052965,0.783283
3231,0.009746,0.381563
3232,1.842334,-0.789195
3233,-0.726044,-0.144932
3234,0.208799,-0.088731
3235,0.793719,0.020913
3236,-1.065689,0.849539
3237,-3.121156,0.530388
3238,-1.027261,-0.416493
3239,2.447852,0.093820
3240,-1.928301,0.269182
3241,-0.481945,1.566572
3242,-1.997311,1.527210
3243,-0.112265,2.296608
3244,-4.136927,-2.859468
3245,-0.567216,0.382658
3246,-1.921598,-0.086938
3247,1.883110,-0.787369
3248,-0.434793,0.233354
3249,-0.566275,-1.263865
3250,-2.809544,-1.721351
3251,0.997474,-1.020510
3252,1.298307,-0.302195
3253,-0.201087,1.053592
3254,0.444180,-0.327414
3255,-0.305271,-0.685631
3256,0.413369,-0.478933
3257,1.151660,-0.413207
3258,-2.099794,0.046415
3259,-0.359384,1.826657
3260,-0.617476,-0.342187
3261,0.418828,-0.606890
3262,-0.679355,-0.611186
3263,0.064465,-0.874385
3264,0.520540,-0.864321
3265,-2.443394,-2.122783
3266,0.140446,1.515414
3267,1.808928,-0.802635
3268,-1.348482,0.740244
3269,1.102237,-0.689479
3270,0.341925,-0.117391
3271,-1.057725,-0.421872
3272,-1.529161,1.191985
3273,-0.652923,0.723153
3274,-0.274289,0.939047
3275,1.949357,0.132717
3276,0.967065,-0.015090
3277,0.933411,-0.137863
3278,2.462241,-0.591818
3279,2.466177,-1.651676
3280,0.580843,-1.083659
3281,-0.900213,-1.542251
3282,-2.509542,1.098455
3283,0.125884,0.277392
3284,-2.302615,-1.381787
3285,0.001075,-0.600535
3286,1.479116,-0.392191
3287,0.853890,-0.622761
3288,1.664870,-0.414686
3289,2.662898,-0.562832
3290,-0.029218,-1.369461
3291,0.051545,-0.927199
3292,-2.837385,-2.015424
3293,1.618730,-1.444529
3294,-0.228934,2.232854
3295,-4.583634,-2.062262
3296,-3.154922,-3.600011
3297,-0.049308,-0.414370
3298,1.176327,-1.242616
3299,2.324071,1.005471
3300,-1.039668,-1.332287
3301,-2.206928,-0.470867
3302,-0.421300,-1.098428
3303,-0.967483,-0.401858
3304,-1.586190,-0.961352
3305,0.924876,-0.706906
3306,-0.919138,-0.136514
3307,1.544748,0.972136
3308,-1.593957,-1.853208
3309,0.873514,-0.948321
3310,-1.670935,-1.395097
3311,-1.091705,1.643223
3312,-3.502550,-1.636428
3313,0.395216,-1.806586
3314,-1.058596,-1.771554
3315,-1.505619,-1.054984
3316,1.243457,-1.390380
3317,0.975559,-1.560363
3318,-1.134595,-0.506928
3319,-3.154709,-0.021453
3320,0.012461,-1.718751
3321,0.532706,-0.046614
3322,0.546131,-0.091641
3323,1.937027,-0.268300
3324,0.555422,-1.187676
3325,-1.613173,0.085899
3326,-0.918669,-0.178988
3327,-0.051853,-1.015525
3328,-2.853231,0.924309
3329,-0.591394,0.466870
3330,0.874069,-0.846282
3331,0.173077,-2.656138
3332,1.180217,-0.784407
3333,-0.687776,-0.404747
3334,-0.183904,1.634789
3335,1.954764,-0.502153
3336,-1.940688,0.706596
3337,1.458527,0.765839
3338,-0.655106,0.254612
3339,0.194327,-0.302978
3340,0.034346,-0.666312
3341,1.451871,3.132940
3342,-0.776823,-0.950398
3343,-3.160003,0.023660
3344,1.082622,0.498783
3345,-1.272654,1.539041
3346,-0.782844,-0.730220
3347,0.562882,-0.581355
3348,2.221863,0.562758
3349,-1.152888,0.563723
3350,-2.840682,2.449585
3351,1.275269,-0.459745
3352,1.845465,-0.228311
3353,1.268394,0.251910
3354,0.251823,0.681805
3355,0.556466,-0.195773
3356,0.822495,-1.277591
3357,1.325894,1.526526
3358,-3.057828,-1.949753
3359,1.874241,-1.001523
3360,-1.219725,-0.374138
3361,1.678455,1.851420
3362,-1.520508,-0.464205
3363,0.938616,0.064605
3364,1.193493,-0.477651
3365,-2.992234,0.059079
3366,0.225697,0.116801
3367,2.131814,0.245202
3368,0.731585,0.941312
3369,-0.865835,-0.514626
3370,-2.028527,-1.654255
3371,-0.857330,-0.151474
3372,-1.414834,-0.632687
3373,0.322533,-0.094560
3374,0.615926,0.533609
3375,-1.134894,-1.251853
3376,-1.565954,4.577287
3377,0.539775,0.025385
3378,1.233248,-0.564393
3379,-0.602901,1.270111
3380,1.755089,-0.506287
3381,-0.869617,-1.948019
3382,0.359786,-0.849595
3383,1.157273,-1.599877
3384,0.974414,-0.086617
3385,-1.261680,-1.443167
3386,-0.150870,-1.160267
3387,1.114514,-0.512025
3388,0.811858,0.578714
3389,1.004578,-1.592369
3390,0.414473,0.012107
3391,1.508944,-1.116857
3392,-1.340424,-0.481302
3393,-0.387964,1.322617
3394,1.963977,-0.340524
3395,1.443545,-1.149465
3396,1.029567,-0.564224
3397,1.725474,-1.055904
3398,-0.832909,-1.237282
3399,-1.265591,-0.220932
3400,1.359544,-0.277846
3401,1.178460,-0.745398
3402,-2.871661,-1.079249
3403,0.766990,-0.495784
3404,-0.384472,0.412098
3405,-1.833105,3.793672
3406,-3.712441,0.183267
3407,-0.258542,1.219519
3408,-0.839055,0.358106
3409,1.134747,-0.745834
3410,-0.820516,-0.048809
3411,0.734462,-1.711744
3412,-1.427581,0.613810
3413,0.026896,-0.216058
3414,-2.440556,3.219441
3415,2.144272,-1.013384
3416,-1.546574,-1.541167
3417,-0.102402,-2.356029
3418,1.106633,-0.060444
3419,0.245123,-1.355995
3420,0.133574,-1.125100
3421,-1.966544,-1.665027
3422,-3.410552,-2.531535
3423,-0.926524,0.054338
3424,-0.850406,2.759013
3425,0.035041,-0.722906
3426,1.725074,-0.896985
3427,2.259881,-1.483161
3428,0.423618,-0.939286
3429,1.474951,-1.319276
3430,-0.776785,-1.338519
3431,0.438757,-0.335329
3432,1.469800,-1.126633
3433,-1.990593,-1.544791
3434,-0.885286,-0.579550
3435,0.698102,-1.945898
3436,1.620470,-0.283979
3437,0.485077,-0.130242
3438,1.227099,-0.624876
3439,2.062641,-0.204443
3440,0.350744,-0.042278
3441,1.154182,-0.380517
3442,1.855057,0.062138
3443,0.822909,0.461440
3444,-0.054729,-1.423805
3445,0.157467,0.207137
3446,0.489932,-0.082569
3447,0.363359,-0.140518
3448,1.688511,-1.109331
3449,-1.213490,-0.420600
3450,1.687440,-0.729533
3451,1.541494,-0.999163
3452,1.373509,-0.613301
3453,-3.273897,1.655831
3454,-0.381539,-1.494550
3455,-0.869459,-1.142941
3456,0.958512,0.128356
3457,-0.403364,-1.534262
3458,0.655557,-1.857953
3459,0.146208,0.943829
3460,1.652322,0.351685
3461,0.056956,-1.190230
3462,0.660154,1.057916
3463,1.116510,-0.068622
3464,-0.075292,0.338601
3465,0.000681,-1.152919
3466,-1.282663,1.197954
3467,1.850626,1.114464
3468,-1.590714,1.379574
3469,1.959048,0.551543
3470,-0.641010,3.628906
3471,-0.706690,0.418368
3472,0.201338,1.657651
3473,2.007617,1.490181
3474,1.679808,1.358307
3475,1.455871,1.756953
3476,1.983007,0.878708
3477,-0.319780,0.837803
3478,1.354748,2.758698
3479,1.768848,1.327577
3480,2.068412,-0.148697
3481,-1.774210,-0.785224
3482,0.470617,0.598289
3483,0.331546,1.802280
3484,-0.522395,-1.366803
3485,1.417889,0.425452
3486,-0.550545,-0.831008
3487,-0.808596,1.044388
3488,0.953490,1.769456
3489,0.095733,2.473414
3490,0.482062,2.283821
3491,0.754728,2.919920
3492,-0.379043,0.011479
3493,2.276775,0.469900
3494,-1.010355,2.055751
3495,1.299100,1.395579
3496,0.653800,0.137408
3497,2.192223,0.726779
3498,-0.682332,-1.662528
3499,0.161657,-0.183566
3500,-2.419334,-1.702290
3501,1.419595,1.414547
3502,1.219313,0.215474
3503,-2.410487,-0.774691
3504,1.301135,0.609278
3505,0.843288,0.715863
3506,-1.971876,0.260210
3507,0.053908,0.623778
3508,-0.091450,1.172951
3509,1.439416,1.809338
3510,0.240129,0.390129
3511,-0.850249,-0.692662
3512,1.093933,3.743411
3513,-1.690121,1.509073
3514,1.643397,0.686895
3515,-0.149787,0.292849
3516,1.862451,0.991805
3517,1.030378,0.307737
3518,0.214290,2.642449
3519,1.559509,0.121513
3520,-0.515717,0.343595
3521,0.158081,0.769384
3522,2.624134,0.333647
3523,2.253580,1.009671
3524,0.962473,2.485727
3525,0.079035,0.529565
3526,0.058950,2.261379
3527,1.875577,0.425974
3528,1.384906,1.165496
3529,0.669635,0.976739
3530,1.800308,1.397905
3531,-1.315456,-1.066728
3532,-3.051116,1.983164
3533,0.478573,0.658785
3534,-3.213473,1.319619
3535,0.029118,-0.853816
3536,-1.639539,-0.551548
3537,-2.261020,-0.009750
3538,2.458597,-0.437371
3539,-0.104583,-1.691134
3540,-0.142575,2.140390
3541,0.201895,0.343536
3542,-1.980333,-0.510608
3543,-1.658028,-2.540263
3544,0.533412,0.015286
3545,1.433595,0.867339
3546,0.052989,0.747700
3547,0.781369,-0.158201
3548,1.921561,0.262037
3549,1.188118,-0.136297
3550,0.109812,-1.338858
3551,-2.039525,0.773701
3552,-0.801355,-0.143264
3553,0.386515,1.292269
3554,0.031023,0.953026
3555,-0.912871,2.640801
3556,0.428283,2.482585
3557,-2.803033,-0.326664
3558,2.155056,-0.124457
3559,-1.879220,0.137217
3560,0.308220,0.016550
3561,-0.489810,-0.525625
3562,-1.694023,0.226304
3563,-0.823431,0.251839
3564,0.365237,-0.326170
3565,0.010337,-1.177461
3566,0.179581,-1.035858
3567,-0.492557,-0.317952
3568,-0.297044,1.527137
3569,-0.152594,2.160184
3570,0.569557,-0.054107
3571,-0.886467,0.375478
3572,-0.114424,1.573949
3573,0.939823,0.930493
3574,1.031522,0.041863
3575,0.700132,-0.680946
3576,1.194902,0.016451
3577,-0.641174,-0.357346
3578,0.785666,-0.042314
3579,0.175033,-0.021127
3580,-1.822624,-0.979679
3581,-0.655841,-1.524428
3582,-0.298293,-0.517433
3583,0.223574,0.091568
3584,-2.481133,1.650290
3585,1.546031,-0.505007
3586,-1.164866,-0.580874
3587,-2.169394,-0.585568
3588,-0.922206,-0.792709
3589,-1.725344,-0.995201
3590,0.682712,0.407640
3591,0.792312,0.793865
3592,-1.104461,0.064446
3593,-0.136094,0.668421
3594,-0.023597,1.612119
3595,0.659581,-0.984946
3596,0.007223,0.333298
3597,-0.327245,1.197614
3598,1.449034,0.124560
3599,-0.776953,-0.881944
3600,0.248346,1.192156
3601,0.985761,-1.125799
3602,0.594197,-1.203726
3603,-0.437226,-1.398853
3604,-2.942158,0.564809
3605,-2.571902,-1.245302
3606,-1.726147,0.650840
3607,0.734274,2.609131
3608,-2.731051,-0.080928
3609,-1.477507,-1.465329
3610,0.921819,-0.557165
3611,-1.220780,-0.485113
3612,-0.822572,-0.327746
3613,-0.319180,-0.971410
3614,-0.079482,-0.802848
3615,-2.266934,0.292872
3616,-0.306086,-0.595234
3617,0.305096,0.707304
3618,0.844302,0.015807
3619,1.952748,-0.579486
3620,1.054659,-1.561270
3621,1.836153,0.433301
3622,-0.491619,0.121939
3623,-0.041966,0.898301
3624,-0.375972,-0.366649
3625,1.622833,-0.558518
3626,1.558833,-0.488587
3627,2.309099,-1.068496
3628,1.463238,-1.029819
3629,1.225721,-0.123148
3630,-0.507524,0.151149
3631,0.888459,-0.079518
3632,1.598936,-0.406515
3633,0.875425,-0.934634
3634,0.166960,-0.948540
3635,-0.112090,-1.246261
3636,0.813455,-0.871230
3637,-0.837265,3.378603
3638,2.122026,-0.592302
3639,0.299946,-0.840885
3640,1.335237,-1.254438
3641,1.574402,-0.957507
3642,-0.783444,-0.631754
3643,-1.847183,-1.496858
3644,1.572650,0.875805
3645,0.004421,0.799382
3646,0.952882,-0.804460
3647,-1.375444,-0.472756
3648,-2.578681,-0.454445
3649,-0.442436,-0.896730
3650,-0.986970,-1.204975
3651,-0.956106,-1.407716
3652,0.976121,-0.484518
3653,-1.319729,-0.226833
3654,-0.370087,-1.773565
3655,-0.620334,2.586470
3656,0.552646,-0.867924
3657,0.862300,1.913529
3658,-1.169640,0.102165
3659,0.180944,0.484714
3660,0.396756,-0.769381
3661,-1.709418,-1.385621
3662,-0.614325,-0.560966
3663,0.618112,-1.013124
3664,1.724022,-1.505448
3665,2.042447,-0.673719
3666,-2.569484,3.912346
3667,-2.038295,-0.198222
3668,-1.441371,4.308156
3669,-1.555034,-2.090787
3670,-2.193197,1.307487
3671,0.723716,-0.561746
3672,-1.070224,0.199962
3673,1.121948,1.249180
3674,0.161861,-1.225139
3675,0.680614,-1.430675
3676,-0.594796,-1.633220
3677,0.779323,-1.047985
3678,1.581822,-0.959853
3679,0.041870,-1.381119
3680,0.244447,-1.093628
3681,0.941740,-0.950197
3682,0.835233,-1.124473
3683,0.207573,-1.937320
3684,-0.286917,-0.376500
3685,-0.338276,-1.218840
3686,0.330226,1.006698
3687,0.719076,-1.534153
3688,0.088762,-0.921196
3689,1.552177,-0.377827
3690,0.315064,-0.818883
3691,-0.391430,0.140351
3692,-2.299878,3.242189
3693,-1.906459,-2.752138
3694,-2.758435,0.380732
3695,3.365514,-1.080114
3696,1.032152,-0.194864
3697,0.116232,0.168666
3698,0.919302,-0.616369
3699,0.158126,-0.713468
3700,0.119477,-0.733981
3701,-0.550595,0.156104
3702,-1.392847,-1.740910
3703,1.589269,-0.477285
3704,1.845249,-1.316201
3705,-0.407513,-1.644560
3706,-0.257685,-0.713836
3707,-0.880939,0.324012
3708,0.315048,-0.540633
3709,0.129490,-1.040809
3710,0.620218,-1.197412
3711,1.429898,-0.575055
3712,-1.188949,-1.936983
3713,1.084856,-1.309720
3714,1.027313,0.869314
3715,-0.536971,-1.779480
3716,-0.493143,-2.070472
3717,-1.431268,-0.646359
3718,-3.232547,-0.450814
3719,-0.421925,2.237314
3720,-0.815030,-1.299472
3721,0.753598,-0.887166
3722,0.162483,-0.155724
3723,-0.183803,-0.108940
3724,1.229518,0.029733
3725,0.014657,-0.756958
3726,1.044135,-1.226137
3727,-1.762987,-0.945082
3728,1.044881,-1.298432
3729,-0.640322,-2.726240
3730,-0.569033,-1.533536
3731,-1.408481,-0.640902
3732,-1.594733,-0.557201
3733,0.638241,-0.338933
3734,0.069578,-0.531816
3735,-0.626852,-1.058201
3736,-2.335843,-1.876838
3737,0.409075,-0.376632
3738,0.734337,0.026147
3739,-0.686520,0.588086
3740,0.845634,-0.337299
3741,-0.004913,-0.700293
3742,0.261895,-0.324496
3743,0.165928,-0.650661
3744,-3.653999,-1.644755
3745,-3.876158,-0.035524
3746,-1.213565,0.084725
3747,0.066438,-1.625560
3748,-0.722019,0.327536
3749,-1.956212,-0.201232
3750,-1.032211,0.554886
3751,2.193454,0.224378
3752,-1.217392,-0.181760
3753,-1.929027,1.607033
3754,-2.527733,-2.171574
3755,0.187243,0.264674
3756,-2.173613,-0.335702
3757,-0.854799,1.855911
3758,1.030252,1.443667
3759,-0.833886,1.318191
3760,-0.628301,0.468606
3761,0.582695,-1.417123
3762,0.331408,0.234433
3763,0.345991,0.129872
3764,0.652894,-0.809746
3765,-0.470528,-0.657931
3766,0.490878,-0.114043
3767,-0.855843,-0.787796
3768,1.361309,-1.271650
3769,1.877617,-0.594507
3770,-1.753466,-0.720811
3771,-0.358855,-1.019034
3772,-1.294482,-1.627225
3773,-0.313714,2.146694
3774,-1.169885,-0.256977
3775,-1.120830,-1.428022
3776,0.711497,-0.341421
3777,-1.235665,0.029925
3778,-1.529861,-0.052233
3779,1.936055,-0.233337
3780,0.935464,0.879393
3781,1.707528,-0.605244
3782,-0.056696,0.132241
3783,-3.387313,1.332989
3784,-0.676422,0.108972
3785,-1.674652,0.916396
3786,-1.173499,0.357297
3787,-0.934417,0.780000
3788,0.275077,-0.887523
3789,0.454781,-0.996958
3790,0.842594,-0.956043
3791,-0.184706,-0.654662
3792,-0.240185,-1.104988
3793,0.154761,-1.336012
3794,-1.234197,-0.867386
3795,1.300570,-0.414605
3796,0.150901,-1.598709
3797,-0.448640,0.147196
3798,-3.465581,0.813666
3799,-0.503681,-1.825050
3800,-2.634194,2.509993
3801,-2.170759,0.067996
3802,-3.730124,0.601587
3803,0.654548,0.083182
3804,1.909611,-0.278633
3805,-0.099256,-0.563195
3806,0.611685,-0.533348
3807,-1.082349,1.706126
3808,-0.933707,-1.231767
3809,2.481951,-0.999192
3810,0.637687,-0.712573
3811,0.468420,-1.702479
3812,-2.553911,-0.588863
3813,-0.824165,-0.974183
3814,1.108104,-0.920574
3815,1.500501,-0.052139
3816,-0.716071,1.069856
3817,-0.123391,-0.123333
3818,1.530648,0.881503
3819,0.489882,-0.287607
3820,-1.563527,-0.336761
3821,-2.942250,-3.269631
3822,-0.285047,-1.623666
3823,-1.952088,-1.378772
3824,-0.176221,-2.165058
3825,-2.695396,-2.375725
3826,-2.784076,-0.740718
3827,0.128775,-0.407422
3828,-3.362473,0.910399
3829,0.095993,0.229042
3830,-0.781164,-0.550713
3831,1.021995,-1.490906
3832,-1.901747,0.050078
3833,-2.909312,0.094292
3834,-1.093962,-0.232542
3835,-1.434983,2.321307
3836,-1.406213,-1.990458
3837,-1.163824,-0.131316
3838,-1.998289,-1.111986
3839,1.060163,0.614052
3840,0.692153,-1.113744
3841,-0.556126,-1.667570
3842,0.462352,2.641049
3843,-2.355226,-0.359256
3844,-2.592069,1.023630
3845,-1.742088,1.221293
3846,-1.710114,0.933955
3847,-1.003272,-0.289781
3848,-2.014815,-0.934181
3849,0.381222,-0.514399
3850,-0.275935,-1.176437
3851,-0.736607,-0.854583
3852,0.564876,-1.209269
3853,-1.160169,0.188426
3854,0.900299,-0.228752
3855,-0.274384,-1.568927
3856,1.081749,0.450053
3857,0.170091,-0.903008
3858,1.067893,-0.383630
3859,-1.548543,0.102553
3860,0.387203,-0.591034
3861,-0.017841,-0.287341
3862,1.364394,-0.101717
3863,1.310645,-1.167280
3864,1.382343,-0.775949
3865,1.896063,-0.200715
3866,1.562913,-0.190831
3867,-0.706071,1.176029
3868,-0.637479,-0.472613
3869,-0.887493,-0.456335
3870,-1.141659,0.661852
3871,-1.645526,-0.549392
3872,-0.969289,-0.789303
3873,0.232698,-1.078588
3874,0.148583,-0.576610
3875,-0.675631,1.393897
3876,0.797549,1.155072
3877,-0.272772,2.219717
3878,-1.580503,-0.806978
3879,-1.160517,0.336882
3880,-1.249438,-0.324133
3881,0.579871,0.403056
3882,1.352537,0.357495
3883,-0.187370,0.336978
3884,0.504038,-0.146861
3885,0.443668,0.175193
3886,0.043852,-0.731368
3887,0.714682,-0.555638
3888,0.616349,-0.341622
3889,1.210942,-1.083868
3890,0.323986,-0.118672
3891,-0.543117,-0.600525
3892,1.245896,-0.172982
3893,-2.109107,-1.131216
3894,-1.682586,-0.008711
3895,-1.051842,0.105433
3896,-0.334268,-0.599497
3897,-0.078754,-1.125737
3898,-0.237459,0.059069
3899,0.795786,-1.152608
3900,0.148905,-0.635784
3901,-0.788863,-0.747234
3902,-0.703298,-0.531099
3903,1.572811,-0.364819
3904,0.118405,0.466022
3905,-0.737114,-1.307703
3906,-1.328812,-1.595545
3907,-0.563146,-0.463815
3908,-0.170223,-0.709432
3909,-0.083694,-0.565513
3910,0.309324,0.401867
3911,0.034036,-0.662510
3912,-0.380063,-0.896922
3913,-0.666381,-0.137568
3914,1.357965,-0.827286
3915,-1.815988,-0.208715
3916,0.711402,-0.699588
3917,-0.104408,0.661920
3918,-0.690852,0.173222
3919,0.536371,-0.520458
3920,0.652190,-0.174705
3921,1.482470,0.050485
3922,-3.554322,-1.475012
3923,-0.091277,1.190053
3924,0.586550,-0.583379
3925,-1.026710,-0.553252
3926,0.659252,-0.598956
3927,1.488120,-1.233164
3928,1.120205,-0.874617
3929,-1.347961,-1.460194
3930,0.484813,-0.060123
3931,0.430242,-0.061033
3932,-0.888248,-1.317618
3933,-0.650825,-0.625848
3934,0.281593,-0.241709
3935,-0.906749,-0.698378
3936,0.725358,-0.645825
3937,1.707901,-1.271498
3938,-0.334933,-0.400029
3939,-1.003984,1.894371
3940,-0.645520,-1.283190
3941,-1.188344,-1.074430
3942,-0.838053,-0.063161
3943,-0.146581,-0.761873
3944,-1.852976,-0.814567
3945,-0.797954,-0.634175
3946,0.574401,0.743814
3947,-0.004829,-1.065445
3948,0.565112,1.109966
3949,-0.516615,-1.624737
3950,-0.507228,-0.555632
3951,-2.784412,-1.842997
3952,-0.126840,-1.058079
3953,0.116756,-0.578836
3954,-0.060159,-1.146613
3955,0.653629,-1.192041
3956,-0.167373,-0.999711
3957,1.003874,0.646466
3958,1.650563,-0.520217
3959,-0.690785,-0.081059
3960,-2.493869,0.270021
3961,1.591368,-0.711607
3962,-2.406298,1.751162
3963,0.491318,-0.429351
3964,0.322524,-1.178114
3965,-0.953595,-0.862729
3966,-0.317899,-0.183260
3967,0.148536,-0.292167
3968,-0.398847,-0.806728
3969,-0.620722,-0.223966
3970,-0.093266,-0.175079
3971,0.178157,-0.747427
3972,0.565619,-1.016971
3973,-0.372921,2.163121
3974,0.112481,0.941398
3975,0.034010,0.428809
3976,0.378442,2.015608
3977,0.517729,-0.477350
3978,-2.191892,-1.380226
3979,-0.929173,2.493655
3980,1.980862,0.251710
3981,2.292207,2.104810
3982,-0.750535,0.091250
3983,0.169908,1.967095
3984,-0.448886,0.405327
3985,-0.931543,0.278537
3986,1.399872,1.975946
3987,-0.861610,-2.224554
3988,-0.084532,-0.592506
3989,-0.738351,-1.502068
3990,-0.882067,2.347444
3991,0.214357,0.212056
3992,-2.958770,-1.669958
3993,-1.235581,1.811475
3994,-1.007014,-0.899702
3995,0.445050,-0.189973
3996,-1.098263,0.697951
3997,-1.155260,0.887204
3998,-0.830973,-1.135585
3999,0.029584,0.189822
4000,0.696287,0.146474
4001,-1.568140,-0.482727
4002,-1.236060,1.931273
4003,-0.566432,0.389362
4004,-1.252700,-0.733651
4005,-0.493167,0.382178
4006,-0.545207,1.289588
4007,-0.918260,1.566973
4008,0.542726,0.632454
4009,-0.490547,0.125333
4010,-1.622734,-0.156823
4011,-0.117634,0.148184
4012,-0.725165,0.279463
4013,0.137879,1.966092
4014,1.270783,0.242049
4015,0.127050,0.701392
4016,1.941420,0.732055
4017,-2.177831,-0.697173
4018,1.653993,-0.340896
4019,0.064940,0.561527
4020,0.709270,-0.260683
4021,-1.503218,0.567112
4022,-0.446641,-0.991771
4023,0.558249,-0.124579
4024,1.153717,-0.660145
4025,-1.984712,0.065966
4026,0.256051,-0.145454
4027,-0.782496,-0.428514
4028,0.113499,-1.019944
4029,0.829505,-0.005391
4030,-2.304979,-1.662968
4031,-0.163664,-1.385018
4032,1.645527,-1.925937
4033,0.601638,-0.855592
4034,-0.501003,-1.528822
4035,-2.567632,0.587934
4036,-0.255866,2.381291
4037,-0.950605,0.699081
4038,1.140141,-0.918179
4039,0.003067,1.049610
4040,-0.693842,-0.518511
4041,0.379792,0.341541
4042,1.964947,-0.768894
4043,-0.182020,-0.199855
4044,-2.158583,-0.886463
4045,0.154055,-0.097362
4046,-0.531313,-0.143497
4047,0.652273,-0.551396
4048,-0.130783,0.707612
4049,-0.076360,0.261658
4050,-0.774402,-0.433194
4051,0.461640,-0.689005
4052,-2.243727,-2.139700
4053,-1.641965,-0.623545
4054,2.474007,-0.110450
4055,-1.194380,-1.679200
4056,-2.317583,-2.880040
4057,-1.111955,-1.230276
4058,-1.321370,-0.014964
4059,-0.797364,-1.719089
4060,-2.089693,0.340892
4061,0.561241,-0.596273
4062,-1.228885,-1.655687
4063,-0.076744,-1.351018
4064,0.069491,-1.391638
4065,-1.158491,-1.130316
4066,0.012764,-1.012959
4067,1.359816,0.593056
4068,1.739933,-0.064590
4069,0.592373,-0.880182
4070,1.342912,-0.619366
4071,1.040737,0.693858
4072,1.996608,-0.947811
4073,0.390952,1.005024
4074,-0.308690,-0.397535
4075,1.792944,-0.315303
4076,-1.467037,-2.244668
4077,-1.630435,-1.554836
4078,1.028868,-1.083221
4079,-1.354196,-0.624224
4080,-0.861803,0.389481
4081,-2.196753,0.091405
4082,-0.511189,-1.895045
4083,1.413152,-0.078350
4084,-0.073819,-1.042179
4085,-0.912774,-0.136566
4086,-0.430722,-0.503930
4087,0.458923,0.545505
4088,1.233353,-0.914012
4089,0.914487,-0.828623
4090,1.188309,-0.929726
4091,-0.373214,-0.179183
4092,-1.044200,-1.170264
4093,-0.542616,-1.817252
4094,-0.487459,-1.431641
4095,-0.257077,-1.693509
4096,-0.377177,-1.124663
4097,1.700450,-1.447296
4098,-2.300190,-1.157797
4099,-0.874559,3.194565
4100,-0.516258,1.696648
4101,-0.808451,-1.638247
4102,0.825375,-0.523201
4103,0.060400,-0.400124
4104,-0.015549,2.278171
4105,-2.493230,0.746286
4106,-1.605521,-0.252397
4107,-2.195599,2.815962
4108,-0.618007,-0.314619
4109,0.138698,-0.205218
4110,-0.070381,0.756190
4111,-1.768654,-0.443923
4112,0.786271,-0.597233
4113,1.018688,0.184827
4114,-1.284211,-0.326018
4115,-0.350335,-1.091268
4116,-1.286917,0.305415
4117,0.435769,1.616109
4118,-0.183501,1.352112
4119,0.285643,-1.115098
4120,-1.061763,-1.329005
4121,-0.181139,0.273080
4122,0.227330,-0.561208
4123,-2.105451,0.076233
4124,-0.169967,-0.097173
4125,1.355158,-0.321466
4126,0.761971,1.362786
4127,-0.065728,0.334310
4128,-0.261398,0.528497
4129,-1.035304,-0.432823
4130,0.611532,1.794118
4131,-0.897296,2.312228
4132,-1.254358,-1.381558
4133,1.621276,2.268483
4134,-0.724693,2.225891
4135,-0.255714,-0.186163
4136,-3.221471,1.933977
4137,1.372085,2.128820
4138,0.353161,1.459901
4139,-0.011512,2.836635
4140,-2.122226,0.651752
4141,0.308869,2.070543
4142,-0.311683,1.001746
4143,0.271367,1.962203
4144,0.130856,0.011203
4145,0.150215,2.100574
4146,-1.772875,-0.219065
4147,-1.039226,-0.201863
4148,1.335471,-0.137483
4149,0.457207,-0.194705
4150,-0.557774,0.394274
4151,-1.872884,0.050294
4152,-2.085661,0.488760
4153,1.073727,2.770206
4154,2.053469,0.318713
4155,0.601531,0.055557
4156,0.478301,-0.896953
4157,-0.307057,0.449811
4158,0.095930,-0.389773
4159,2.864548,-0.772974
4160,-1.643730,1.071243
4161,0.416038,-0.741698
4162,1.655276,-0.332920
4163,-0.001183,0.018937
4164,-1.935778,3.858655
4165,1.316814,1.408034
4166,-1.355794,2.649892
4167,-0.188582,-0.555051
4168,0.904142,-0.776610
4169,1.912020,0.093759
4170,1.415918,0.173199
4171,1.668216,-0.889421
4172,-1.305645,2.286841
4173,-0.319700,-0.492128
4174,-2.043225,-0.799790
4175,-0.369601,0.004718
4176,1.360306,-0.506040
4177,3.365514,-1.080114
4178,-1.245675,2.830742
4179,0.943438,0.522600
4180,1.511025,-0.970797
4181,-1.632857,0.749149
4182,-1.275660,-1.453273
4183,-3.379235,0.574873
4184,1.823258,-0.932298
4185,-0.574382,-1.009541
4186,-2.460255,-0.414714
4187,-2.207905,1.142381
4188,0.705973,-0.896795
4189,0.491253,0.250539
4190,0.062002,-0.797889
4191,-0.871721,0.036270
4192,0.643870,-0.679846
4193,0.447885,-1.082355
4194,1.035615,-1.176124
4195,0.416591,2.222428
4196,-0.194608,1.293373
4197,-0.042613,-0.131280
4198,-1.552975,-0.972271
4199,1.936696,0.868903
4200,-2.154411,-0.919898
4201,1.265959,-0.725538
4202,-1.055213,0.924401
4203,-1.019988,0.705127
4204,0.929707,-1.642764
4205,-1.772161,0.498611
4206,0.089150,0.009366
4207,1.650833,-0.813533
4208,1.957978,1.174863
4209,-1.409682,1.217414
4210,0.591495,-1.061022
4211,0.673965,-0.046739
4212,1.170834,-0.356865
4213,-1.209223,-0.375442
4214,0.885093,0.774329
4215,-2.227781,-3.126566
4216,-0.508737,-1.885745
4217,-1.392955,-1.189697
4218,-1.827392,-2.551273
4219,-0.647991,-0.814834
4220,1.341822,1.568452
4221,-2.375248,0.595766
4222,-1.216670,-1.637083
4223,-2.352491,-1.251502
4224,-1.654521,-1.752491
4225,1.343233,0.075955
4226,0.264881,0.774597
4227,-0.157330,-0.524712
4228,-0.642500,0.719335
4229,-1.719570,-0.387384
4230,1.218144,2.116202
4231,-0.405467,-1.314737
4232,-0.274041,0.046680
4233,-1.378816,0.174504
4234,-0.746479,-1.336252
4235,-0.859677,0.190902
4236,0.152008,-0.541925
4237,0.674665,1.061756
4238,1.556839,-1.189543
4239,0.090182,-0.294078
4240,0.896501,-0.590936
4241,-3.420197,0.066486
4242,-1.303827,-0.581610
4243,-0.790258,-0.238905
4244,0.439108,0.110319
4245,0.501387,-1.110514
4246,-0.511897,0.413240
4247,1.021567,-0.140095
4248,0.202443,-0.206356
4249,-0.430620,-0.399232
4250,0.860776,-0.101739
4251,0.452871,1.046825
4252,-1.628267,1.895080
4253,1.204885,0.316892
4254,1.107092,-0.924954
4255,-1.484709,0.912571
4256,0.489194,2.745471
4257,-0.175343,-0.537173
4258,0.630714,-0.551011
4259,-2.019073,0.263618
4260,0.537268,-0.763808
4261,0.781070,-0.840973
4262,0.724629,-0.705483
4263,-0.786116,0.594523
4264,-0.559770,-0.591468
4265,0.122986,0.172149
4266,0.919164,0.534783
4267,-1.523416,1.029232
4268,-0.118945,-0.206825
4269,0.181142,-0.392112
4270,-1.050942,0.059658
4271,-2.479255,1.156587
4272,-2.499807,1.337025
4273,1.062265,-0.722716
4274,-1.193161,0.957322
4275,-1.931081,0.994319
4276,-1.208164,0.572458
4277,-0.240915,-0.635881
4278,-0.609168,2.155773
4279,-2.277073,-0.191593
4280,0.079049,0.699178
4281,1.091800,-0.437905
4282,0.790297,0.218743
4283,1.495224,-0.508833
4284,-0.464378,-0.676493
4285,-0.075568,0.321457
4286,0.570619,0.957283
4287,-0.535143,-0.242259
4288,1.395225,0.856565
4289,-0.243660,-0.089768
4290,-1.025536,1.156088
4291,-0.205324,0.037369
4292,0.325296,0.119627
4293,0.213738,0.721336
4294,-0.887732,-0.436365
4295,-1.821245,1.786593
4296,0.371537,-0.091257
4297,1.161138,-1.049390
4298,-0.408559,1.938227
4299,0.061540,-1.823591
4300,1.597513,-1.137848
4301,0.626614,-2.426669
4302,0.314280,-1.523993
4303,-0.720810,0.162699
4304,0.840807,-0.434675
4305,-0.064985,-1.277735
4306,-0.380775,1.174483
4307,1.605486,-0.547787
4308,1.129715,1.137329
4309,1.293107,0.100865
4310,1.176930,-0.596285
4311,0.516060,-0.959896
4312,1.200139,-0.589413
4313,-0.207752,-0.995181
4314,0.368256,-0.457819
4315,0.276911,-1.028510
4316,-0.579602,0.304285
4317,-1.328063,0.294258
4318,0.678075,-0.380836
4319,-0.785548,0.457912
4320,-2.273566,0.043098
4321,1.929969,-0.335536
4322,-1.198826,0.229410
4323,0.418172,-0.288438
4324,1.323786,-0.781502
4325,-1.233939,0.314314
4326,0.797632,-0.303812
4327,1.409301,-0.227421
4328,-0.366397,0.257804
4329,1.047550,-1.331603
4330,1.597836,-0.610100
4331,-2.683472,-1.327543
4332,0.848381,-1.081168
4333,-2.401125,-0.075856
4334,0.409546,1.235504
4335,1.705093,0.000962
4336,0.448289,0.126615
4337,1.564075,2.413484
4338,-1.599656,-1.481895
4339,0.746406,4.297356
4340,0.542097,0.505719
4341,-1.317567,-1.005224
4342,1.980309,-0.390495
4343,0.400681,0.575446
4344,-0.670385,-0.168440
4345,1.146980,-0.436024
4346,0.927040,1.874857
4347,1.382594,0.243092
4348,0.586024,-0.549627
4349,1.572920,1.036346
4350,2.016442,1.121416
4351,0.655384,-0.154209
4352,-1.942704,-0.913631
4353,1.399300,0.998775
4354,-1.448819,0.399907
4355,-0.744697,-0.894773
4356,-1.444878,0.080473
4357,0.035745,2.851606
4358,-2.282807,-0.015759
4359,0.285359,0.528578
4360,-2.387618,2.208501
4361,-1.862746,0.428059
4362,-1.330533,1.617821
4363,-2.727155,1.248786
4364,-0.696621,1.260078
4365,-1.920757,-1.055122
4366,1.235586,2.319765
4367,-0.041022,1.440619
4368,3.062918,-0.417588
4369,-1.296918,0.620231
4370,0.355549,1.337015
4371,1.311893,-0.002769
4372,0.577052,1.305681
4373,0.477578,0.533498
4374,-0.515078,2.596756
4375,-0.781832,-0.139876
4376,-1.378076,0.004763
4377,-0.301744,1.011486
4378,2.057463,-1.033114
4379,-1.530268,1.212295
4380,-0.500481,-0.774219
4381,2.257459,0.255905
4382,0.497322,1.208091
4383,-1.468595,-2.122180
4384,-1.322275,-1.322685
4385,-1.255300,0.224558
4386,-0.073305,-0.119101
4387,-0.008470,0.679481
4388,0.705773,0.672808
4389,2.693046,0.459669
4390,1.301514,1.910070
4391,0.345130,0.980749
4392,1.610437,0.607021
4393,1.438258,0.540923
4394,1.471059,1.083820
4395,1.287061,-0.761379
4396,-0.158341,-1.232962
4397,2.105555,-1.019684
4398,1.183956,0.366108
4399,-0.350251,-1.533696
4400,1.018780,-0.082768
4401,-0.328535,1.390272
4402,-1.294276,1.080835
4403,0.826302,1.074771
4404,-0.454683,0.278945
4405,0.611286,1.834929
4406,0.377899,1.240308
4407,-0.347917,3.116212
4408,0.529554,1.648456
4409,-0.948529,0.849881
4410,1.514300,1.276928
4411,-0.723939,-1.480292
4412,-1.272327,0.710915
4413,1.836041,0.072938
4414,0.608863,1.154751
4415,0.420784,0.023860
4416,0.374295,-0.332097
4417,-2.871916,0.817144
4418,-0.985471,1.012360
4419,0.232515,-0.732264
4420,-0.410431,1.033164
4421,0.545082,1.620115
4422,-0.480862,0.560188
4423,0.673047,1.334154
4424,-2.864002,-0.406955
4425,0.805728,-0.168316
4426,1.642644,0.877122
4427,0.970414,1.128344
4428,1.480214,0.664889
4429,1.380385,0.699213
4430,0.335761,1.359397
4431,-0.546035,1.993567
4432,0.923826,0.429196
4433,0.827144,1.161060
4434,-1.866750,0.420875
4435,0.615003,0.147606
4436,1.602370,0.984513
4437,2.143822,0.804742
4438,0.868984,0.253101
4439,0.883584,-0.469946
4440,2.518362,-1.481186
4441,0.116010,0.273655
4442,-0.626428,3.353423
4443,-0.119748,3.362162
4444,-0.789846,3.077593
4445,1.002395,-0.296515
4446,1.580968,0.365479
4447,1.730427,0.644224
4448,-1.432625,-1.240782
4449,0.928880,0.415704
4450,0.441252,1.469635
4451,-0.995879,0.481988
4452,0.993599,0.857004
4453,0.539278,-0.404896
4454,-1.358835,0.791446
4455,-0.172641,2.097185
4456,-1.348487,-0.059808
4457,1.820843,0.698096
4458,1.795046,-0.395360
4459,1.600587,0.317854
4460,0.269985,1.526249
4461,-1.950503,-1.859151
4462,-0.040681,-1.066490
4463,0.649854,0.343771
4464,0.438294,-0.818143
4465,-1.857202,-1.266839
4466,-2.713042,1.581401
4467,1.761679,2.030451
4468,-2.326344,1.423681
4469,-1.247113,-0.212294
4470,-1.047793,-2.066277
4471,0.397476,1.437779
4472,1.354865,1.403890
4473,0.428723,-0.112021
4474,0.395285,2.077013
4475,-1.103023,1.082138
4476,0.367098,-0.543679
4477,1.873564,-0.582429
4478,-0.656101,-0.085750
4479,0.651086,-0.967154
4480,-0.443180,-0.732290
4481,-2.181755,-2.298876
4482,2.256881,0.936896
4483,1.573425,0.592896
4484,0.901051,1.217922
4485,2.777976,0.121387
4486,-0.341589,0.501963
4487,0.745821,1.782599
4488,-2.177098,1.102730
4489,1.012335,1.099150
4490,-0.668996,0.501204
4491,2.547742,0.499472
4492,2.426239,-0.614754
4493,-0.476463,-0.680286
4494,-0.328996,-0.289295
4495,-1.354055,0.631006
4496,0.129242,-1.012591
4497,2.506776,0.359596
4498,1.210094,0.457576
4499,-0.301199,3.818907
4500,1.751091,0.316483
4501,2.077206,0.062599
4502,1.987729,-0.256527
4503,-0.636764,0.962377
4504,2.321954,0.572746
4505,-0.495142,4.980806
4506,1.441612,1.379099
4507,1.812967,0.606340
4508,0.324674,2.758884
4509,0.749367,1.572282
4510,-2.199145,-1.668816
4511,1.727899,1.052684
4512,0.472119,2.681318
4513,-0.728934,3.297158
4514,0.191113,0.340903
4515,0.025838,0.355299
4516,-0.852072,1.136154
4517,2.321706,1.250421
4518,-1.499034,-0.413640
4519,1.388298,0.969276
4520,0.870836,1.140352
4521,-0.359154,3.336997
4522,0.326659,3.104482
4523,-3.369943,-0.365625
4524,0.419871,2.982657
4525,1.342491,-0.475697
4526,0.085205,-0.017967
4527,1.992339,0.585812
4528,0.961947,-0.511253
4529,1.751643,0.408114
4530,-0.562244,-0.288207
4531,0.900435,0.850115
4532,-0.002551,-0.338223
4533,-1.488355,-0.135422
4534,-1.031294,-0.388802
4535,2.163406,0.105421
4536,-0.118779,1.432384
4537,-1.386147,-0.323258
4538,-1.072861,1.722192
4539,-0.800276,1.954622
4540,-0.576996,3.193295
4541,0.611543,3.036549
4542,-0.791736,4.203979
4543,1.310992,1.646207
4544,-0.008928,0.722791
4545,0.818217,1.066853
4546,-1.074562,0.743192
4547,1.178960,0.420005
4548,-1.480482,1.626768
4549,0.960677,4.830785
4550,-0.067302,1.346109
4551,0.561155,0.693575
4552,0.450671,1.134322
4553,1.604221,-0.358512
4554,0.534715,3.335557
4555,-1.094709,0.956156
4556,-1.469708,2.318629
4557,-1.336065,0.138332
4558,-0.932699,2.991426
4559,0.516935,1.521328
4560,1.136756,0.752843
4561,1.786488,-0.533963
4562,-1.476034,0.591109
4563,0.442210,0.340416
4564,0.836511,0.146879
4565,0.796307,1.221386
4566,-1.665801,-0.399768
4567,2.044683,0.289294
4568,-0.151104,2.193559
4569,1.386173,-0.120600
4570,0.276360,1.855068
4571,1.513139,1.106336
4572,0.263048,3.254775
4573,-0.190370,-1.125029
4574,0.754784,-0.981955
4575,-2.070845,-0.524539
4576,0.903665,-0.912304
4577,0.445086,-0.600842
4578,0.346885,-0.456866
4579,0.267817,0.548762
4580,2.437608,0.263225
4581,0.379574,0.470584
4582,0.815781,1.857820
4583,0.529315,-0.653626
4584,1.488139,-0.411182
4585,-1.440232,-0.652524
4586,-1.370858,0.608184
4587,-0.991803,1.230339
4588,-0.400337,-0.986414
4589,-0.237101,-1.439279
4590,1.313812,-0.627900
4591,0.795604,-0.698976
4592,1.464189,3.933647
4593,0.359818,0.187924
4594,-1.743929,2.790961
4595,2.290435,0.145589
4596,-0.020483,-0.188041
4597,1.823543,0.331529
4598,-1.997667,-1.512397
4599,-1.684660,2.305619
4600,1.291882,-0.718576
4601,1.634743,-1.022302
4602,0.307263,0.014788
4603,-1.103789,-1.604487
4604,2.184877,0.028435
4605,0.366513,0.206583
4606,0.533623,-0.295797
4607,-0.331830,0.163347
4608,0.915930,-0.355332
4609,1.073150,-1.593747
4610,-1.922200,-0.052424
4611,0.466045,0.660448
4612,-0.508371,-0.336119
4613,0.719527,-0.488238
4614,0.464021,-0.046316
4615,1.824453,2.322049
4616,0.597723,1.395783
4617,-1.297642,-0.298213
4618,-1.717638,-0.920876
4619,1.093917,0.846449
4620,-0.731413,-0.368877
4621,0.551365,-0.750618
4622,0.310585,-0.740625
4623,0.690719,-0.288985
4624,-1.515640,0.702599
4625,-0.472722,0.188737
4626,2.787444,0.271442
4627,2.112992,0.132130
4628,-0.063014,-0.849836
4629,-0.142591,-0.237104
4630,0.787779,0.538610
4631,1.530479,4.066985
4632,0.058325,0.744594
4633,-0.027788,0.760592
4634,-0.959955,-0.128543
4635,0.435042,0.535949
4636,-0.155353,2.967470
4637,2.065458,-0.686387
4638,-0.751283,-0.022662
4639,0.414210,0.799314
4640,0.689614,0.642343
4641,1.045308,0.040021
4642,1.205487,-0.478605
4643,1.155614,1.373918
4644,0.246862,0.729940
4645,-0.136495,0.142943
4646,-0.518371,-0.082528
4647,1.605980,0.111716
4648,1.727953,0.447492
4649,0.532428,-1.343363
4650,0.177460,-0.118655
4651,1.071194,-0.208912
4652,-0.131237,1.830578
4653,1.167200,0.176133
4654,-0.122452,-0.913977
4655,-1.350024,-0.136065
4656,-0.518182,0.537857
4657,-2.155000,-1.323484
4658,0.009767,-0.059460
4659,0.228409,2.479679
4660,-0.546407,1.721412
4661,0.770792,1.413131
4662,0.908451,-0.013345
4663,0.863149,1.476870
4664,-3.000556,-0.933711
4665,-1.332438,3.245978
4666,-0.469439,0.088922
4667,1.656175,-0.914206
4668,1.247197,1.020294
4669,1.301204,0.750012
4670,0.607236,0.960166
4671,0.176921,-0.289773
4672,-0.708178,-0.958520
4673,-0.562396,-1.904302
4674,-0.080683,-1.935604
4675,-2.704052,-0.626290
4676,-0.200449,0.016316
4677,1.254909,0.564077
4678,0.045307,-0.765923
4679,-0.183189,-0.596235
4680,-2.765972,0.448801
4681,2.939223,-1.353420
4682,-0.358626,-1.283293
4683,0.798919,-0.537134
4684,1.549100,-1.030517
4685,0.622217,0.022441
4686,3.346526,-1.023769
4687,0.594571,-0.256451
4688,0.421831,-0.035989
4689,1.708402,-0.072105
4690,0.399439,-0.661076
4691,0.225232,-1.419578
4692,-0.825093,-1.687639
4693,1.108508,-0.459710
4694,2.997335,-0.691063
4695,1.688240,-0.329545
4696,2.850697,0.447550
4697,0.387153,0.033282
4698,2.968524,-0.114184
4699,1.299185,-0.897841
4700,1.950608,-0.354809
4701,1.690703,-0.373255
4702,0.678602,-0.072527
4703,-3.843702,-3.502257
4704,0.748923,1.411595
4705,-1.552789,-0.109208
4706,0.365876,-0.576229
4707,-0.586914,-1.114810
4708,-2.069434,-0.447990
4709,-0.428240,-1.253531
4710,-0.287616,-1.775858
4711,0.480338,0.882930
4712,1.298725,-0.138705
4713,-1.821121,2.812486
4714,-1.631356,0.741415
4715,-0.432387,-0.337896
4716,0.039746,1.084358
4717,-1.577715,0.739608
4718,0.779353,0.367617
4719,1.139270,-0.120107
4720,1.081373,-0.452333
4721,1.492902,-0.418452
4722,1.982512,0.422394
4723,1.141262,-0.155033
4724,0.116601,-0.281426
4725,-0.128841,-0.263550
4726,-0.361961,-1.117909
4727,-3.703148,-1.476888
4728,-0.161507,1.520251
4729,2.004020,-0.930564
4730,1.685146,-1.106580
4731,-0.458535,-0.451029
4732,-1.483966,0.181263
4733,1.024970,2.193325
4734,-0.473445,1.330777
4735,1.121639,-0.144445
4736,-0.802960,-0.283494
4737,-1.769514,-0.090856
4738,2.385025,-0.469479
4739,0.122515,-1.161403
4740,0.017826,-1.516814
4741,-0.305565,-0.939599
4742,-1.420971,-1.607046
4743,1.981955,-0.659296
4744,-2.221762,-0.159674
4745,0.740755,2.530828
4746,1.144655,-0.263464
4747,0.313045,-0.590021
4748,1.220545,-0.306198
4749,1.394764,-1.048599
4750,-1.273637,-1.118265
4751,1.216975,0.171042
4752,-2.386347,-2.571381
4753,1.926525,-0.539756
4754,-2.391851,1.801438
4755,-0.882303,-0.399736
4756,0.211293,0.063960
4757,-1.092009,-0.702038
4758,0.955356,-0.326819
4759,0.188416,-0.667385
4760,1.328173,-1.716647
4761,-0.532175,-0.791602
4762,-2.105236,-1.793197
4763,-1.057547,-0.441701
4764,1.187666,-1.669695
4765,-0.728102,-0.257412
4766,-1.021998,0.695554
4767,1.470977,0.102385
4768,-0.292061,0.374355
4769,1.652524,-1.160289
4770,-1.317851,0.095852
4771,0.330667,-0.311453
4772,-1.320330,-1.595228
4773,0.307466,-2.332823
4774,-1.880947,-0.025330
4775,-1.171846,-0.842190
4776,-0.347205,-0.103633
4777,-2.602567,0.971965
4778,-0.508722,-1.701837
4779,0.930836,-2.075307
4780,2.962252,0.116521
4781,-0.474391,-2.391367
4782,-1.836314,-2.025722
4783,-1.768305,-0.654378
4784,-3.145957,3.413325
4785,-2.020629,1.511364
4786,-4.480356,0.384278
4787,-4.108969,-2.088799
4788,-2.784122,2.316104
4789,-0.723831,-1.228359
4790,-0.644265,-1.131569
4791,-3.243020,2.132485
4792,-0.174674,0.740075
4793,0.310284,0.410908
4794,0.250079,-1.856701
4795,-0.011071,0.824384
4796,-0.662692,-1.022638
4797,-3.860953,0.684300
4798,1.852527,-1.212610
4799,-0.021832,-0.743799
4800,-1.616447,-0.745467
4801,-2.772721,-1.582085
4802,-0.527442,0.140428
4803,-1.705099,-3.520968
4804,1.147484,-1.558131
4805,0.114103,-1.580251
4806,-0.181649,-1.693058
4807,-0.701223,-0.021490
4808,-0.328391,-1.768604
4809,0.612349,-2.465619
4810,-4.348894,1.816833
4811,-2.455991,1.145124
4812,0.000731,3.261547
4813,-1.344502,-1.597033
4814,-1.506640,-2.111681
4815,-3.156119,-2.050981
4816,-4.080959,-3.419090
4817,0.668853,-1.365834
4818,-3.101167,0.501900
4819,-1.180144,-1.001402
4820,1.663059,-0.276910
4821,0.699007,-0.579702
4822,-0.486647,-0.872934
4823,0.332399,-0.723752
4824,-0.998445,1.295729
4825,-0.489809,-0.715947
4826,-1.323933,-1.095024
4827,0.296420,1.552752
4828,1.971010,0.320134
4829,0.333388,-0.107015
4830,-0.567428,-0.037274
4831,-0.190276,1.455943
4832,-1.395398,-0.499883
4833,0.237679,-0.023572
4834,-1.570050,-0.655061
4835,-1.003847,-1.012515
4836,-0.872143,0.108582
4837,0.246342,0.224662
4838,-2.550654,1.197796
4839,-2.779292,-0.488264
4840,0.825072,1.193662
4841,-2.295912,0.913088
4842,-1.054180,-0.168928
4843,0.227380,0.021437
4844,-0.144536,-0.061289
4845,0.755407,1.471975
4846,0.918084,-0.716808
4847,0.650854,-0.824019
4848,0.518284,0.003962
4849,-0.297372,0.162809
4850,-0.283384,-0.821788
4851,-1.844481,0.800403
4852,0.179742,0.485661
4853,0.875807,0.557809
4854,-0.691505,-0.892325
4855,1.157075,-0.494588
4856,-0.059742,-0.796698
4857,-0.140953,0.467848
4858,0.896865,-0.889509
4859,0.326586,-1.086368
4860,-0.424019,-1.685253
4861,1.793438,-0.012706
4862,-1.031967,-1.378799
4863,0.334819,0.944396
4864,0.515591,-0.627969
4865,-1.284059,0.456920
4866,1.175254,0.077878
4867,2.550259,-0.482270
4868,-0.626504,-0.484663
4869,-0.241435,-0.518098
4870,-1.303862,0.872097
4871,-2.315330,1.738340
4872,-0.682954,0.317100
4873,0.103340,1.803459
4874,-1.458055,-1.746215
4875,-3.574671,0.876515
4876,-1.141789,-0.025568
4877,0.834008,-0.495092
4878,-0.608059,1.036584
4879,-0.003536,-0.009171
4880,-0.866056,0.615019
4881,-0.588950,0.541630
4882,0.831834,-0.531543
4883,-0.746473,0.010295
4884,0.064111,2.088495
4885,-0.734253,4.901799
4886,0.458759,0.613030
4887,0.530517,0.496786
4888,-0.134268,-0.777390
4889,-0.632703,-0.677305
4890,-0.356292,-0.160356
4891,1.427867,-1.027945
4892,1.089920,-0.294129
4893,1.071978,-0.146143
4894,-3.631728,1.570182
4895,-0.272872,-0.665523
4896,0.842148,1.006106
4897,-0.315154,-0.779401
4898,-0.103739,0.111832
4899,1.680974,1.381886
4900,1.704810,0.134043
4901,-0.516126,1.090903
4902,0.675901,0.073478
4903,-1.846851,1.254200
4904,0.053582,-0.408409
4905,-0.631156,-0.851728
4906,-1.535533,-1.219291
4907,-0.691485,0.494760
4908,2.001286,2.823688
4909,-1.815608,-0.259146
4910,1.525769,-0.495798
4911,1.299373,0.385677
4912,1.049138,-0.692395
4913,0.903916,1.561134
4914,-1.233259,-0.770917
4915,-0.632142,-0.143042
4916,0.200025,0.803411
4917,0.331308,1.763879
4918,0.326230,-0.386471
4919,-1.970456,1.355331
4920,-2.256260,0.044413
4921,-2.199880,-0.424628
4922,-2.178854,-0.622815
4923,-1.570342,-0.057963
4924,-1.750214,-0.042429
4925,0.022394,-0.012244
4926,-1.301714,1.179762
4927,-0.611158,1.056316
4928,-0.493260,-0.579616
4929,-0.123750,1.974097
4930,-2.158518,0.315750
4931,1.492572,0.321883
4932,0.276566,0.255857
4933,1.386730,0.173024
4934,0.851022,-0.897409
4935,0.299559,-1.639741
4936,2.191986,-0.487663
4937,1.380373,0.173076
4938,-2.697560,-1.085724
4939,0.323744,0.482687
4940,-0.581389,-0.619687
4941,-0.067310,0.579413
4942,0.941203,-0.995666
4943,1.452736,0.122558
4944,1.821362,-0.245272
4945,-2.006195,0.508802
4946,-0.662702,-0.363912
4947,-2.378050,-0.909937
4948,-0.419987,-0.966897
4949,-1.944909,1.485767
4950,-1.416184,0.055053
4951,-2.510568,1.166897
4952,-1.617157,1.256293
4953,1.442524,1.640392
4954,-0.696296,0.040516
4955,-0.351567,-0.834054
4956,1.224406,-0.167821
4957,-0.699585,-0.669813
4958,-1.498790,2.040110
4959,0.188485,-0.704553
4960,-1.854887,-0.752720
4961,0.510952,-0.354565
4962,-0.185695,-0.363983
4963,-0.968532,-1.134115
4964,-1.113087,-0.112487
4965,1.815271,-0.650360
4966,0.225737,0.803878
4967,1.447148,0.065060
4968,-0.037161,-0.057276
4969,-1.782332,0.130297
4970,-0.160409,0.680941
4971,0.415051,-1.022139
4972,-0.814328,0.328849
4973,-2.729523,-0.176866
4974,-4.489786,-1.879392
4975,2.364195,-0.398545
4976,-0.860062,1.724769
4977,-2.396068,-2.596013
4978,-0.017648,-0.920981
4979,-0.301949,0.539404
4980,-1.761532,-0.690267
4981,0.461285,0.665761
4982,0.597342,0.026674
4983,0.473365,0.302002
4984,-1.542025,1.175715
4985,1.261236,-0.708592
4986,1.407522,-0.299249
4987,1.198392,-0.344025
4988,-1.074157,1.382533
4989,-1.486855,1.744286
4990,-3.122412,0.005534
4991,-2.485173,-1.684452
4992,-0.848250,1.181815
4993,-0.442613,0.907731
4994,-1.242013,-0.059689
4995,-4.113496,1.309623
4996,-3.311020,1.386472
4997,0.820569,0.194996
4998,-0.979507,-1.349319
4999,-0.951023,-0.684990
5000,-0.212476,1.127787
5001,-2.005743,-0.350949
5002,-2.645435,-2.710053
5003,-1.108030,0.202467
5004,-1.156385,0.627452
5005,-3.088451,0.572844
5006,-2.699457,0.699183
5007,-1.662561,2.177002
5008,-1.067031,-1.851489
5009,0.650288,-2.259003
5010,-0.594156,-0.858653
5011,-0.781150,0.057095
5012,-1.296315,0.127419
5013,-1.895330,-0.446397
5014,-1.776822,0.775285
5015,0.080066,0.664904
5016,-1.262099,-0.028394
5017,-0.681145,0.111226
5018,-2.511688,-1.971730
5019,0.570031,-0.416417
5020,-2.757705,0.337962
5021,-2.174879,2.668293
5022,0.709635,0.061545
5023,-1.488066,-0.954673
5024,-0.662018,0.869385
5025,1.490945,-1.062958
5026,-0.304957,-0.828967
5027,-1.056705,-1.251775
5028,2.297420,-0.929742
5029,-0.191137,-1.408209
5030,0.990073,-0.815037
5031,-1.763278,1.252882
5032,-1.253703,2.914093
5033,1.748712,-0.103607
5034,-0.459504,0.996409
5035,0.869414,-0.192143
5036,2.128131,0.050733
5037,-0.623837,-0.525982
5038,0.356941,-0.314300
5039,-0.111597,-1.339557
5040,-3.736730,-2.703939
5041,0.593519,-1.084296
5042,-0.687386,1.537807
5043,1.265813,-0.480060
5044,-0.333932,0.327118
5045,0.416730,0.121948
5046,-0.763794,-0.547653
5047,-0.031057,0.073132
5048,0.480424,0.186711
5049,1.101197,-0.371613
5050,1.520804,-1.172879
5051,0.889467,-1.522161
5052,0.721341,-0.768793
5053,1.794347,-0.748593
5054,1.917402,-0.622830
5055,-0.872006,0.170285
5056,-1.026913,1.238985
5057,-0.497757,0.106580
5058,-0.800014,-0.606200
5059,-1.738991,-0.794450
5060,-1.830311,-0.430475
5061,1.253134,-0.310726
5062,-0.350063,-1.106162
5063,-1.651450,0.085462
5064,1.042041,1.140853
5065,-1.795558,0.119308
5066,0.047868,-0.133165
5067,-0.028788,-0.320233
5068,-0.559170,-1.164629
5069,1.961063,-0.053452
5070,-0.164685,0.592482
5071,1.500962,0.145715
5072,1.473644,-0.594340
5073,0.863403,-0.741341
5074,1.927654,-0.559539
5075,-0.743688,-0.380381
5076,1.454184,-0.921536
5077,2.170882,-0.703834
5078,0.154467,-1.224195
5079,-0.096994,-1.032418
5080,0.845811,-0.545584
5081,0.380750,-0.696278
5082,1.914335,0.725828
5083,-3.288268,-2.345068
5084,0.039301,-0.894119
5085,-1.976570,0.638105
5086,-1.788015,0.347138
5087,-0.427276,-1.518178
5088,0.834223,-0.453552
5089,0.739848,-0.679402
5090,-0.247917,0.735781
5091,-0.854648,0.155756
5092,0.537149,-1.250682
5093,1.968640,-0.825177
5094,1.227210,-0.376240
5095,0.830376,0.895557
5096,0.837775,-1.224538
5097,-1.821926,-1.997331
5098,0.862352,0.455240
5099,-0.302581,-1.350345
5100,1.519191,-0.241175
5101,0.755602,0.182862
5102,-1.679178,-1.358172
5103,0.437692,-0.413091
5104,1.296483,-0.366834
5105,-1.095343,-1.819164
5106,-2.225859,-1.792753
5107,-0.222519,-0.670046
5108,1.788606,-1.204789
5109,0.099882,-0.272649
5110,-0.569736,-0.502347
5111,1.501826,-0.685575
5112,0.749628,-0.423853
5113,-0.132107,-0.799023
5114,-1.058516,-1.791548
5115,1.853982,-0.852482
5116,-0.845438,-0.244040
5117,1.523976,-1.093366
5118,-2.162489,-0.706281
5119,0.696901,-0.331211
5120,1.394707,-1.151606
5121,-0.232859,-1.671974
5122,1.893316,-1.835683
5123,0.464062,-0.170396
5124,2.403669,-1.113372
5125,0.668551,-0.309143
5126,-2.537019,-2.111904
5127,0.609315,-0.961468
5128,-1.248243,-2.059996
5129,-0.037198,-0.711986
5130,-0.355852,-1.770641
5131,1.548403,-0.839135
5132,-0.761678,-1.066421
5133,-0.053385,-1.245380
5134,-0.931564,-0.830189
5135,0.880334,-0.886042
5136,1.860057,-0.635824
5137,1.534819,0.554153
5138,-0.397158,-0.452951
5139,1.791341,-0.523829
5140,1.699917,-1.388749
5141,-1.866805,-0.946513
5142,-2.442340,-0.242369
5143,0.048939,-0.651987
5144,-1.781670,-2.546232
5145,1.299786,-0.787207
5146,1.056435,-1.211238
5147,1.677777,-0.856489
5148,1.573574,-0.617327
5149,0.595017,0.115621
5150,0.951812,-0.296740
5151,2.576211,-0.943068
5152,-1.448159,-1.479799
5153,-2.273488,-2.950934
5154,-0.923889,-1.997879
5155,-0.443376,-1.473836
5156,0.267384,-1.205699
5157,-0.822990,1.960149
5158,1.860078,0.211371
5159,2.486776,0.332899
5160,3.156832,-0.840214
5161,-0.952204,0.856782
5162,-0.194655,-0.791544
5163,1.042716,0.290055
5164,0.848469,1.080920
5165,1.011343,1.409969
5166,1.845718,-0.013100
5167,-3.110404,-1.018632
5168,1.308074,-0.189937
5169,1.234363,-1.108657
5170,2.187549,-0.581130
5171,-1.056811,2.284736
5172,0.974749,0.361524
5173,1.750504,-0.256757
5174,-0.455628,-0.840506
5175,-3.587325,2.188987
5176,-1.265253,-0.205686
5177,-0.363804,-0.535185
5178,1.718266,-0.554052
5179,1.292768,0.960636
5180,0.899277,0.038993
5181,0.822419,0.720879
5182,-0.425681,1.090955
5183,1.178746,-0.611111
5184,1.446030,0.244669
5185,-1.088232,-0.096804
5186,0.879744,1.462335
5187,-0.894322,-0.968168
5188,1.146930,-0.753164
5189,0.809618,-0.502073
5190,1.097023,0.995420
5191,1.941450,0.313412
5192,1.974061,-0.164647
5193,-3.480718,-3.713827
5194,-1.246288,0.672481
5195,-0.552965,2.424046
5196,0.767637,1.579209
5197,0.709500,-0.253764
5198,0.063978,-0.661762
5199,2.560518,-0.949536
5200,1.438134,0.012517
5201,0.619038,-0.024525
5202,0.437441,0.668444
5203,1.223602,-0.538413
5204,1.661675,1.397032
5205,-0.005279,-1.749248
5206,0.311832,-0.879215
5207,-2.049197,1.319211
5208,-1.363061,1.394911
5209,0.495591,-0.766536
5210,2.398287,-0.076132
5211,-0.286604,-0.327283
5212,0.298628,0.718331
5213,-1.234623,-0.461984
5214,3.007349,-0.017299
5215,0.376910,-1.499873
5216,0.036293,-0.634361
5217,0.637031,0.026800
5218,-0.098605,-0.478866
5219,1.723958,-0.531670
5220,1.455486,0.283183
5221,-0.580827,-0.659099
5222,0.913279,-0.608333
5223,1.719323,0.253004
5224,2.814589,-1.021886
5225,1.677914,-0.064831
5226,1.151663,-0.648733
5227,-2.267455,1.402694
5228,-1.501712,-2.032592
5229,1.504888,-0.494717
5230,2.146164,-0.596377
5231,-2.497667,-1.102196
5232,2.294720,-0.285364
5233,-1.255773,-1.987884
5234,-1.359532,1.657506
5235,2.900075,-1.047362
5236,-0.922284,-1.457827
5237,-0.658766,0.037710
5238,-2.702659,0.122762
5239,1.265811,-0.550249
5240,-2.441933,-0.826286
5241,0.167555,0.218364
5242,1.003178,0.008608
5243,-1.165934,-0.981398
5244,-0.642977,0.852112
5245,1.688087,0.549067
5246,1.263846,-0.079147
5247,-0.843111,-1.172716
5248,-1.609377,-1.414949
5249,0.216124,1.274326
5250,-0.642925,0.267866
5251,-0.040612,-1.429340
5252,-2.120644,1.153882
5253,1.980932,-0.552255
5254,-2.226255,0.027594
5255,-0.870709,2.818519
5256,-1.499283,0.528333
5257,-3.378607,-0.162270
5258,-0.537628,1.138790
5259,1.772440,-1.020106
5260,1.700833,-0.429568
5261,-3.911554,0.725954
5262,-2.089657,2.207665
5263,-1.265362,-0.994713
5264,1.876476,-0.715840
5265,-1.330945,-1.314365
5266,-0.661258,1.501393
5267,-0.755164,-0.656202
5268,-1.776738,-0.693258
5269,-0.434853,-1.336125
5270,-0.029857,0.424929
5271,-0.361748,-0.889077
5272,0.479387,-0.271213
5273,-1.228502,0.204175
5274,0.302406,0.284369
5275,-0.340045,-1.389904
5276,0.566063,0.735238
5277,0.787237,0.802923
5278,2.587435,-0.335503
5279,-1.333797,-0.999691
5280,0.663210,0.238992
5281,-1.725981,-1.050392
5282,0.553148,-0.020656
5283,0.482627,-1.079792
5284,0.599034,0.144974
5285,-0.146243,-0.519376
5286,0.268273,0.150607
5287,-2.147922,3.099128
5288,-0.948139,-1.349537
5289,0.604939,-0.329143
5290,-0.058397,-0.317752
5291,1.382101,-0.589923
5292,0.013958,-0.403042
5293,0.743240,-1.120951
5294,-0.735274,-0.150102
5295,1.701071,-0.832322
5296,-4.183636,-0.373768
5297,0.093369,2.226138
5298,0.710376,-0.217354
5299,-0.658550,-1.101331
5300,1.659024,-0.594546
5301,0.415991,1.714765
5302,-0.622035,1.030568
5303,1.152465,-0.239736
5304,0.808065,1.560566
5305,1.488352,1.367092
5306,0.863481,1.877252
5307,-1.527103,3.124865
5308,2.499822,-1.581859
5309,0.728222,0.698138
5310,-0.433227,1.151771
5311,0.610824,0.731129
5312,-1.578300,0.835286
5313,-0.669841,-1.519190
5314,-1.772034,-0.447195
5315,0.134454,0.390457
5316,-0.683660,0.537078
5317,-2.773268,-0.832038
5318,0.544886,-0.488076
5319,-0.051140,-0.443554
5320,-0.942578,0.427073
5321,0.138542,0.411134
5322,-2.906793,-0.959144
5323,-0.478748,0.226120
5324,-0.409268,2.355175
5325,0.345749,-1.177495
5326,-2.819994,-0.109200
5327,-1.387367,0.307738
5328,1.091424,-0.079057
5329,-2.054473,2.517759
5330,-0.237176,0.458470
5331,0.220218,1.130902
5332,-0.581221,-0.780137
5333,0.253498,-0.813050
5334,-0.146604,0.034598
5335,0.218231,-0.682306
5336,0.163584,-1.301771
5337,-0.805258,-1.277097
5338,0.694571,-0.789897
5339,-1.438772,-1.447906
5340,-1.279655,-0.034579
5341,-2.654342,0.462439
5342,-0.684773,2.116932
5343,-0.210515,-0.659182
5344,1.247473,-0.902740
5345,-2.420810,-0.795860
5346,-2.884012,-2.471937
5347,0.013504,-0.137325
5348,-1.892631,-1.004407
5349,-0.828927,0.980362
5350,3.017793,-0.048289
5351,0.674628,0.420081
5352,-0.194641,-1.312313
5353,-1.006683,-1.177616
5354,-0.729272,-0.614666
5355,0.626623,-0.541656
5356,3.157247,-0.862478
5357,-1.530980,-0.376345
5358,1.480419,-1.093522
5359,0.928586,-1.354782
5360,1.039216,1.033075
5361,-0.632551,-0.341083
5362,0.973905,-0.031457
5363,1.199283,1.556466
5364,1.211406,3.604135
5365,-0.450021,2.505279
5366,-0.713942,0.292777
5367,-1.228386,0.612239
5368,1.214543,0.847460
5369,1.648160,0.164901
5370,0.508445,-0.888703
5371,2.164944,-0.250070
5372,-2.526068,0.502471
5373,0.799376,-0.570531
5374,0.793619,1.044365
5375,1.327716,-0.399123
5376,-0.460129,0.174522
5377,0.682007,0.048946
5378,-0.648554,-0.623124
5379,0.526237,0.571458
5380,1.972321,0.817255
5381,0.922503,-0.030001
5382,-1.805252,-3.225735
5383,0.296343,-0.519051
5384,2.382016,-0.691417
5385,0.707687,0.389853
5386,-0.374982,-0.242484
5387,0.499866,0.533088
5388,-0.259494,1.569883
5389,-0.222527,-0.932975
5390,1.367602,0.110626
5391,0.590862,-0.292018
5392,0.183666,-0.918546
5393,1.617652,-0.266481
5394,-2.383741,0.567205
5395,-1.058012,-1.282375
5396,-0.940522,2.896810
5397,2.039955,-1.021448
5398,1.005537,0.019703
5399,0.049352,-0.708021
5400,-0.626706,0.073785
5401,0.848083,1.584112
5402,-0.739134,-0.236649
5403,1.000283,-0.787191
5404,0.094935,0.292421
5405,0.338957,0.304012
5406,1.202180,1.518299
5407,0.430166,0.206578
5408,-0.696029,-0.005962
5409,0.916095,0.093759
5410,-3.788601,0.384129
5411,-1.767547,1.424483
5412,1.344503,-0.252148
5413,0.207834,-1.822417
5414,0.141045,-0.445349
5415,0.060094,0.294303
5416,0.556301,-1.116094
5417,0.507977,-0.251694
5418,-1.409472,2.672290
5419,-0.919444,1.222923
5420,-0.656635,0.391477
5421,-1.863545,0.106057
5422,0.861945,1.541243
5423,1.908843,-0.308441
5424,2.055830,0.529840
5425,0.442682,-1.058296
5426,-0.146468,0.068409
5427,-1.925593,0.317298
5428,0.490998,0.539808
5429,0.161973,-0.606468
5430,0.761787,1.288938
5431,2.347318,-0.816767
5432,1.893043,0.334665
5433,-0.735290,0.096574
5434,0.192080,-1.200149
5435,2.881132,-0.505524
5436,0.133435,-0.180358
5437,-1.611734,-0.116174
5438,-2.101042,-0.587797
5439,-3.534511,0.385131
5440,-2.639016,0.951247
5441,-2.755912,0.047220
5442,-2.474576,0.382400
5443,1.420042,1.156398
5444,0.938223,-1.268147
5445,0.328082,-0.209126
5446,-2.408155,-0.160396
5447,-1.045528,-0.568639
5448,1.260870,-0.342074
5449,0.877285,1.432046
5450,1.581944,-0.266421
5451,-1.263707,1.131755
5452,-1.853322,-1.070144
5453,1.539545,-0.410694
5454,1.772503,-0.297061
5455,-1.210234,-0.301383
5456,0.539108,-0.211479
5457,2.097121,-0.376984
5458,0.552231,-0.585920
5459,1.123093,-0.610116
5460,0.719551,-1.292729
5461,0.150658,-0.599140
5462,0.243223,-1.189113
5463,-0.978146,0.068780
5464,0.581233,-1.404837
5465,-2.311808,0.235235
5466,1.692529,-0.625968
5467,-0.263143,-0.035974
5468,-0.397322,-1.067436
5469,1.226905,-0.783346
5470,1.422057,-0.373354
5471,0.931273,-0.932694
5472,0.278429,-0.837077
5473,-1.881200,-0.447860
5474,0.653896,0.834026
5475,1.233582,-0.020491
5476,0.814534,1.041571
5477,-1.013922,1.391013
5478,0.374550,-0.488718
5479,1.476404,-1.313025
5480,0.321704,-1.199984
5481,0.325604,-0.660174
5482,-0.203126,-0.682282
5483,-2.838939,0.502704
5484,-1.927545,0.532625
5485,-0.076231,-0.626901
5486,1.908976,0.104389
5487,-0.553857,0.317246
5488,-2.572462,1.085727
5489,0.554304,-1.288703
5490,0.356740,-1.027269
5491,1.846165,-0.788260
5492,1.079544,0.099498
5493,-0.961468,-0.467051
5494,0.945794,4.028101
5495,1.584764,-0.656424
5496,0.704983,-0.438017
5497,-0.478763,-0.323128
5498,-1.172330,-0.955201
5499,-2.081169,0.727648
5500,-1.103013,0.756025
5501,0.710440,-0.713292
5502,1.803318,0.216538
5503,-0.484518,-1.253853
5504,-0.535015,1.847345
5505,0.370542,-1.551714
5506,1.836704,-1.182642
5507,-2.350365,1.459631
5508,-1.752294,-0.306779
5509,-1.550245,0.464691
5510,-1.298674,0.644475
5511,-1.859670,-0.506251
5512,1.221420,-1.109968
5513,0.594895,-0.741331
5514,-0.304361,-0.151652
5515,-1.652713,-1.303565
5516,-2.218955,-1.113687
5517,0.325392,-0.268377
5518,1.229544,-0.438919
5519,1.053652,-0.941755
5520,0.100615,1.409956
5521,-0.158262,-0.776362
5522,-0.139925,-0.946311
5523,0.945833,-0.635622
5524,0.831180,-0.779072
5525,0.206833,-0.630214
5526,-0.586641,1.283602
5527,-0.335313,-0.889224
5528,0.161747,-0.566854
5529,-0.543093,-0.261907
5530,0.719422,-0.879061
5531,0.314038,-0.264516
5532,-1.742233,-0.031166
5533,-0.514405,-0.225048
5534,-0.856715,-2.115067
5535,0.080920,-0.484580
5536,0.171031,-1.247875
5537,0.841034,2.839597
5538,-0.145009,-0.769276
5539,-1.753728,0.398393
5540,-0.543964,1.046838
5541,-0.592768,1.057871
5542,1.790269,-1.650970
5543,-0.302620,-0.353419
5544,-1.416824,3.509484
5545,-0.566078,-0.947505
5546,0.897110,-0.399809
5547,0.965228,-0.990944
5548,1.009633,-0.986524
5549,-3.468168,-0.197615
5550,-0.143111,-0.172215
5551,-0.779200,-0.670104
5552,-1.996475,-0.614875
5553,-2.577394,-0.227091
5554,0.462131,-0.239045
5555,-0.360987,-0.535791
5556,-2.647606,0.647806
5557,-0.202977,1.170412
5558,-4.325385,-0.745801
5559,-1.156629,0.432017
5560,-2.494102,0.931691
5561,-1.801562,-0.088633
5562,0.425130,-0.152837
5563,-2.446728,-0.826341
5564,-2.223530,-1.917429
5565,0.919521,0.907151
5566,-1.331942,0.294976
5567,0.835725,-0.529114
5568,-0.451136,2.068690
5569,0.162781,-1.243307
5570,-0.487711,-1.136471
5571,0.326811,0.430209
5572,0.098316,2.663102
5573,0.700884,-0.195021
5574,-0.542496,1.622505
5575,-0.996756,-0.479799
5576,2.126768,0.242344
5577,-0.198385,-0.759285
5578,0.371675,-0.044014
5579,-1.158287,-1.286138
5580,0.132518,0.319529
5581,-0.663549,-0.545316
5582,-1.004996,-0.463795
5583,2.431225,0.730073
5584,-0.650043,-0.646670
5585,1.706789,0.174183
5586,-0.098790,-0.576905
5587,-0.937486,0.571982
5588,0.670497,-1.188608
5589,-2.329158,-1.864584
5590,-0.428560,0.983399
5591,-0.142944,0.022090
5592,-1.988771,-0.372822
5593,0.973351,-0.007929
5594,-3.582445,-0.176283
5595,0.770660,0.180457
5596,-1.236067,1.477401
5597,0.770008,-1.090011
5598,-0.057636,-1.446635
5599,0.902328,-0.780183
5600,1.344285,0.175674
5601,1.897000,-1.319945
5602,1.047932,-1.323476
5603,0.470011,-1.651589
5604,1.949105,-1.192330
5605,0.187366,-0.102192
5606,-0.567540,-0.762338
5607,-1.749735,-0.492274
5608,0.175996,-0.915128
5609,-1.001864,0.347659
5610,-1.324555,-0.714009
5611,-0.077867,-0.871542
5612,-1.218305,-1.124661
5613,-1.882723,0.284103
5614,-0.694565,-0.493813
5615,0.471754,0.699426
5616,2.338467,-1.265824
5617,0.609055,-0.543558
5618,0.527806,0.109411
5619,1.269953,-0.485488
5620,0.024473,-0.328251
5621,0.959433,-0.470495
5622,-3.834562,-0.680522
5623,0.428720,-0.988183
5624,-1.512620,0.653598
5625,0.044696,-0.628936
5626,-0.216392,-1.268159
5627,1.421775,-0.041279
5628,1.359565,0.949849
5629,1.337730,0.363969
5630,-1.245720,1.053802
5631,-1.765698,0.807675
5632,-3.201847,-0.128274
5633,0.549461,-0.539263
5634,1.498074,-0.325899
5635,1.056016,-0.707065
5636,-1.795658,-1.010570
5637,1.602619,-0.747955
5638,-0.218726,-1.339882
5639,0.017046,0.064585
5640,-1.175750,-1.902664
5641,0.443511,-0.876116
5642,0.781991,-0.196263
5643,-1.352625,2.241725
5644,0.778031,-0.519703
5645,0.414123,-1.761959
5646,1.684518,0.307123
5647,1.019561,-0.012184
5648,0.648911,1.262302
5649,0.784089,-0.590514
5650,-0.195684,0.448082
5651,-0.173609,5.077182
5652,-0.903400,1.593235
5653,0.536349,0.629862
5654,-1.920992,1.601390
5655,-0.328715,2.503295
5656,0.242422,0.652726
5657,-1.951301,-0.981014
5658,-0.574635,2.531150
5659,0.466493,-0.363471
5660,0.946806,-0.102419
5661,-1.257349,0.915491
5662,1.720431,0.385438
5663,2.053399,-0.307445
5664,-2.774075,-0.844006
5665,-3.267584,1.765639
5666,1.150456,-0.167340
5667,-1.814970,-1.533270
5668,1.845925,-0.855900
5669,-2.590210,1.178850
5670,0.468615,1.856620
5671,-0.767250,0.585522
5672,-1.872726,2.057193
5673,-1.428556,0.489387
5674,-0.310050,-0.383605
5675,-2.353105,-0.401453
5676,0.718636,1.360015
5677,-1.163862,1.469785
5678,-1.088278,-0.439776
5679,-0.403639,1.405230
5680,-2.929335,0.825014
5681,1.469524,-1.082571
5682,0.895064,1.053834
5683,-0.404399,0.204896
5684,-2.655063,0.408915
5685,-1.868747,-0.996015
5686,-1.116288,2.243157
5687,1.668159,0.251214
5688,0.507553,-0.680669
5689,1.232199,-0.802862
5690,0.853954,-0.225902
5691,-3.251153,0.333386
5692,1.258596,0.475715
5693,-2.124563,-1.037203
5694,0.815977,0.951387
5695,1.624401,0.420871
5696,-1.761240,-0.113856
5697,-1.779636,0.943335
5698,0.806958,-0.129123
5699,0.117846,-0.002007
5700,0.029769,-0.022347
5701,-1.034893,-1.783148
5702,0.946412,0.437366
5703,1.815919,-1.235053
5704,-0.457406,-1.725688
5705,1.162667,-1.091789
5706,-2.425614,-1.280031
5707,1.250386,-0.472478
5708,-0.967837,-1.601986
5709,-3.324052,-3.547530
5710,-1.115546,-2.252614
5711,1.265501,-2.071584
5712,1.581211,-0.627371
5713,-0.941243,0.722807
5714,1.110120,-0.446102
5715,-1.137433,1.388631
5716,0.452755,1.248380
5717,0.239321,-0.362446
5718,1.593778,-0.795112
5719,0.117173,-0.579465
5720,-1.408928,3.558437
5721,0.035705,0.086313
5722,-0.281286,-0.980738
5723,1.366915,-0.157750
5724,1.373458,-0.562158
5725,2.016678,1.295962
5726,-0.621468,-0.900906
5727,-1.405327,0.799005
5728,-0.583333,-0.327630
5729,-0.024102,-0.247036
5730,0.038608,-0.588225
5731,-0.154699,-0.781480
5732,-0.387119,-0.087784
5733,0.509050,-0.232112
5734,1.287071,-0.816098
5735,1.117010,-0.296828
5736,0.699067,0.001540
5737,0.474007,0.042293
5738,-0.117188,-0.000648
5739,1.290240,-1.369814
5740,-2.254820,-2.031147
5741,-0.168053,-2.061369
5742,1.355643,-0.018314
5743,0.004551,-1.497135
5744,1.208639,-0.830684
5745,0.643702,-0.311933
5746,1.232288,-0.900579
5747,-0.366276,-0.297253
5748,-1.178213,2.237269
5749,-1.934511,-1.773911
5750,0.754847,-1.405308
5751,1.111118,-0.495863
5752,-3.648429,-2.013390
5753,0.434534,-0.006300
5754,-1.346411,-1.197467
5755,-0.913731,-2.439894
5756,-0.128808,0.664068
5757,-2.023794,-0.310202
5758,0.440972,-0.694584
5759,-1.901694,-0.996088
5760,-2.835671,-3.522291
5761,-4.195081,-2.006342
5762,-2.030499,-2.147932
5763,-4.147130,-0.480085
5764,-0.806201,-1.911010
5765,-1.143401,-1.591891
5766,-4.018696,-1.559691
5767,-0.753432,0.014596
5768,-1.352365,-0.516443
5769,0.742962,-1.108573
5770,-2.654976,-0.559669
5771,1.841754,-1.203840
5772,-0.856335,-0.455185
5773,-0.729949,0.693585
5774,-1.406540,-0.401107
5775,-0.617395,-1.390224
5776,-1.278977,0.102918
5777,0.823170,-0.546002
5778,-1.372797,-1.580104
5779,-1.545659,-1.039120
5780,-1.540748,0.555815
5781,1.281033,-0.981087
5782,0.604971,1.621468
5783,-2.247145,-0.525579
5784,-2.789487,0.182449
5785,-0.506934,1.325582
5786,0.918483,-0.185683
5787,-0.758224,0.703685
5788,1.465273,-0.117474
5789,0.389023,0.140543
5790,0.373655,1.857474
5791,-1.439103,-1.162519
5792,-1.091720,2.688443
5793,0.947511,0.443217
5794,0.992386,-0.851527
5795,-0.961595,0.001128
5796,-0.085362,-1.802657
5797,-1.590210,-0.335710
5798,-3.093193,-0.839054
5799,-1.279278,-0.313944
5800,-2.213734,-0.392934
5801,0.128271,-0.985724
5802,-0.154622,-1.247222
5803,0.180381,-0.292944
5804,-1.871486,-1.594196
5805,1.219963,-1.000299
5806,0.367565,0.176268
5807,0.526972,-0.115441
5808,2.341159,-0.068248
5809,-1.732234,-0.475400
5810,2.194355,-1.006417
5811,-1.334562,0.536870
5812,-3.666565,-1.683136
5813,1.897899,-0.423642
5814,2.333087,-1.187880
5815,1.996996,-0.785428
5816,-0.720787,2.288947
5817,-2.395861,-1.042061
5818,-0.274477,0.694375
5819,-0.144492,2.526397
5820,-0.409714,2.450501
5821,-2.048868,0.498585
5822,0.165984,1.037083
5823,-1.462338,0.819661
5824,-2.143696,0.591454
5825,-2.310498,-1.042784
5826,-0.038547,-0.565378
5827,1.242693,0.811890
5828,-0.434929,-0.961901
5829,-0.987378,-0.696536
5830,-0.067321,-1.150597
5831,-1.653495,-1.404044
5832,0.994048,-0.987563
5833,-0.235391,-0.095031
5834,-0.026313,-0.074354
5835,2.296526,-0.709367
5836,1.957135,-1.419086
5837,-3.242455,0.777678
5838,0.990000,-0.697068
5839,1.310351,0.318000
5840,2.221984,-0.769867
5841,-2.059180,-0.248241
5842,-0.316692,1.343939
5843,1.324920,-1.064057
5844,1.541409,-1.492790
5845,-0.395852,-0.243855
5846,0.857847,-1.526832
5847,2.466890,-1.285038
5848,-1.523151,-0.852166
5849,-1.924347,1.970783
5850,1.042746,-0.738515
5851,0.402439,-0.690576
5852,0.990878,0.168829
5853,0.023403,-0.399960
5854,0.999234,-0.730823
5855,-1.658592,0.101092
5856,-0.113080,-0.134524
5857,-0.653780,-0.705801
5858,-1.358183,-1.505249
5859,1.290040,-0.712718
5860,-0.220493,-1.501516
5861,-0.055204,0.830529
5862,-2.266894,0.745927
5863,2.491513,-0.557182
5864,0.229458,-1.181190
5865,1.700069,0.569313
5866,-1.361323,0.084804
5867,-4.281550,-1.742380
5868,-1.220195,0.506879
5869,-2.920951,-0.227697
5870,-3.203095,-0.418384
5871,-3.079599,-0.451275
5872,-2.520150,-0.947749
5873,-3.171397,-2.701089
5874,1.364963,-0.689634
5875,3.117660,-0.676489
5876,0.729798,-1.374591
5877,0.901887,-1.634205
5878,1.098670,-1.677328
5879,-0.585440,-1.742186
5880,-0.899392,0.596807
5881,0.204847,1.115436
5882,-1.445675,-1.728318
5883,0.607215,1.341287
5884,0.574998,0.030337
5885,0.230557,-0.648931
5886,-0.208045,1.148563
5887,-0.028277,0.423037
5888,-1.505691,-1.512020
5889,-1.889257,0.508258
5890,-0.188816,-0.306159
5891,1.120087,0.029808
5892,-0.290879,1.619535
5893,-1.310290,1.033267
5894,-1.072410,0.244204
5895,2.403623,0.467086
5896,0.258271,1.379678
5897,0.591704,-0.541921
5898,1.674130,-0.975328
5899,1.315441,-0.444271
5900,1.579887,-0.385749
5901,0.577439,-0.239173
5902,-0.242757,0.190012
5903,-2.366681,0.137245
5904,-0.833016,-0.535658
5905,-1.314890,1.172230
5906,-2.383050,-0.691050
5907,-0.232658,-1.107742
5908,1.511967,0.961765
5909,-2.002034,0.626824
5910,-0.563478,-1.641903
5911,0.049187,-0.445675
5912,0.686712,-0.080609
5913,-0.343033,-0.961994
5914,-0.016437,0.582403
5915,0.615142,0.391090
5916,0.164636,1.840818
5917,0.059217,0.475904
5918,1.069056,0.479566
5919,-0.852256,-0.477677
5920,0.033675,0.215164
5921,0.915481,0.079543
5922,1.447663,0.094318
5923,1.505821,-1.021086
5924,0.774213,1.907716
5925,1.459357,-0.991835
5926,0.872070,-0.406293
5927,2.157702,-0.174977
5928,-1.633546,0.017608
5929,0.045313,0.217664
5930,0.454275,-0.238168
5931,-0.134914,-0.856894
5932,-0.801446,2.944323
5933,0.950550,0.300033
5934,0.598125,-0.687777
5935,0.624674,-0.523742
5936,-1.341804,-1.948854
5937,1.457738,-0.745291
5938,0.833576,-0.440182
5939,2.251364,-0.012924
5940,0.943696,-1.766079
5941,0.884983,-0.939907
5942,1.489385,-0.063134
5943,2.532197,0.113650
5944,1.805806,-0.518566
5945,0.005733,1.231822
5946,0.569595,-0.543803
5947,1.530188,-0.945168
5948,2.129050,0.052231
5949,0.899541,-0.731983
5950,-0.032167,-1.827600
5951,1.544249,-0.517499
5952,1.528617,0.174585
5953,-2.974600,-1.618071
5954,-1.097818,0.983042
5955,-0.187901,0.099072
5956,-0.706242,0.445071
5957,-2.863867,1.589475
5958,0.893850,-0.351319
5959,-0.690752,-0.292415
5960,0.704149,1.600126
5961,-0.553280,1.707993
5962,0.940190,1.711951
5963,-1.146382,-1.123858
5964,-0.170299,0.961574
5965,1.730591,3.570011
5966,-1.536901,0.253749
5967,-1.328346,0.040043
5968,1.602799,0.004315
5969,1.182340,-0.210922
5970,-1.283256,2.015867
5971,1.270049,-0.434296
5972,0.046131,0.252362
5973,2.046238,-0.822447
5974,-0.050521,-0.598525
5975,0.392012,-0.484928
5976,1.748986,-0.725480
5977,2.571009,-0.388375
5978,0.710088,0.347202
5979,0.013162,-0.100801
5980,-2.673809,0.071223
5981,0.027849,-0.070639
5982,-0.595544,1.760110
5983,2.525999,1.411057
5984,-1.350980,-0.487186
5985,1.322003,-1.075685
5986,-1.200291,-1.260083
5987,-0.405573,0.206598
5988,-2.373111,3.093428
5989,-1.633156,-0.736445
5990,0.521466,0.270285
5991,-0.072139,-0.735232
5992,0.611232,4.492195
5993,2.470394,1.503222
5994,-1.519673,0.045407
5995,-0.327797,0.613583
5996,-1.020092,0.802973
5997,0.149961,0.449593
5998,-0.467629,0.315845
5999,0.146316,0.472894
6000,0.696104,0.654843
6001,0.308941,0.489891
6002,-1.726540,-0.105162
6003,0.093941,1.324085
6004,0.768550,0.401982
6005,0.557409,0.538711
6006,-2.006424,0.360655
6007,-1.208272,3.892596
6008,1.040225,0.640700
6009,-3.361972,0.897311
6010,0.022808,0.385308
6011,-0.778779,-0.823312
6012,-0.259252,-0.644287
6013,-0.873700,2.129540
6014,1.563347,1.740317
6015,0.429181,-0.307110
6016,1.253361,-0.503905
6017,-0.821645,2.624248
6018,-0.165925,0.718628
6019,-1.186167,0.631801
6020,-1.202920,1.043168
6021,0.971688,1.608046
6022,-2.197526,0.062212
6023,0.286175,0.464786
6024,0.115714,1.453102
6025,0.940844,-0.134149
6026,1.449314,-0.520746
6027,-1.056278,1.148978
6028,-0.278654,-0.406494
6029,-1.080116,-1.078032
6030,1.584218,-0.210493
6031,0.965840,-0.281033
6032,0.515562,0.304684
6033,-1.139369,-0.057581
6034,0.258260,0.154887
6035,0.851009,-0.411607
6036,-1.261781,1.353041
6037,1.004949,4.079508
6038,-0.638299,-1.105504
6039,2.242232,-0.834763
6040,0.676504,-0.308344
6041,-1.849409,0.747159
6042,-1.740522,0.441368
6043,0.649325,0.408265
6044,-0.122870,-0.301751
6045,0.748297,-0.514099
6046,1.359719,-0.224326
6047,1.536887,-0.869652
6048,-1.434719,-0.118822
6049,1.354231,0.312926
6050,-1.514821,1.734274
6051,-3.738415,0.912086
6052,-0.860369,-0.184003
6053,0.898712,0.410484
6054,1.647671,0.095660
6055,0.216833,0.598030
6056,0.827625,-0.154182
6057,-0.187958,1.609677
6058,1.744408,-0.227659
6059,0.644866,-1.364937
6060,0.526003,0.890763
6061,-0.124087,-0.992830
6062,0.448904,0.083139
6063,1.039609,0.318201
6064,0.139879,0.948157
6065,-0.032576,-0.142673
6066,-1.763005,-0.916640
6067,1.383030,0.931404
6068,0.153420,2.078689
6069,-0.776650,0.590472
6070,-0.485132,1.791670
6071,-3.599817,-2.448514
6072,0.194636,0.045725
6073,1.064173,-0.596951
6074,-0.282896,0.379866
6075,-2.352773,-0.770972
6076,0.773369,-0.878954
6077,1.413532,-0.263110
6078,-1.673435,0.482501
6079,-0.515670,-0.139811
6080,-0.767203,-0.710475
6081,-1.780148,1.671625
6082,0.012469,-0.723069
6083,-1.341519,-0.828369
6084,-0.398732,0.296307
6085,1.533560,-0.173246
6086,-0.714640,-1.236756
6087,0.393406,-0.036665
6088,0.704612,-0.426097
6089,1.756860,0.665167
6090,1.537625,0.329426
6091,0.023320,-0.225353
6092,-2.436265,1.880910
6093,1.154357,0.004939
6094,-1.069702,-0.918917
6095,-1.819615,4.061484
6096,0.821399,0.985911
6097,1.380598,0.471177
6098,0.280242,-0.118275
6099,-3.795441,0.038699
6100,0.919306,-0.769746
6101,0.658342,-0.465874
6102,-3.589260,-1.078819
6103,-3.719859,-2.065460
6104,0.539429,-1.123176
6105,-0.729843,0.156273
6106,-0.030788,-0.369938
6107,-0.266942,-0.895006
6108,-0.996773,-0.981176
6109,0.690881,-1.139753
6110,-0.063572,-1.392247
6111,-1.461863,2.077805
6112,-0.904751,0.612693
6113,-2.763107,0.262304
6114,0.934245,0.195709
6115,-0.950839,-0.474331
6116,-0.287128,-1.011893
6117,-1.405515,-1.402591
6118,-0.721849,-1.123148
6119,0.545521,0.906306
6120,1.432429,-1.925368
6121,0.100631,-1.307701
6122,-1.342983,-1.855825
6123,0.298429,-1.980570
6124,0.676101,-1.686007
6125,-0.112457,-0.775907
6126,-0.463424,1.557682
6127,-0.030710,-0.917614
6128,0.424240,-0.588138
6129,1.806081,-0.567869
6130,-0.892974,0.267694
6131,1.812682,0.615023
6132,-0.038416,-1.059482
6133,0.261139,-1.411616
6134,-0.095932,-0.248990
6135,-0.119035,-1.205886
6136,-0.990467,-0.486170
6137,0.372299,-1.949409
6138,0.309351,-0.244104
6139,1.658027,-1.802595
6140,0.708626,-0.538990
6141,-0.216673,0.207138
6142,0.666982,-1.198183
6143,0.494069,0.142921
6144,0.396867,-0.311091
6145,0.833975,0.338200
6146,0.281557,-0.976692
6147,-1.926221,-0.726880
6148,2.384285,-1.324750
6149,-0.780465,-0.706532
6150,-0.168980,-0.657335
6151,1.953796,-0.331794
6152,1.293177,0.327450
6153,-3.845336,1.977233
6154,-0.408367,-1.309140
6155,-1.326731,0.707504
6156,0.945211,-0.766145
6157,-0.363820,-0.736304
6158,1.346194,-0.813429
6159,1.473044,0.658796
6160,1.593197,-0.527081
6161,0.264332,0.192093
6162,-1.456919,-0.498715
6163,0.411719,0.002424
6164,-0.720218,2.035440
6165,1.137632,-0.109838
6166,-0.072085,-0.324770
6167,0.820467,-0.426119
6168,1.357197,-0.177793
6169,-1.004081,0.814448
6170,0.832155,-0.160446
6171,0.702266,-0.544115
6172,-0.253336,-0.598920
6173,-1.398663,1.273333
6174,0.269061,0.516751
6175,1.641590,0.082507
6176,-1.420982,1.218722
6177,1.676347,1.162998
6178,0.382912,0.609855
6179,1.163264,-0.285875
6180,-0.315631,-0.032118
6181,0.571905,1.164688
6182,2.243359,-0.097077
6183,1.852858,0.188310
6184,0.635479,0.224598
6185,1.474741,-0.522310
6186,-1.524751,1.312827
6187,0.096913,2.036103
6188,1.229093,0.887317
6189,0.272820,0.409162
6190,-1.231079,2.861786
6191,0.163707,0.325505
6192,-1.506816,-1.955204
6193,-0.958715,-2.020398
6194,-0.279226,-1.703885
6195,1.896859,-1.548849
6196,0.088918,-1.591477
6197,1.728826,-1.028154
6198,0.745877,-1.500202
6199,1.496407,-1.156381
6200,0.421131,-1.050111
6201,-0.197319,0.335881
6202,-0.059417,-1.285981
6203,0.714799,-1.116761
6204,0.968454,-1.370022
6205,1.093418,-1.651635
6206,1.550920,-1.389616
6207,1.641942,-0.554451
6208,0.235005,0.342412
6209,0.893551,-0.177965
6210,1.653314,-0.903829
6211,0.042653,-0.692239
6212,1.181033,-0.210488
6213,0.474837,-1.720777
6214,-0.594683,-0.430736
6215,-0.088720,-0.542855
6216,-0.035897,0.670609
6217,1.549254,-0.347071
6218,-3.051746,-1.986163
6219,-0.934823,0.633293
6220,-0.765105,-2.580357
6221,-2.323908,-2.689237
6222,-0.445578,-2.400496
6223,-1.686684,2.444092
6224,0.890080,-0.546795
6225,-0.699912,-0.916627
6226,0.519521,-0.532967
6227,0.382695,0.276886
6228,2.043611,-1.139409
6229,-0.401406,-0.420481
6230,-0.162611,1.730010
6231,0.373337,-2.210432
6232,0.566043,-2.331484
6233,1.869058,-0.570816
6234,-0.904576,0.557649
6235,-2.853830,-2.651233
6236,0.180092,-0.226654
6237,1.393363,-0.823568
6238,1.118317,1.077299
6239,-1.239916,-1.262485
6240,1.884882,-0.801371
6241,0.362189,-1.176570
6242,0.343954,0.513812
6243,0.343723,2.046214
6244,0.044779,2.496288
6245,-0.392120,-0.398106
6246,-2.851288,-1.378368
6247,-0.400667,-0.326656
6248,0.764581,0.361581
6249,-1.934141,1.122394
6250,-0.967512,-1.750309
6251,-3.080231,-1.322813
6252,-0.281788,-0.943435
6253,0.924165,0.120362
6254,1.924987,-0.621132
6255,0.462021,0.879740
6256,0.795677,-0.686745
6257,1.080698,-0.461181
6258,1.692813,-0.359800
6259,-0.346582,-0.047044
6260,0.962049,-0.827798
6261,0.403489,-0.152615
6262,-0.128523,-1.349212
6263,0.861133,0.585532
6264,0.894311,-0.011101
6265,-0.317509,-0.876151
6266,2.505649,-1.096427
6267,-0.119248,0.067332
6268,-0.142681,-1.509895
6269,1.973509,0.027993
6270,2.159560,0.969240
6271,-0.851160,0.533329
6272,1.145457,1.068601
6273,1.749363,1.012800
6274,1.540234,0.289354
6275,0.977311,-0.142756
6276,1.447721,0.033015
6277,-1.596561,2.081629
6278,0.784182,0.661028
6279,-0.618114,-0.263911
6280,-0.566037,0.583196
6281,0.241556,-0.471101
6282,1.746065,-0.570010
6283,2.385822,0.187171
6284,-1.117986,0.530022
6285,1.288982,0.245898
6286,2.804890,-0.142076
6287,-0.973709,1.716741
6288,1.941199,0.981966
6289,1.772001,1.816322
6290,2.030157,1.775288
6291,1.080173,3.788264
6292,0.657590,3.119817
6293,0.052607,1.947347
6294,0.793635,-1.867812
6295,2.782734,0.424188
6296,0.690142,1.353897
6297,1.232819,0.070570
6298,-2.471323,0.480424
6299,0.431974,1.812362
6300,0.519369,0.319870
6301,-1.037143,0.000975
6302,-0.234899,1.918249
6303,0.818300,1.838316
6304,0.327807,0.137988
6305,1.171816,0.050308
6306,1.086946,0.298246
6307,2.698752,-0.759309
6308,2.533932,-0.139875
6309,1.496140,1.593716
6310,0.899952,0.300098
6311,0.456000,-0.563119
6312,-0.273111,-0.862700
6313,-1.964462,0.142024
6314,-0.540674,-1.205017
6315,-1.164293,1.170886
6316,-0.129362,0.472820
6317,-1.022837,0.908721
6318,0.181864,1.584909
6319,0.904383,5.840670
6320,-0.100189,2.776829
6321,-0.563587,3.277672
6322,0.415683,-1.295871
6323,0.499486,1.929512
6324,1.278791,3.021445
6325,1.552102,0.898261
6326,2.248952,0.296602
6327,-1.196893,2.145523
6328,1.502330,1.938068
6329,0.677702,0.732925
6330,0.148764,1.322411
6331,1.902310,0.780723
6332,1.349669,0.714210
6333,0.532929,1.202191
6334,1.569495,1.427357
6335,0.651295,0.365698
6336,-0.855145,3.031852
6337,1.945982,1.301813
6338,-1.209304,-0.499374
6339,-0.467516,0.151621
6340,1.007024,0.309627
6341,1.316694,-0.195593
6342,-3.719048,-1.390642
6343,0.260776,-1.295323
6344,0.286548,-1.025198
6345,0.660144,-1.511640
6346,1.539998,0.515401
6347,-1.848995,-0.873851
6348,0.437340,0.158064
6349,-0.442868,-1.768638
6350,-0.798362,1.677452
6351,1.656517,-0.436663
6352,-0.851032,2.890920
6353,-1.620544,0.627638
6354,-1.944097,1.147224
6355,-2.896710,1.757113
6356,0.739803,-0.015169
6357,-0.238535,1.193694
6358,-2.852696,0.076875
6359,-2.918807,-0.875037
6360,-1.223989,0.504513
6361,-1.853198,-0.197647
6362,-0.917974,3.143799
6363,-1.830189,-1.073415
6364,-1.435020,0.414276
6365,0.496693,-0.122827
6366,0.190384,0.621606
6367,0.352588,-0.394930
6368,-0.393986,0.331736
6369,1.266504,-0.326593
6370,-0.432954,1.989193
6371,-0.622887,0.032580
6372,0.255590,0.618910
6373,0.618758,2.068006
6374,-0.309746,-0.197704
6375,-1.592983,0.054966
6376,1.079967,-0.565650
6377,-0.825885,0.423203
6378,0.077532,0.767917
6379,1.647053,-0.046617
6380,0.616905,-0.370568
6381,2.256124,-0.240044
6382,-1.049487,-0.184358
6383,2.125227,-0.239190
6384,-1.600533,-0.467636
6385,-2.018769,1.089674
6386,0.065606,-0.379863
6387,-2.024551,-0.708409
6388,0.467806,2.623698
6389,-2.637393,1.351601
6390,-1.378563,-0.796731
6391,-0.124341,-0.852617
6392,1.574344,-0.654374
6393,0.751053,-1.191048
6394,0.488452,-1.436053
6395,1.150250,0.114352
6396,-1.379991,-1.631936
6397,-1.098795,1.655688
6398,-0.872099,-1.161101
6399,-3.769617,-1.355832
6400,-0.334380,0.923539
6401,1.853341,-0.965835
6402,-1.594281,-0.956783
6403,-0.511487,-1.442533
6404,2.225855,-0.924431
6405,0.287772,-1.879846
6406,0.950857,-1.064190
6407,-0.559818,-1.463333
6408,0.654910,-0.633791
6409,1.276560,-1.224330
6410,0.663661,-0.642153
6411,2.662682,-0.869927
6412,0.545241,-1.279019
6413,1.824768,-0.942114
6414,0.992098,-0.982238
6415,-0.715152,-1.278951
6416,-0.029895,-1.466526
6417,0.367269,-1.498338
6418,1.494811,-1.201645
6419,-1.689114,-0.309428
6420,1.268095,-1.239061
6421,-0.205410,-0.959426
6422,-0.516037,-1.508421
6423,1.139930,-1.091118
6424,-1.314063,-0.037105
6425,0.597715,-0.247607
6426,0.923759,-0.567667
6427,-0.257724,-0.001464
6428,0.012042,2.244282
6429,0.624997,-0.577463
6430,-0.199998,-0.808336
6431,0.104210,-0.728192
6432,-2.064260,-1.731611
6433,-0.042728,-1.234147
6434,-1.184649,-0.698389
6435,0.446473,-1.155173
6436,-1.315929,1.960664
6437,0.851009,-0.087976
6438,0.579298,-0.075126
6439,-2.570003,-1.611500
6440,0.582555,-0.528134
6441,0.495879,0.034234
6442,1.363092,-0.068474
6443,0.934493,-0.063299
6444,1.472490,-0.481415
6445,-0.832658,-0.637710
6446,1.453600,0.454224
6447,-1.205095,-1.703619
6448,0.407459,0.388313
6449,0.830279,-0.939562
6450,-0.224828,-1.168666
6451,-0.446122,-0.365334
6452,1.325527,-0.403961
6453,1.106796,0.918610
6454,0.809155,-0.184483
6455,-0.953401,-1.104603
6456,0.148534,-0.444318
6457,-0.114104,-0.623264
6458,-1.815595,-2.130880
6459,-1.796413,-1.464104
6460,0.741793,-0.508481
6461,-0.698410,-0.800198
6462,-0.987552,-0.345348
6463,-2.313439,1.185382
6464,-0.656245,0.145085
6465,-1.339430,-0.926169
6466,0.844631,-1.292653
6467,-1.480573,-1.683561
6468,0.098765,-1.054460
6469,-0.982757,-2.364518
6470,-1.742111,-1.413801
6471,0.262241,-0.535108
6472,-2.099981,0.816173
6473,-0.337016,0.083226
6474,-1.659015,-0.960658
6475,-0.594887,-0.363130
6476,1.508031,-0.551561
6477,0.266619,-0.791605
6478,-0.018900,0.672433
6479,2.488679,-1.080922
6480,1.840992,-0.448151
6481,0.350325,-1.122118
6482,0.922832,-1.296427
6483,0.892771,-0.963667
6484,1.005021,0.122328
6485,1.063834,-0.072350
6486,-0.623545,-0.893275
6487,0.788398,-0.837325
6488,-2.762929,-0.770067
6489,-0.183310,-0.614784
6490,1.377064,-1.223964
6491,-2.004248,-0.429762
6492,-1.563107,-1.581864
6493,0.134164,-1.307255
6494,-0.028659,-0.201978
6495,-2.372682,-1.771991
6496,0.113763,-0.782316
6497,0.061498,-1.403648
6498,-1.597182,-2.988889
6499,0.008052,-1.492884
6500,-0.913314,-0.860136
6501,-0.506045,-2.527713
6502,-0.627640,-1.536417
6503,2.586287,0.124699
6504,-1.446981,-2.583106
6505,1.600530,-0.743233
6506,0.227565,-0.312707
6507,-0.599630,2.203013
6508,-0.576715,-1.133420
6509,-0.451286,0.541370
6510,-0.240856,-0.744430
6511,-1.296545,-2.205741
6512,-0.148139,-0.258479
6513,1.100931,-0.205441
6514,0.857439,0.683309
6515,-0.382535,-1.836782
6516,-3.064312,-1.679115
6517,-1.603803,-0.970289
6518,1.788548,0.522866
6519,-0.375777,-1.864754
6520,1.986017,-0.575430
6521,1.274600,-1.172839
6522,0.662122,0.655883
6523,0.277252,-0.854102
6524,-1.473596,4.192105
6525,0.939804,-0.593159
6526,0.929787,-0.937688
6527,1.274676,-0.949967
6528,-0.182099,0.468184
6529,0.071069,-1.069735
6530,0.908291,-1.834546
6531,-0.160714,-0.894345
6532,0.176022,-1.166326
6533,-0.260931,-1.438152
6534,2.382189,-1.392495
6535,1.818556,-1.938896
6536,-2.728644,1.979347
6537,1.338309,-0.473414
6538,2.145000,-0.055200
6539,2.871355,-0.363561
6540,-1.791711,-0.262575
6541,0.838758,1.516199
6542,-0.412065,-0.563069
6543,0.198315,-0.560507
6544,-1.288545,-0.328084
6545,-0.364922,0.431832
6546,-0.747209,0.252725
6547,-0.344765,-0.493109
6548,0.703928,1.181505
6549,-0.098658,0.484278
6550,0.393460,-0.706643
6551,-3.699120,-0.248405
6552,1.081621,-0.849494
6553,0.867121,0.687997
6554,-0.860106,-0.369231
6555,-1.084685,0.047377
6556,-2.383475,-0.752874
6557,-2.600432,0.388275
6558,-0.318528,-0.868448
6559,-0.415013,-0.368134
6560,-0.257716,-0.262865
6561,-1.285511,0.623993
6562,0.559986,-0.377414
6563,-0.020988,-0.451238
6564,1.497850,-0.912651
6565,1.141521,-0.962363
6566,-1.553418,0.536602
6567,-2.065161,-0.316720
6568,0.224743,-1.047069
6569,-2.461386,-0.856235
6570,0.873116,-0.961147
6571,0.044313,-1.336263
6572,0.191479,-0.467178
6573,-0.065278,-1.097759
6574,0.955371,0.202680
6575,0.908913,-0.387508
6576,-0.912220,-0.574950
6577,-2.197323,3.177342
6578,-0.666547,2.750264
6579,-1.062798,1.236129
6580,1.190702,-0.876409
6581,1.959590,-0.839303
6582,0.041140,-0.178976
6583,1.406916,-0.288687
6584,0.899434,-0.581903
6585,1.878530,-0.667890
6586,-1.434130,-1.270186
6587,-1.100155,1.672369
6588,-1.045880,-0.964061
6589,-2.685969,-0.982485
6590,0.102248,-0.408553
6591,-2.184348,-1.422103
6592,-1.365399,-0.948376
6593,-0.984262,-0.955744
6594,0.370318,-0.691708
6595,-1.461427,0.341874
6596,-0.663848,1.142611
6597,-1.429213,1.381306
6598,0.262988,-1.505502
6599,-0.799571,0.063319
6600,-0.844417,-1.680071
6601,-0.483084,0.522371
6602,1.080680,-1.417674
6603,0.887585,-1.592065
6604,1.891930,-0.840310
6605,-3.075259,-1.818332
6606,-0.378316,-0.163831
6607,2.105119,-0.751121
6608,-0.584291,0.565561
6609,1.412700,0.344016
6610,0.794620,1.473554
6611,-0.031017,0.628345
6612,-0.461651,-1.452750
6613,1.239189,-0.316651
6614,0.323484,-0.260260
6615,0.455688,-1.383904
6616,-0.653336,0.579974
6617,0.672093,1.162349
6618,0.631258,-0.143998
6619,0.033029,-0.054349
6620,-0.840596,-0.859117
6621,-1.490277,0.667304
6622,-0.437585,-0.633096
6623,-1.856961,0.345376
6624,-1.351359,-1.436474
6625,1.783065,-0.385178
6626,-0.489234,-0.668852
6627,0.135933,0.053527
6628,0.449208,-0.585723
6629,1.616387,-0.753683
6630,-2.601119,-1.149839
6631,-1.479685,-1.822564
6632,-0.299686,-0.444919
6633,0.006127,0.328164
6634,-0.746079,-0.510411
6635,0.530656,-0.024692
6636,-1.106503,0.093286
6637,0.782308,-0.170019
6638,-3.999218,0.694058
6639,1.387929,-0.876567
6640,-0.883863,-0.946438
6641,-0.045461,0.162572
6642,0.129335,0.988817
6643,-0.017637,-0.764801
6644,-0.278894,-0.682463
6645,0.718788,-0.937710
6646,-0.762519,-0.097561
6647,0.103025,-0.996775
6648,0.268419,-0.449957
6649,-1.161636,0.054677
6650,-0.026903,0.407384
6651,-0.516294,-1.035150
6652,-0.355557,-0.371567
6653,-0.692344,0.409395
6654,0.426110,3.020672
6655,0.094812,1.409410
6656,-1.627855,-0.780462
6657,1.788714,0.397284
6658,0.124835,-0.217150
6659,-1.118404,1.048515
6660,-1.880453,-0.993811
6661,-0.398492,0.443454
6662,1.127209,-1.105324
6663,-0.032079,-0.411902
6664,0.635857,0.822564
6665,1.512885,-0.717983
6666,-2.072053,0.475734
6667,0.691469,-0.239993
6668,1.382197,-0.217947
6669,-1.313448,-0.683322
6670,0.335818,-0.057493
6671,-1.625224,0.463194
6672,-1.597125,-0.994825
6673,-0.859500,-0.150279
6674,-1.006151,0.575345
6675,-0.553054,-0.132382
6676,-0.183410,0.009126
6677,1.648472,-0.698255
6678,0.600496,-0.410247
6679,0.804666,-0.946090
6680,0.121122,-0.599053
6681,0.244889,0.499545
6682,-0.410689,0.192648
6683,0.033912,-0.552618
6684,0.425931,0.167330
6685,0.524519,-0.763931
6686,-0.400880,0.769374
6687,-0.011785,-0.588478
6688,-0.680801,0.257187
6689,0.679379,0.667943
6690,-0.769557,0.448439
6691,-1.352352,0.894828
6692,0.522227,0.183075
6693,-0.079428,-0.530813
6694,-0.022591,-0.798563
6695,1.003435,-0.650770
6696,0.554371,-1.071471
6697,-0.409162,-0.810500
6698,-0.384079,-1.500443
6699,0.105893,-0.744594
6700,-0.336024,0.544219
6701,-1.065512,0.516528
6702,-0.567493,-0.248399
6703,0.300151,0.216611
6704,-1.207854,-0.738353
6705,0.379944,0.089822
6706,-1.356933,-0.476778
6707,-1.774465,-0.683308
6708,0.827524,-0.212781
6709,-0.896357,-0.439892
6710,-0.051016,-0.688902
6711,-0.780151,-0.386240
6712,0.228775,-1.093691
6713,0.647271,-0.670741
6714,-1.007048,-0.117651
6715,1.349440,-0.245842
6716,0.538019,-0.358644
6717,0.381779,-0.972323
6718,-0.928969,0.017289
6719,-0.532134,-0.655263
6720,-0.527115,2.344958
6721,0.294238,-1.338685
6722,-0.899787,0.426300
6723,-0.008777,-0.612778
6724,-1.646238,0.257140
6725,-1.528482,0.357108
6726,-1.315905,0.282198
6727,-2.540150,0.194592
6728,-1.514069,-0.678375
6729,0.055477,-0.884540
6730,-0.618481,-1.029109
6731,1.166901,-0.625363
6732,-0.694657,-0.671037
6733,0.057288,-0.653413
6734,2.003461,-0.662108
6735,1.138529,-0.972262
6736,-0.090556,-0.346747
6737,0.099126,-1.122129
6738,1.920712,-0.243323
6739,-1.234297,-1.345820
6740,0.004674,-0.284600
6741,1.449151,-1.083353
6742,0.243920,-0.821246
6743,-0.914621,-0.563935
6744,-0.172027,-0.275321
6745,-0.554641,-0.415195
6746,0.011588,-0.217551
6747,-0.167295,0.241211
6748,0.574314,0.153481
6749,-0.069661,-1.433906
6750,0.839736,-0.161663
6751,0.028777,-0.058660
6752,1.094586,-0.774579
6753,-0.235871,-0.354511
6754,-0.761597,0.700757
6755,-0.056636,-0.093041
6756,0.672275,-0.840691
6757,0.720239,-1.233603
6758,-1.056120,-0.140007
6759,-3.312305,-0.487325
6760,-1.230459,-0.833469
6761,0.134162,-0.840254
6762,-1.942987,-0.783907
6763,-0.740573,-0.235623
6764,-1.266568,-0.320533
6765,0.261493,0.184921
6766,-3.717506,-0.229173
6767,-0.070173,-0.553178
6768,-1.529288,1.276879
6769,-1.993564,-0.895164
6770,-2.478288,0.425433
6771,-2.734898,-0.217458
6772,-2.017057,2.005319
6773,-1.195660,1.641402
6774,0.538000,0.030119
6775,-1.216401,-0.411760
6776,-0.809468,1.131322
6777,-2.218839,1.021888
6778,-3.962667,-0.353911
6779,1.657725,-0.281162
6780,1.480876,-0.713066
6781,1.064679,-0.375590
6782,0.384449,1.240572
6783,-1.203272,-0.173860
6784,1.147950,0.600238
6785,-1.637605,-0.777609
6786,-0.056686,0.179551
6787,-3.716297,-0.126694
6788,1.765618,0.059958
6789,-1.273589,-0.085781
6790,-0.077301,0.602556
6791,-1.055858,-1.070954
6792,-1.457441,0.847007
6793,-0.429611,1.295603
6794,-1.705729,0.335162
6795,-2.435559,-1.007965
6796,-0.543076,-1.352525
6797,-0.100308,-0.384871
6798,-0.893771,-0.440728
6799,-0.907338,1.165853
6800,-0.123093,1.542842
6801,-1.560990,2.083275
6802,0.335345,1.044133
6803,-1.170979,0.054801
6804,-0.276018,1.431099
6805,-0.098111,-0.701186
6806,0.271772,1.732217
6807,0.037766,0.075032
6808,-1.097519,1.593436
6809,-1.830638,-1.382139
6810,0.333723,1.551713
6811,1.323473,-0.764205
6812,-1.981116,0.176629
6813,-0.724841,-0.281875
6814,-1.901588,0.794935
6815,-3.632336,-1.146252
6816,-2.372001,1.552415
6817,-0.937870,-0.095726
6818,0.966742,-0.605213
6819,0.097594,0.505806
6820,0.079579,-0.096177
6821,0.897741,0.467544
6822,-2.164528,-0.328539
6823,-3.142246,0.504070
6824,-0.438880,-0.637366
6825,-1.375322,-1.325482
6826,-1.383831,0.277702
6827,1.124618,-0.138311
6828,0.942130,0.054012
6829,0.553015,0.327564
6830,-0.400737,-0.469440
6831,0.265970,-0.433768
6832,-3.167486,1.219350
6833,1.159207,-0.230767
6834,-0.343348,-0.963646
6835,0.609087,-1.396217
6836,-2.138224,2.323592
6837,-1.598880,-0.363555
6838,-3.900454,-2.359538
6839,0.999401,0.175782
6840,1.033516,-0.375418
6841,0.849665,-0.253991
6842,-1.648227,0.324122
6843,-0.669621,-0.339832
6844,-1.315753,-0.902810
6845,1.013990,-0.000458
6846,-2.398169,2.011293
6847,1.457322,-0.469188
6848,-2.266181,-2.068990
6849,1.853193,-0.857406
6850,0.319202,0.413340
6851,-1.319730,-0.508668
6852,-0.457193,1.310120
6853,-0.316303,1.035726
6854,0.989637,-0.729257
6855,0.098995,-0.384446
6856,1.554437,-0.037079
6857,0.094204,-1.101755
6858,0.771887,0.442390
6859,-1.264172,-0.144084
6860,-1.786483,2.784508
6861,-2.162271,-0.494903
6862,-2.134612,-0.357461
6863,-2.071057,-0.040800
6864,-0.655254,-0.747652
6865,0.401857,0.319396
6866,-0.231807,4.022338
6867,-1.436287,-0.935462
6868,1.646373,-0.626175
6869,-0.636938,0.549332
6870,-1.386392,-1.838761
6871,-0.376173,1.090437
6872,-0.202372,-0.092215
6873,1.291613,0.258809
6874,-0.745134,1.479359
6875,-0.027399,-1.253236
6876,-0.259109,-0.206521
6877,-2.248493,-1.562829
6878,0.907292,-0.868028
6879,-1.353022,-0.881988
6880,-1.011635,-1.399456
6881,-1.975014,-0.894567
6882,0.759071,-0.664731
6883,-0.500965,-0.479545
6884,1.547472,-1.165135
6885,-0.392360,-0.628387
6886,0.716129,-1.007670
6887,-0.247699,-0.475884
6888,0.957307,-1.537817
6889,0.527890,-2.277547
6890,-2.635374,-0.130283
6891,-2.601181,-0.315185
6892,0.549797,-1.844376
6893,-3.565414,-2.793008
6894,-4.173950,-2.324491
6895,-1.859019,-2.123747
6896,-0.167888,-0.033578
6897,-3.825773,-0.777048
6898,-0.006547,0.973380
6899,-0.368892,0.375622
6900,-1.735184,0.751744
6901,-1.009217,0.967694
6902,-2.003408,0.697353
6903,-0.246204,1.010330
6904,1.270134,-0.124700
6905,0.720120,-0.320707
6906,1.175809,-0.934416
6907,1.000499,-0.890467
6908,0.754032,-0.023211
6909,-0.897366,-1.488854
6910,-0.773323,1.523716
6911,-1.465242,0.973964
6912,-3.959618,-0.537093
6913,-2.633152,0.982110
6914,-0.862171,0.762183
6915,-2.473438,-0.634569
6916,-1.214943,1.299283
6917,-1.188292,-0.727101
6918,-0.103762,-0.294062
6919,0.191828,1.415633
6920,-0.033830,-0.409869
6921,-0.032165,2.072777
6922,-0.053304,-0.473871
6923,-1.268305,0.323329
6924,0.863844,-0.346185
6925,-0.185896,0.373361
6926,-0.448325,-0.158901
6927,1.283850,-0.745294
6928,-0.375304,0.485812
6929,0.268576,2.111800
6930,-0.073992,0.709125
6931,-1.244829,1.391437
6932,0.061604,1.995636
6933,-0.469443,3.257501
6934,2.096610,-1.349828
6935,-0.613407,0.687098
6936,-1.800789,-1.138705
6937,-3.121287,1.489396
6938,1.335869,-0.198735
6939,-1.131699,1.125624
6940,-1.482901,1.873524
6941,-0.886944,1.923198
6942,-2.168421,2.517554
6943,2.214045,0.333683
6944,-1.364849,0.471768
6945,-0.726183,2.236269
6946,-0.427330,1.493412
6947,0.293919,0.362867
6948,-2.302587,-2.452151
6949,0.601950,-0.467089
6950,1.917109,-0.067366
6951,-0.803440,-0.164586
6952,-1.549039,1.472523
6953,0.098558,1.329991
6954,-3.888532,0.442745
6955,-0.041311,-0.934850
6956,-0.050741,-0.100249
6957,0.016011,-0.146388
6958,-0.947013,-0.549883
6959,0.401629,4.326500
6960,-0.514615,0.405360
6961,-2.753833,1.646989
6962,-0.821620,-0.269331
6963,0.577263,0.613386
6964,1.077087,0.508875
6965,-1.083982,-0.509269
6966,0.799334,0.330486
6967,-2.324628,0.765519
6968,-1.594969,-1.286454
6969,1.046275,-0.407874
6970,-1.906796,-0.955823
6971,-1.423095,-1.486451
6972,0.404549,-1.312098
6973,-3.363202,-1.783467
6974,0.284375,-0.458433
6975,-3.646979,-1.221941
6976,2.175656,-0.405173
6977,0.044633,-1.271428
6978,0.168392,0.937283
6979,0.796815,0.555604
6980,1.435383,-0.933911
6981,0.127601,-1.106901
6982,1.649014,0.491956
6983,0.216004,1.978531
6984,0.293738,1.091221
6985,-1.617009,0.392504
6986,1.451967,-0.728772
6987,-1.320129,0.926325
6988,0.546605,-0.724339
6989,-0.388503,0.250043
6990,-0.811796,0.236186
6991,-1.045272,-0.995446
6992,-0.745474,-2.234917
6993,-1.654512,-0.220114
6994,0.636744,-0.642730
6995,0.888430,-0.688571
6996,-1.289759,0.914223
6997,-1.152694,-0.296440
6998,1.356972,-0.917760
6999,0.011983,-1.534664
7000,0.870301,-0.610962
7001,0.274379,-0.715656
7002,1.726563,-1.625161
7003,-2.017768,0.282100
7004,0.144459,-0.973334
7005,0.518920,1.088211
7006,1.376191,-0.917542
7007,-0.883459,-0.223066
7008,-0.388106,0.338291
7009,-1.369256,-0.277212
7010,-1.417186,3.291745
7011,0.248519,0.487577
7012,-1.902755,-0.373354
7013,-0.389052,0.802670
7014,0.702675,-0.885766
7015,-0.884384,-2.176725
7016,0.016063,0.116082
7017,-0.076840,-1.034058
7018,0.783954,-1.704944
7019,-1.116476,-0.490988
7020,1.851834,-0.630739
7021,0.791873,-0.178221
7022,-0.329198,3.992840
7023,0.930228,0.920437
7024,1.023845,0.044981
7025,1.202670,-0.223554
7026,-0.910795,1.270718
7027,-0.212722,1.524597
7028,1.595754,-0.548082
7029,-0.362821,3.602839
7030,1.107835,3.140240
7031,-0.081066,0.024414
7032,-0.118955,0.606830
7033,0.477282,1.539867
7034,0.975839,-0.476798
7035,0.615526,-0.919350
7036,1.356594,1.050398
7037,0.624768,-0.079474
7038,0.052392,0.670702
7039,-0.345732,-1.194894
7040,2.003583,2.069316
7041,1.952307,1.133177
7042,0.043613,-0.410489
7043,1.809032,0.993457
7044,-1.194460,0.664700
7045,1.355597,-0.896432
7046,0.270007,-0.976705
7047,1.897548,-0.402151
7048,1.060033,1.526820
7049,-2.212313,-1.617946
7050,1.130002,1.187704
7051,0.769766,1.992120
7052,1.515003,-0.480613
7053,0.135922,0.308133
7054,-0.529392,0.760627
7055,0.122558,0.027666
7056,0.776968,0.311017
7057,0.983042,0.360934
7058,0.026346,0.522877
7059,0.410009,-1.686772
7060,2.419935,-0.705916
7061,0.507745,-1.221114
7062,-0.557190,-0.379062
7063,-0.776847,-0.485947
7064,-0.589725,2.022474
7065,1.853169,-0.887333
7066,0.482382,-0.604392
7067,-0.231880,1.286435
7068,-1.358414,0.977718
7069,1.124435,-0.361840
7070,-1.201438,0.081693
7071,0.820836,-0.501312
7072,1.653082,-0.056855
7073,-1.363488,-0.561465
7074,0.687038,-0.427323
7075,0.808348,-0.945627
7076,-0.559821,-1.354043
7077,0.282806,-1.393943
7078,-1.177418,-0.026736
7079,-0.789186,-0.703937
7080,1.299529,-0.027104
7081,1.695267,-0.138459
7082,-1.279688,-0.011406
7083,1.994283,-0.280250
7084,-0.241976,-0.681941
7085,-0.002103,0.767145
7086,1.420991,-0.465710
7087,-0.362745,0.360069
7088,1.546881,-0.737333
7089,0.449273,-0.192301
7090,0.635524,-0.126344
7091,-1.833022,0.630698
7092,1.394340,-0.530595
7093,1.062914,-0.677546
7094,0.361632,-0.368377
7095,1.186153,-0.424546
7096,1.844171,-1.035708
7097,0.401666,0.423804
7098,0.815672,-0.725246
7099,1.346730,-0.694857
7100,-0.043321,-0.827153
7101,0.150770,0.290762
7102,-0.024922,-0.100874
7103,-1.194585,-0.533851
7104,-0.009718,-1.250921
7105,0.308937,-0.779834
7106,0.126608,-1.381731
7107,0.992241,-1.305864
7108,1.458276,-0.632586
7109,-1.445801,-1.898074
7110,-0.400206,-0.569572
7111,0.107461,0.583312
7112,-0.189036,-1.298348
7113,0.320306,-0.478289
7114,-0.231805,2.136617
7115,2.062784,-1.717317
7116,0.442552,-0.864692
7117,-0.377156,-2.513306
7118,0.846897,-0.953509
7119,0.744321,-1.015248
7120,-0.476167,-0.347836
7121,-0.274080,-1.227567
7122,1.142199,-0.169946
7123,0.715496,-0.921619
7124,-1.460231,-1.625385
7125,0.259699,-0.666919
7126,0.629768,1.212966
7127,1.268170,-0.674065
7128,0.862413,-0.714919
7129,-0.609310,0.205285
7130,0.963262,-0.175632
7131,2.418792,0.203699
7132,0.995339,1.470045
7133,-2.498534,0.711304
7134,0.372928,4.031416
7135,-1.737210,-0.769742
7136,0.895467,0.702255
7137,1.946908,0.769761
7138,-1.727309,0.516059
7139,-0.706671,1.411616
7140,1.348861,-0.168322
7141,1.626890,2.635877
7142,1.705978,-0.057846
7143,1.095178,1.844863
7144,1.701825,-0.803770
7145,0.862496,0.447458
7146,-2.101663,1.274445
7147,0.333897,0.910020
7148,0.662873,2.044516
7149,0.314074,0.491688
7150,1.572851,1.697249
7151,1.418658,2.477747
7152,-0.263041,0.923678
7153,0.470374,-0.150276
7154,-0.837062,-0.964850
7155,-1.389562,0.842891
7156,1.762323,0.568832
7157,-1.927059,0.895925
7158,1.307109,0.033128
7159,0.462246,-0.299640
7160,0.653086,2.251374
7161,-0.965647,1.635804
7162,-2.418565,0.407088
7163,-2.354036,0.147673
7164,0.840007,0.346046
7165,-0.546241,2.440050
7166,0.891993,-0.294405
7167,0.307498,1.473187
7168,1.377193,0.745785
7169,1.247875,0.438431
7170,0.555565,1.044933
7171,1.599374,0.654906
7172,-0.180057,0.014956
7173,1.577375,0.436408
7174,-0.899240,1.127161
7175,0.258263,1.114613
7176,-0.099299,0.572147
7177,-1.940717,1.154405
7178,0.152166,1.483934
7179,2.052232,0.640965
7180,-0.108265,1.744793
7181,-0.691599,1.336792
7182,0.948315,-1.998231
7183,0.390795,1.937460
7184,-0.061611,0.101788
7185,2.240350,0.662904
7186,-0.153292,2.090513
7187,0.000854,-0.270884
7188,0.480539,0.591465
7189,0.078342,-0.326255
7190,-0.215959,1.579060
7191,1.946212,1.612181
7192,1.890276,1.739463
7193,0.221784,1.107188
7194,0.739151,0.076940
7195,-1.932007,-0.259875
7196,1.568651,1.384772
7197,-0.002058,1.101136
7198,-0.883859,0.161801
7199,1.186951,-0.860616
7200,-0.212637,2.786514
7201,-0.030952,2.575253
7202,1.324248,0.678561
7203,-1.467108,0.091741
7204,-0.272772,0.688035
7205,1.627059,0.065761
7206,-2.719751,0.517235
7207,-1.430344,-0.807871
7208,1.500777,1.208556
7209,2.012523,1.016901
7210,-0.299981,0.892670
7211,1.392688,1.126629
7212,1.153352,1.495534
7213,-1.944551,-1.913814
7214,-1.951412,1.043165
7215,0.628837,3.304214
7216,-2.143001,0.348467
7217,1.244557,3.423889
7218,-0.448326,1.595787
7219,-0.795744,1.222722
7220,-0.047452,1.273854
7221,1.436139,2.766849
7222,0.023230,2.651662
7223,0.329158,0.882703
7224,-0.823126,2.959530
7225,-1.714346,-0.406304
7226,-0.145413,0.244008
7227,0.822208,1.101039
7228,0.314802,0.176922
7229,-2.948817,-0.860356
7230,-0.656407,-0.578629
7231,0.285187,0.098866
7232,-0.883490,-0.332110
7233,0.178081,0.134078
7234,-1.398091,-0.352689
7235,-1.162433,-1.820563
7236,0.095524,0.804545
7237,1.200336,0.705043
7238,1.949930,0.219090
7239,1.761815,1.171492
7240,0.132990,2.170037
7241,1.640458,0.335048
7242,0.626089,0.049160
7243,0.368729,2.434696
7244,-1.453359,2.132471
7245,0.688983,1.865343
7246,-0.364235,0.438442
7247,-1.036408,0.615131
7248,0.184783,0.934290
7249,1.144894,0.279854
7250,-1.310963,2.960682
7251,0.891105,0.565956
7252,-2.339413,1.131113
7253,0.591450,4.177970
7254,-1.112995,1.821649
7255,0.472238,-0.122824
7256,0.846364,0.366595
7257,-0.682374,-1.451717
7258,0.080880,2.245440
7259,1.008908,1.181591
7260,0.488967,1.385986
7261,1.517133,-0.179973
7262,0.058686,-0.182738
7263,2.346092,-0.415908
7264,0.253698,0.118322
7265,2.459751,-0.265237
7266,2.371443,0.671897
7267,-0.339238,-0.955551
7268,0.857336,0.654005
7269,-2.423643,0.968558
7270,-2.053156,-0.276643
7271,-0.900052,0.684199
7272,0.392858,0.079561
7273,0.818195,0.023642
7274,0.961615,0.212695
7275,1.535612,0.335371
7276,0.845179,3.250340
7277,-1.472680,0.948851
7278,2.474172,-0.858466
7279,-1.388384,0.701209
7280,0.055009,1.571334
7281,1.174089,0.473528
7282,-1.302627,-0.067839
7283,1.670237,1.731297
7284,-2.184845,-0.945098
7285,0.277560,-0.190783
7286,0.153884,0.385992
7287,0.591115,0.836145
7288,-0.256601,-0.520275
7289,-1.704950,-0.333548
7290,-0.908153,-1.163733
7291,1.484885,0.595364
7292,-1.140156,-1.457398
7293,-1.195080,1.285342
7294,-0.410635,1.402528
7295,0.761437,0.949623
7296,-1.680397,1.545417
7297,-1.437320,1.977278
7298,1.006155,1.332249
7299,1.464904,1.062484
7300,1.479277,1.316728
7301,0.202728,0.918445
7302,1.791466,3.277531
7303,-1.310255,0.118340
7304,-0.638255,0.821267
7305,-2.295454,-0.298403
7306,-0.213520,0.931498
7307,0.726724,2.675349
7308,0.115643,0.563763
7309,3.365514,-1.080114
7310,3.236812,-0.972494
7311,-0.856174,2.269279
7312,0.892170,1.439644
7313,1.544343,1.354083
7314,1.233638,1.396033
7315,-0.599897,2.274962
7316,-1.063621,1.646092
7317,-1.577386,-0.776656
7318,1.275301,0.438562
7319,0.611156,0.786183
7320,1.808104,0.804254
7321,-0.246394,-0.959374
7322,1.067767,-0.843447
7323,-0.830967,1.894875
7324,-0.757865,-0.565362
7325,0.626307,0.488778
7326,1.268013,0.113842
7327,-0.545828,1.147565
7328,0.528289,-1.286045
7329,0.181634,0.406613
7330,-2.482247,-1.384653
7331,-0.109906,1.251001
7332,-0.462506,1.287255
7333,0.148322,2.604901
7334,-0.828471,2.052294
7335,-2.201624,1.328807
7336,1.076818,4.158556
7337,-0.021111,1.883267
7338,1.225273,2.018914
7339,0.358014,0.772502
7340,-0.099436,0.442240
7341,1.925978,-0.521963
7342,-1.088446,1.060560
7343,1.255633,1.730268
7344,1.826192,-0.671300
7345,0.711942,-0.111930
7346,0.726921,0.728751
7347,0.391454,0.551396
7348,-0.929607,-1.055728
7349,2.309229,0.003645
7350,2.128748,0.530685
7351,2.415942,0.822595
7352,0.896437,2.201249
7353,0.378213,0.287746
7354,1.632112,3.428359
7355,2.363530,0.435859
7356,1.308831,-0.012445
7357,-1.194887,-0.960651
7358,-1.711123,0.286572
7359,0.871567,0.991020
7360,1.120034,1.689512
7361,1.668391,2.571976
7362,0.293821,0.730451
7363,0.791202,2.157068
7364,-1.491439,-0.850178
7365,2.264217,-0.576993
7366,2.136212,-0.257345
7367,-1.201725,1.318450
7368,2.505298,0.490922
7369,2.071849,0.990545
7370,-0.802243,-0.447896
7371,0.267787,0.045010
7372,1.695484,-0.594655
7373,0.229814,1.521005
7374,-1.643377,0.107501
7375,1.335114,2.593378
7376,-0.179546,3.064332
7377,-0.064607,-0.204718
7378,-0.774435,3.298739
7379,-1.420925,1.042762
7380,0.164391,2.274987
7381,1.344243,-0.993895
7382,0.604109,0.812341
7383,-1.000299,-0.719286
7384,1.973339,-1.258317
7385,0.061419,1.084272
7386,-0.235543,0.285916
7387,0.072068,2.307045
7388,1.645546,1.148738
7389,1.052209,0.502998
7390,-2.246161,-0.801104
7391,0.475867,0.153063
7392,0.407035,1.543751
7393,0.046239,0.775536
7394,0.470177,-0.915817
7395,0.968581,0.196894
7396,-1.276525,-0.710366
7397,-1.940709,0.585154
7398,2.581553,0.082647
7399,-1.215238,3.215296
7400,-1.594831,-1.184808
7401,0.760941,-0.088363
7402,-0.567460,-0.287993
7403,-1.090139,-0.625191
7404,0.462553,1.075892
7405,-1.037632,1.260540
7406,-1.774437,4.828768
7407,2.155069,0.663622
7408,-3.335585,1.916491
7409,1.862708,-0.958396
7410,0.972687,-1.111169
7411,-0.368890,-0.579404
7412,1.377185,-0.705357
7413,-1.171295,4.719615
7414,-1.212960,2.192369
7415,1.106893,1.344508
7416,0.428504,0.742140
7417,0.028109,1.153542
7418,-1.677098,-0.022847
7419,-0.791790,0.853514
7420,1.061058,0.072652
7421,-2.189793,-0.254365
7422,0.675767,-0.107930
7423,0.551290,-0.538808
7424,-0.272112,-0.758153
7425,1.638106,-0.034508
7426,-0.798391,-0.255443
7427,1.478044,1.799063
7428,0.877743,-0.029467
7429,0.385494,-0.123828
7430,0.675694,-0.243443
7431,0.851393,-0.503933
7432,-2.042439,3.875466
7433,0.986439,1.663076
7434,-0.875987,0.763753
7435,0.168805,2.408519
7436,0.484271,0.068610
7437,-3.227987,0.072414
7438,0.414419,-0.326743
7439,1.615960,-0.578280
7440,1.601780,-0.462863
7441,-0.113182,-0.051452
7442,2.541012,-0.443877
7443,1.287977,1.432279
7444,-0.535553,1.966548
7445,0.166031,-0.747140
7446,-0.556668,-0.516652
7447,1.550385,0.839444
7448,0.293349,0.175359
7449,-0.280067,0.950765
7450,-1.168385,-1.359601
7451,1.163468,-1.449915
7452,-0.586085,1.197614
7453,-3.489804,-1.601035
7454,1.659468,-0.781899
7455,2.460833,-0.793517
7456,-0.674495,0.670581
7457,1.009617,-0.699045
7458,-1.879558,-1.028985
7459,1.929643,-0.752234
7460,1.374658,0.040398
7461,-0.481477,-2.965258
7462,1.094067,-0.901551
7463,0.830508,-0.866231
7464,0.803218,0.409335
7465,1.170890,-0.217613
7466,-0.494229,1.330243
7467,0.569498,0.552380
7468,-0.911149,0.908513
7469,0.282026,0.827965
7470,0.458783,1.579661
7471,1.292573,-0.220478
7472,-0.584684,1.619399
7473,0.503238,-1.879715
7474,1.504620,-0.832034
7475,-0.147692,1.303590
7476,-0.559754,0.236174
7477,0.933181,0.351723
7478,-1.070584,1.258295
7479,-0.819751,2.265614
7480,-1.520719,2.309674
7481,-0.591890,0.786466
7482,-0.573777,-1.287421
7483,-1.886849,0.688956
7484,-0.893955,-1.167193
7485,1.437778,1.939302
7486,0.165355,0.804291
7487,-0.713201,0.204562
7488,1.840351,0.427397
7489,-0.341937,2.434560
7490,-0.817296,-0.527042
7491,-1.539764,1.224400
7492,-0.436641,0.565225
7493,-1.662483,-0.674945
7494,-0.674425,0.315720
7495,1.493549,-0.963594
7496,-1.110083,-0.006451
7497,-0.364433,-0.560248
7498,-0.116210,-0.887651
7499,1.448833,-0.850699
7500,-1.946688,1.086203
7501,-0.968066,-0.730469
7502,0.815419,-0.872226
7503,0.916919,-0.334146
7504,-1.756924,-0.887232
7505,-1.149031,0.394177
7506,1.560283,-0.879694
7507,0.418953,-0.798323
7508,1.423905,-1.679028
7509,0.145450,0.093883
7510,-1.806891,1.202049
7511,1.134327,0.672306
7512,0.213665,-0.526707
7513,0.746567,0.128329
7514,1.277213,0.630555
7515,1.455581,0.086280
7516,1.019261,2.102188
7517,1.179405,-0.023846
7518,0.942665,-0.132242
7519,2.547060,0.271267
7520,0.247860,-0.119139
7521,-0.947373,-1.330893
7522,-1.444687,1.458416
7523,-0.864484,0.164858
7524,-1.251776,0.202911
7525,-0.828961,0.548846
7526,1.059936,1.158229
7527,0.356228,0.460875
7528,1.092910,0.834137
7529,1.855287,-0.736976
7530,-0.060173,-0.471774
7531,-1.731430,-0.427863
7532,-0.423869,-1.131631
7533,2.666598,-1.086617
7534,0.841638,1.282223
7535,-0.772919,-1.771871
7536,-1.070696,0.639471
7537,1.451224,-1.051690
7538,-0.493023,-0.561239
7539,-0.019627,0.425985
7540,-1.733745,-0.356054
7541,1.962174,0.465564
7542,-0.454561,0.058679
7543,0.959165,-0.422454
7544,0.778683,-0.751912
7545,1.314476,-0.425320
7546,0.358993,0.966432
7547,-1.439372,-1.417679
7548,0.203471,-1.567191
7549,-3.048881,-3.529223
7550,-0.402540,-2.117028
7551,-3.219899,-1.085114
7552,-1.933580,-1.635770
7553,0.196742,-1.270925
7554,-0.162490,-1.907993
7555,-1.793990,-0.570800
7556,0.184432,-1.709358
7557,-0.709205,-1.327765
7558,-1.989446,-3.123070
7559,-1.684828,-1.091999
7560,-1.533221,-1.283490
7561,-0.696482,-1.916295
7562,1.761985,1.354008
7563,0.875444,-0.254302
7564,-0.217643,-0.669437
7565,-0.448266,-1.696024
7566,-0.323471,-1.653578
7567,0.365803,-0.103422
7568,-0.329134,1.631897
7569,0.362807,-0.455805
7570,0.207109,-0.431575
7571,0.552486,0.446275
7572,0.890151,-1.309175
7573,0.411457,-0.795252
7574,0.939322,-1.286715
7575,0.448753,-1.378867
7576,-0.545018,-1.364245
7577,0.439173,-0.133525
7578,2.217632,-1.669172
7579,0.202704,-1.322826
7580,-2.078087,-1.350325
7581,1.021568,-1.051176
7582,-0.614906,-2.077870
7583,-1.054684,-1.720080
7584,0.932434,-0.753539
7585,-0.496782,-0.903871
7586,0.818988,-0.213482
7587,-0.181998,-1.125322
7588,-0.860999,1.777526
7589,0.332195,-0.315936
7590,0.117238,-0.733828
7591,-1.351062,2.639802
7592,0.843103,-0.361272
7593,0.860194,0.379038
7594,0.935594,4.697776
7595,0.931408,0.175615
7596,-0.084919,-0.820447
7597,-0.580312,0.623011
7598,1.285340,1.467837
7599,0.393288,0.978061
7600,-1.903932,0.274345
7601,-2.708740,-0.780428
7602,-0.201422,-0.081618
7603,1.335960,-1.134471
7604,-0.970922,-0.309231
7605,-0.942247,1.362897
7606,-2.811430,-1.210736
7607,-1.159084,-0.156625
7608,-0.040227,0.562194
7609,0.467695,-0.597549
7610,1.437132,-0.217944
7611,-1.652344,0.731132
7612,-0.892316,-1.350966
7613,1.154739,-0.649157
7614,-0.753256,-0.886260
7615,0.417838,-0.155458
7616,-1.702359,1.284508
7617,-0.999234,-1.001462
7618,0.782008,-0.168923
7619,1.657893,0.566013
7620,-1.150145,2.809772
7621,0.022194,0.178740
7622,-2.825437,-0.104064
7623,0.887280,0.656110
7624,0.637800,-0.146720
7625,-0.772064,0.480907
7626,-1.098356,4.225747
7627,0.895067,0.113514
7628,-3.002860,1.269334
7629,-1.888314,-2.018728
7630,0.566624,-0.734598
7631,-0.279334,-0.152101
7632,-1.439647,0.476667
7633,-0.398622,-0.663203
7634,1.390297,0.704330
7635,0.529651,-1.062032
7636,-1.335601,-1.177930
7637,-0.970257,-0.909166
7638,-0.696479,0.358252
7639,-0.560899,1.388291
7640,-0.150451,-0.484169
7641,1.324422,-0.396260
7642,0.040263,-0.165628
7643,0.905708,1.893178
7644,0.179362,0.537445
7645,-3.882612,1.381827
7646,-1.906218,1.026666
7647,-0.790653,0.280436
7648,-0.094033,0.815581
7649,-0.705733,-0.309178
7650,-1.317890,-0.524800
7651,1.050141,-0.072982
7652,-1.259828,-1.001153
7653,-0.448519,-1.210940
7654,-0.260186,0.327912
7655,0.943791,0.285798
7656,0.383040,0.394780
7657,-0.804559,-0.397811
7658,-0.162111,-0.849710
7659,-0.660406,-0.218398
7660,0.329055,-1.189899
7661,0.693013,0.338168
7662,0.524051,2.880549
7663,-3.771409,-1.880498
7664,-1.062379,-1.352630
7665,-1.298274,-0.466859
7666,-1.957237,-0.491707
7667,0.618893,0.759571
7668,-1.193837,-0.133397
7669,1.541485,-0.222329
7670,-1.065805,-0.759660
7671,-2.206474,1.064936
7672,0.317398,0.077626
7673,-1.013163,1.512556
7674,-1.868263,-1.198665
7675,0.305427,-0.686282
7676,1.959044,0.162403
7677,-0.373993,1.072395
7678,-0.768287,-0.380803
7679,0.256817,-0.570939
7680,0.489232,2.281369
7681,-1.721660,0.637729
7682,-0.425325,1.521014
7683,0.751354,-0.293673
7684,0.022458,-0.367986
7685,1.611299,-1.138370
7686,0.070801,-0.103708
7687,-1.612174,2.119813
7688,-1.536475,-0.364778
7689,1.137224,0.453449
7690,-1.964980,1.053615
7691,1.025808,0.510180
7692,-3.166959,-0.484321
7693,-0.946034,-0.746794
7694,-1.446673,-0.769775
7695,-4.518803,-0.319656
7696,-3.313196,-1.410133
7697,0.701587,0.002823
7698,0.602925,1.067655
7699,0.667836,0.295872
7700,2.086455,-0.599460
7701,1.729248,0.086745
7702,1.147185,-0.672825
7703,0.074656,0.747166
7704,-2.062736,1.352288
7705,0.628621,1.118164
7706,0.779220,-0.495448
7707,1.088018,-0.453728
7708,0.403214,1.358255
7709,2.170486,-0.137388
7710,-0.651355,-0.678858
7711,1.624186,-1.241410
7712,-1.100342,1.274296
7713,-0.448385,0.833091
7714,1.544540,0.208606
7715,0.463373,-0.050869
7716,0.406157,-1.529983
7717,0.049400,-1.663939
7718,-2.583721,0.575608
7719,-0.155080,-0.262751
7720,-3.948094,0.655155
7721,0.654289,0.867383
7722,0.742365,0.411431
7723,-0.677630,1.517300
7724,-2.272354,2.287637
7725,-2.033884,0.379761
7726,-1.858429,-0.067916
7727,0.712001,0.214220
7728,0.680635,-0.640604
7729,-2.055062,3.159903
7730,-3.355102,0.665616
7731,-1.463209,-0.409791
7732,0.391046,0.329002
7733,0.012885,1.422058
7734,-2.077078,1.365081
7735,0.027559,-0.912912
7736,-3.183441,2.020819
7737,0.675505,-0.040066
7738,-1.682433,0.283394
7739,-0.673908,-0.189725
7740,-2.039284,-0.795868
7741,-0.805098,-0.193236
7742,-1.865611,0.773703
7743,-1.935734,-0.045232
7744,-1.027075,1.827838
7745,-2.539191,-0.050161
7746,-2.160284,-0.025812
7747,-0.312110,-1.093562
7748,-3.031974,-0.424134
7749,0.082278,0.201668
7750,1.449832,0.380340
7751,-2.873871,-1.133576
7752,0.293802,-0.424761
7753,-0.526239,-0.259618
7754,-1.702666,-2.082991
7755,-0.187277,0.871577
7756,1.705761,-1.110114
7757,-3.072227,1.253358
7758,0.005699,-0.808997
7759,0.701368,-1.340859
7760,0.929036,-0.715192
7761,-0.588100,-0.782090
7762,-0.912752,1.198935
7763,-0.155424,0.149111
7764,1.075216,-1.532000
7765,-0.531600,-0.638894
7766,-0.925759,0.408785
7767,0.558316,-0.335716
7768,-1.401865,-0.194136
7769,-3.438855,-2.177973
7770,-4.029680,-0.940620
7771,-0.280556,-0.349350
7772,-1.066242,-1.664019
7773,-0.988714,-0.920022
7774,-2.158167,-0.039828
7775,-3.423921,-2.160300
7776,-3.834750,-3.240668
7777,-1.324802,-0.493177
7778,-4.245614,1.490895
7779,-1.073058,1.209090
7780,-1.805006,-1.548849
7781,-1.479579,-1.972986
7782,-1.995673,-2.667865
7783,-0.720470,-1.035955
7784,-1.690510,0.616522
7785,0.542447,-2.400891
7786,-0.048430,1.081936
7787,-1.533607,0.564812
7788,0.370712,1.535758
7789,-1.066348,1.348319
7790,-0.170147,-0.556810
7791,1.334653,-0.869814
7792,-3.199073,1.396711
7793,-1.401507,-0.050922
7794,0.599511,1.012567
7795,0.875640,-0.976735
7796,-2.225318,1.383779
7797,2.649644,-1.005199
7798,0.946847,-1.038964
7799,0.763798,-0.070568
7800,0.725279,-0.727250
7801,0.325923,-0.760776
7802,0.757090,0.687298
7803,-1.006789,-0.162698
7804,-0.344886,-0.369992
7805,-0.427208,0.755857
7806,-1.075206,-1.148820
7807,1.833423,-0.551116
7808,-0.054607,-1.986823
7809,-0.159850,0.895426
7810,-1.098651,0.621301
7811,0.634541,0.468701
7812,-0.463971,-0.381720
7813,0.695402,-0.324972
7814,-0.519245,0.033882
7815,0.876575,-0.925002
7816,0.040357,0.117707
7817,-0.921450,0.135659
7818,0.741739,-0.804031
7819,-1.047247,0.176105
7820,-0.538121,0.228855
7821,-0.447456,1.935022
7822,0.683735,1.582468
7823,-1.125745,0.384732
7824,1.192970,-0.119429
7825,-0.262442,0.939105
7826,0.301160,0.631437
7827,-1.104514,-0.049986
7828,-1.097678,1.789782
7829,-0.586067,1.963826
7830,0.200938,0.685738
7831,-0.221878,-0.576216
7832,0.033490,-1.602801
7833,-0.179372,-0.317536
7834,-1.336410,-1.565220
7835,2.199905,-0.382192
7836,0.591559,-0.994509
7837,-1.062517,1.005067
7838,-1.128696,-1.139708
7839,1.352019,0.998940
7840,0.794186,0.334459
7841,0.605682,-0.899038
7842,0.889719,-0.327020
7843,-1.203234,2.991305
7844,-2.770338,-1.441388
7845,0.822487,0.299383
7846,0.871116,1.192853
7847,0.419469,-0.311922
7848,0.157270,1.169741
7849,-3.815402,-2.663835
7850,-0.547760,-0.859949
7851,0.091886,1.104971
7852,0.492600,-0.062728
7853,0.404408,-0.983908
7854,-0.112036,0.097106
7855,-0.213534,2.226281
7856,-1.023874,-0.150465
7857,0.223807,-0.510636
7858,1.182434,-0.641161
7859,0.341891,-0.062811
7860,-0.305653,-0.926860
7861,0.912633,0.578314
7862,0.118995,-0.390446
7863,1.335970,-0.200799
7864,1.039752,-0.224597
7865,1.368185,-0.697902
7866,-0.573618,-1.614927
7867,0.995733,-0.151276
7868,-0.230686,1.032752
7869,1.487262,-0.236539
7870,0.768639,-0.204819
7871,-1.475649,-1.031791
7872,0.233204,-1.328394
7873,-0.288922,-1.271046
7874,0.157801,-0.837373
7875,-0.600839,-0.850477
7876,-0.827798,-0.004281
7877,0.410911,1.475916
7878,1.282746,-0.298405
7879,-0.244693,0.176491
7880,0.535716,0.963755
7881,0.452441,-0.202527
7882,-0.416731,0.931929
7883,-0.710774,-0.439963
7884,2.240038,-1.048777
7885,2.113248,-1.280719
7886,1.124852,-0.510602
7887,0.449117,-0.617896
7888,1.238374,-1.356027
7889,1.067638,-0.805383
7890,-3.271544,-2.971760
7891,2.448043,-1.196938
7892,0.768128,-0.196441
7893,0.417803,0.226808
7894,0.625962,-1.330289
7895,0.235543,0.497224
7896,0.643924,-0.126171
7897,0.505715,-0.473376
7898,-0.431122,-1.314258
7899,-1.396265,2.074509
7900,0.976123,-0.788745
7901,-0.078787,-0.335116
7902,-0.781843,-1.375599
7903,0.162037,-0.894134
7904,-2.733437,-0.528905
7905,-1.253042,0.164856
7906,-0.586360,0.123166
7907,-0.162706,-0.518037
7908,2.563088,-1.250364
7909,1.394570,0.999507
7910,3.365514,-1.080114
7911,-1.538156,-1.871802
7912,-2.639585,-0.722914
7913,0.709253,-0.696499
7914,0.304566,0.597662
7915,1.713288,-1.528779
7916,-0.053028,-1.822184
7917,2.179019,-0.628603
7918,1.777875,0.127620
7919,0.036227,2.892141
7920,0.786997,0.651526
7921,0.032577,0.194929
7922,-0.004632,0.031533
7923,-0.697412,1.676956
7924,0.870206,0.020576
7925,1.829861,2.648884
7926,0.269035,0.038615
7927,2.169774,0.836282
7928,0.027458,0.572094
7929,-1.940515,-2.143060
7930,-2.393713,-0.742153
7931,1.937398,-1.474368
7932,1.403245,-0.010897
7933,1.508693,-0.564579
7934,1.806184,-1.573624
7935,1.160487,-0.708119
7936,2.725607,-0.398475
7937,0.107570,2.291016
7938,0.767584,0.185390
7939,-0.163959,-1.553818
7940,1.717342,0.971920
7941,2.585408,-0.016652
7942,-1.986555,0.815889
7943,-0.490237,-0.726162
7944,-0.487378,1.370968
7945,-0.103928,1.648370
7946,0.757519,1.555907
7947,0.457152,1.323421
7948,0.814243,-0.721573
7949,0.864951,-0.242223
7950,1.268106,0.286044
7951,2.634556,-0.357518
7952,1.425332,0.740356
7953,1.720844,-0.554934
7954,0.074892,-0.833826
7955,-1.470898,-0.508881
7956,-1.941397,-0.389016
7957,1.315037,-0.253479
7958,1.764741,-0.185703
7959,-0.375532,2.698296
7960,0.481785,0.404664
7961,-1.069742,-1.102574
7962,0.451593,0.019003
7963,2.418024,0.456740
7964,0.904111,-0.936789
7965,2.583882,-1.102610
7966,-0.421277,-0.658710
7967,-1.597372,2.748757
7968,0.739571,0.277714
7969,0.268241,-0.395770
7970,0.871604,-0.869365
7971,2.338971,-1.204252
7972,-0.256059,2.913262
7973,-0.302772,-0.872276
7974,0.962065,-0.436025
7975,-1.485716,0.181681
7976,-0.682132,-1.757224
7977,2.318121,0.853101
7978,-0.191823,0.266364
7979,3.181739,-0.917338
7980,-0.460833,0.377216
7981,-1.694046,1.250885
7982,0.300030,-0.351978
7983,2.647825,-0.985563
7984,0.593579,-0.685077
7985,1.259993,0.731493
7986,-0.913598,1.453321
7987,-0.507939,0.167434
7988,0.483325,-0.386053
7989,1.121844,0.001171
7990,2.078157,0.486021
7991,1.411114,-0.537553
7992,1.648632,0.014322
7993,0.986456,-0.562041
7994,2.249038,-0.361041
7995,0.934717,-0.874422
7996,0.694155,-1.706547
7997,-0.013412,-0.287082
7998,0.998863,-0.647487
7999,-0.498063,-1.483437
8000,1.548263,-0.376307
8001,-0.991613,-0.398881
8002,1.385697,-0.733905
8003,1.142942,0.210034
8004,1.339751,-0.440797
8005,-0.222233,-0.094052
8006,0.417261,0.072899
8007,0.457736,-0.603697
8008,0.720860,-0.438680
8009,-1.010767,-1.258643
8010,-1.364424,-0.566556
8011,0.097054,-0.331416
8012,-0.875945,0.216780
8013,-0.755261,-0.144694
8014,-0.580566,-0.123463
8015,-1.250676,4.226653
8016,-1.963413,0.173068
8017,0.414782,-2.264628
8018,-2.434077,0.724665
8019,0.520587,-1.224493
8020,-3.803988,-1.303966
8021,-0.343853,-0.836111
8022,1.526019,-0.040690
8023,0.388296,1.204949
8024,-1.341313,-1.636376
8025,0.404920,-1.362600
8026,-0.506378,-1.739185
8027,0.195787,-1.123565
8028,-0.732529,-3.021517
8029,-1.540028,-0.629823
8030,-0.934672,-0.328494
8031,-3.272830,-1.095795
8032,-1.292032,0.117740
8033,-1.174007,0.194264
8034,0.222224,-0.155590
8035,-2.651409,-1.074803
8036,-0.144081,1.597450
8037,-1.034142,-0.550058
8038,1.389226,-0.769316
8039,-3.488140,-0.782699
8040,0.314974,-1.468339
8041,0.169514,2.242533
8042,1.540991,-1.078970
8043,1.949099,-0.433254
8044,0.060807,1.304129
8045,-0.592361,-1.012055
8046,0.990450,-1.218425
8047,2.464496,-0.364869
8048,-1.293045,1.370447
8049,0.641366,-0.392312
8050,-0.495022,-2.247827
8051,-0.790005,-0.535693
8052,0.385640,0.011614
8053,-1.840877,-1.228467
8054,-0.105019,-0.299416
8055,-0.417059,1.654866
8056,1.219973,-0.860302
8057,-1.693975,0.390764
8058,0.859174,0.125066
8059,0.794448,-0.500272
8060,0.294173,1.002806
8061,-1.180922,1.713176
8062,-0.696977,0.896616
8063,-0.452325,-0.390384
8064,-1.908681,-0.030908
8065,-0.834340,-0.272255
8066,-1.391506,0.817438
8067,-1.166653,-0.273059
8068,0.498778,3.983906
8069,0.176626,1.380936
8070,-0.852943,0.850619
8071,0.098579,0.370243
8072,0.743364,-0.098745
8073,-1.311508,0.496673
8074,-1.187511,1.410117
8075,0.246334,3.087016
8076,-2.106743,0.978649
8077,-1.291310,1.324816
8078,-0.544183,0.215259
8079,0.480382,2.588130
8080,0.278590,-0.362260
8081,0.195482,-0.082580
8082,1.075926,0.057228
8083,0.229650,0.289572
8084,-1.279411,-1.173519
8085,-1.981104,3.991778
8086,0.463307,0.695384
8087,0.054104,-0.319052
8088,1.151070,0.408542
8089,0.081923,1.222973
8090,0.119627,-2.175704
8091,-0.145334,0.208002
8092,-0.112800,-1.562920
8093,-1.343777,0.528835
8094,-0.486778,-0.883470
8095,-0.850735,0.308141
8096,1.080369,-0.642899
8097,0.675241,0.041971
8098,0.342743,0.364083
8099,-0.129563,0.820090
8100,1.928797,0.472186
8101,-1.939586,-0.873802
8102,-0.956529,1.191276
8103,-1.817231,-1.067379
8104,-2.198126,1.060517
8105,-1.867683,-0.453667
8106,-0.175987,-1.399408
8107,0.102367,-0.398911
8108,-0.327988,0.811960
8109,0.946731,-1.557666
8110,0.471289,0.643392
8111,-1.521946,-0.264724
8112,-0.247917,0.735781
8113,1.065340,-1.370361
8114,-1.028064,-0.616839
8115,0.180520,-0.223928
8116,-2.476666,1.390102
8117,0.712762,0.190602
8118,0.877910,-0.738899
8119,0.071432,-0.789715
8120,-3.248546,1.697266
8121,-1.395585,1.415960
8122,-0.265633,-0.004257
8123,-0.289035,1.698457
8124,1.011524,0.881012
8125,0.298589,0.109865
8126,-0.540042,0.388014
8127,-0.946999,-0.346286
8128,1.091057,1.597984
8129,-0.354997,3.541534
8130,0.162857,0.990927
8131,0.155659,0.542782
8132,2.061014,-0.098168
8133,-2.128135,-0.861922
8134,0.071915,-1.135457
8135,1.326684,-0.540922
8136,0.247924,0.365963
8137,0.268296,-0.185190
8138,1.806035,-0.834473
8139,0.249162,-0.065667
8140,-0.307227,0.311891
8141,-0.577289,3.102487
8142,-1.702655,0.695410
8143,-0.173018,0.261143
8144,0.562295,-0.140021
8145,2.323204,0.003006
8146,-1.343906,0.235913
8147,0.009045,3.207417
8148,-0.096045,-0.244325
8149,1.486595,-0.597877
8150,-0.296666,-0.712819
8151,0.655925,0.290334
8152,2.205866,-1.024059
8153,0.533471,0.804327
8154,1.396927,0.141515
8155,2.571805,-0.412491
8156,-0.439166,2.321302
8157,2.800014,0.582891
8158,0.671502,-0.064927
8159,-1.703007,1.617506
8160,-2.035226,0.839978
8161,-1.432181,0.574127
8162,-0.119323,0.284217
8163,2.394371,0.326609
8164,0.435885,1.027679
8165,-1.227089,-0.968902
8166,1.350660,0.379847
8167,1.005416,-0.291974
8168,-1.556417,1.084717
8169,-1.785169,1.120766
8170,-0.612792,0.957127
8171,-0.818950,1.237650
8172,0.131346,1.101834
8173,-0.190189,0.661985
8174,0.535014,1.309950
8175,1.016722,0.414442
8176,1.594158,0.577779
8177,-2.102861,1.035012
8178,0.519859,0.960003
8179,-2.885268,-0.843276
8180,1.881052,-1.126345
8181,0.522997,1.103238
8182,0.258343,3.230264
8183,-2.353236,-1.644936
8184,1.030740,-0.008755
8185,-0.863599,2.567983
8186,0.837463,0.102985
8187,-1.202166,0.570415
8188,0.604373,0.763728
8189,-0.922353,0.974811
8190,1.843767,-0.445808
8191,1.600344,0.181600
8192,1.027816,-0.905149
8193,-0.445004,0.739267
8194,1.386638,-0.121924
8195,-1.308786,0.032003
8196,1.108248,-0.404424
8197,-0.839957,-0.156248
8198,-0.618592,-0.937661
8199,2.120602,-0.494386
8200,0.387839,0.342675
8201,1.651475,-0.687832
8202,1.285108,-0.631819
8203,-1.107376,-0.953450
8204,0.796446,-0.920704
8205,-1.475939,0.157960
8206,1.081652,-0.661389
8207,1.043940,-0.873895
8208,-2.518486,0.643538
8209,1.802302,-0.022795
8210,-0.525798,-1.425014
8211,0.579520,-0.923103
8212,0.428959,-0.298683
8213,0.333739,-0.169785
8214,0.083072,0.741581
8215,0.383909,0.066143
8216,-2.683591,1.717525
8217,-0.466457,-0.642826
8218,1.535511,1.047793
8219,1.402195,-0.276123
8220,2.488449,-1.052714
8221,-0.452590,1.084373
8222,-0.120293,0.272192
8223,1.159440,0.076548
8224,0.977756,0.094208
8225,1.923223,-0.007547
8226,-1.537671,-2.696147
8227,1.400148,-0.508709
8228,-0.515345,0.792396
8229,-0.296975,0.909549
8230,-1.109318,0.498145
8231,0.817250,1.786734
8232,-0.170366,0.208085
8233,1.072558,-0.348134
8234,0.704157,-0.336603
8235,2.209755,-0.471295
8236,-1.007163,-0.020581
8237,-0.844366,0.342512
8238,0.183836,-1.652997
8239,-1.165158,0.994305
8240,0.158358,-0.315801
8241,-0.912390,0.950190
8242,1.101131,0.288098
8243,-0.506324,-1.890938
8244,1.286760,-0.236881
8245,-1.992256,-0.989398
8246,0.025624,1.994784
8247,-1.661722,0.731837
8248,-1.428278,-0.491306
8249,-0.059899,-0.423306
8250,0.081204,0.184074
8251,-0.244070,-0.538913
8252,1.563824,-0.042415
8253,-0.066745,-0.414844
8254,-1.398070,0.172571
8255,0.317767,-0.997402
8256,1.552864,-0.076626
8257,-0.673748,0.939461
8258,-0.010840,-0.617507
8259,-0.009969,-0.453531
8260,-1.529639,1.081735
8261,-2.861352,-0.087035
8262,1.523890,0.829585
8263,0.237524,-0.536359
8264,0.013329,0.012469
8265,-0.503454,-1.494753
8266,1.139129,-0.337620
8267,-0.611563,-1.187261
8268,1.076233,-0.844593
8269,0.799942,0.100684
8270,0.845273,-0.663230
8271,2.545345,-1.529637
8272,-0.983091,1.264008
8273,0.425832,-0.255391
8274,0.533921,-1.146801
8275,-0.360421,0.036628
8276,0.996125,-0.889372
8277,-0.390926,1.477648
8278,1.165483,0.298306
8279,0.667333,-1.362888
8280,0.376355,-0.723958
8281,-0.416019,0.433297
8282,0.622901,-0.137829
8283,-0.376360,-0.672613
8284,0.483799,-0.740808
8285,-0.452391,-0.327082
8286,-4.104973,-0.263105
8287,0.723376,0.192516
8288,-2.407381,-0.619737
8289,0.464526,-0.455957
8290,0.056716,2.301237
8291,0.359285,-0.106496
8292,-3.316125,0.947137
8293,-1.043636,-2.096527
8294,-0.324427,0.337188
8295,-1.859096,1.791165
8296,-0.641113,-0.376401
8297,1.403409,-1.155423
8298,0.563934,-0.346078
8299,0.232346,-0.481316
8300,0.276528,0.390176
8301,0.570849,-0.552114
8302,-1.170471,2.469017
8303,1.813090,-0.715471
8304,0.647362,-0.201243
8305,0.267239,0.101205
8306,1.416748,0.081896
8307,0.149672,0.613271
8308,1.390754,-0.618117
8309,-2.090643,0.733380
8310,0.142129,2.275949
8311,0.985972,-0.296137
8312,0.838142,-0.534852
8313,0.430008,-0.229326
8314,-1.573449,2.605721
8315,1.065278,-0.006463
8316,-1.794684,-0.891218
8317,1.130197,-0.222166
8318,-0.957308,-0.379104
8319,1.967999,-0.145272
8320,-0.348672,0.661453
8321,-0.360780,1.285921
8322,-0.494685,0.698937
8323,-0.092974,-0.807823
8324,1.235377,-0.329423
8325,1.529640,-0.367925
8326,1.256051,0.231393
8327,-0.273191,0.971695
8328,-0.160945,0.221315
8329,1.676705,-0.049389
8330,-0.744774,1.968744
8331,-0.883588,4.724352
8332,-1.280722,0.672556
8333,0.746746,0.134528
8334,-1.671279,1.835145
8335,-0.975160,0.169655
8336,-0.147946,-0.526815
8337,-0.333517,-0.696801
8338,-4.009314,-0.726550
8339,-0.288046,-0.563723
8340,-2.297937,0.315783
8341,-0.412785,-1.060665
8342,0.063123,-0.704340
8343,0.020810,-0.115814
8344,-2.187781,-1.173324
8345,0.163753,-0.365554
8346,-0.322110,0.162252
8347,1.596882,-0.100278
8348,1.393117,-1.184498
8349,2.071053,-0.705443
8350,-2.239631,1.132938
8351,-0.580065,1.506379
8352,1.148663,0.227142
8353,1.315567,-0.521284
8354,0.369807,-0.276417
8355,1.178002,-0.431213
8356,1.594375,-0.686372
8357,0.381688,-0.390327
8358,0.586207,-0.198030
8359,1.003330,-1.122739
8360,0.206206,0.533877
8361,1.221009,-0.286129
8362,-1.485472,-0.425273
8363,-2.107475,-0.160076
8364,1.121915,-1.148697
8365,0.400776,-0.128508
8366,0.026469,-0.825912
8367,-0.450565,-1.620735
8368,0.621834,-1.025364
8369,-0.314059,-0.622708
8370,0.792513,-0.367769
8371,0.339300,-0.330351
8372,-0.517689,-0.602449
8373,-1.359543,-0.101853
8374,-0.255742,-0.026325
8375,-0.562208,-0.208166
8376,-1.110058,-1.376959
8377,-2.716326,-1.757782
8378,1.422514,-0.207703
8379,-1.270880,1.891457
8380,0.440992,-1.445213
8381,-0.489726,-1.084379
8382,1.421336,-0.934972
8383,1.485240,-0.914511
8384,1.079272,-1.159733
8385,1.104471,-1.271516
8386,-2.939812,-1.198827
8387,-0.208130,-0.339053
8388,-2.086862,0.536766
8389,1.082750,-0.572856
8390,1.852301,1.964096
8391,0.568198,-0.407199
8392,1.115261,-0.236612
8393,-0.938066,1.541716
8394,0.364726,2.164181
8395,-0.299332,1.445397
8396,-0.396464,-0.212650
8397,-0.257183,-0.613114
8398,0.437510,2.442342
8399,0.146796,-0.098368
8400,-1.302326,0.751807
8401,1.328295,-0.889027
8402,1.575997,-0.425898
8403,0.066156,-0.629964
8404,0.327372,1.146453
8405,-1.176759,-0.438526
8406,-1.353410,1.132076
8407,-2.063035,-0.620755
8408,0.079593,-0.267994
8409,-0.159727,-0.331319
8410,0.901035,0.347095
8411,0.418287,0.039948
8412,-1.337825,-0.703104
8413,-1.365637,-0.827408
8414,0.372604,-0.826942
8415,-0.241096,1.792606
8416,-0.954495,-1.405118
8417,-0.447682,-0.637673
8418,-1.025627,-0.577424
8419,0.772255,-1.305841
8420,-1.230728,-0.008848
8421,0.059960,-1.245327
8422,-0.198621,0.003466
8423,2.044290,-0.747075
8424,-0.308878,-0.152554
8425,0.568069,0.843277
8426,-3.074254,-2.140114
8427,-2.313789,-1.600052
8428,-0.732539,-2.490065
8429,2.261922,-0.562734
8430,0.472399,0.823122
8431,-3.465377,-1.742782
8432,-0.965409,3.898710
8433,0.873792,0.368566
8434,0.885415,-0.475899
8435,0.509824,1.765681
8436,0.891018,-0.833691
8437,0.875260,-0.816970
8438,-0.972775,-0.050178
8439,-0.345185,-0.001633
8440,-0.183575,1.862524
8441,-1.277188,0.357254
8442,0.050168,0.487308
8443,-0.955388,0.185384
8444,0.297279,-0.695627
8445,-1.004036,1.274401
8446,-0.082479,0.348331
8447,-0.208221,1.424472
8448,-0.487629,1.577791
8449,-1.557819,0.635415
8450,0.236904,0.868582
8451,-1.349453,0.100000
8452,0.264911,0.530065
8453,-0.070628,-0.751347
8454,-0.516026,-0.637320
8455,-0.106005,-0.663376
8456,-0.515390,0.239347
8457,0.326578,-0.449806
8458,-0.098822,-0.507981
8459,1.119529,-0.715295
8460,0.045550,-0.859163
8461,0.347790,0.035204
8462,1.966305,-0.612800
8463,-1.324315,0.043547
8464,-1.819985,1.794933
8465,1.139662,-0.567118
8466,-0.101983,-1.177462
8467,-0.680473,0.495473
8468,0.993198,0.266704
8469,-0.909975,1.569010
8470,1.153271,-0.819296
8471,-1.064425,1.107103
8472,-1.502922,1.378294
8473,0.108832,-1.295901
8474,0.352546,-0.823697
8475,-1.709520,-0.254286
8476,-0.109486,-0.869654
8477,-0.927174,1.819966
8478,1.803893,0.208604
8479,0.380073,0.382447
8480,1.729320,-0.843046
8481,1.115406,-0.455983
8482,-1.055036,-0.145692
8483,-0.729692,0.362828
8484,-1.176329,0.106332
8485,-1.297477,-1.074104
8486,-1.221955,-1.237510
8487,-0.954420,0.364858
8488,-2.351867,2.425775
8489,1.059187,0.477862
8490,0.526223,0.807717
8491,1.819570,-0.501166
8492,-1.858104,0.281742
8493,-0.233676,-0.539903
8494,-1.740632,1.763045
8495,-1.927823,2.453891
8496,-1.063829,-1.308055
8497,1.498844,1.255377
8498,0.802012,0.265295
8499,1.773266,-0.618552
8500,1.802214,0.462617
8501,-0.754241,0.355731
8502,3.222865,-0.656819
8503,-0.180783,-1.354620
8504,-1.173877,1.686276
8505,0.316200,-0.422438
8506,1.280953,-0.314488
8507,-0.555957,0.890603
8508,-2.632582,2.601326
8509,0.896195,-1.125052
8510,-1.552278,-0.645676
8511,-1.807184,1.572478
8512,0.154870,-0.042338
8513,-0.566252,-0.139689
8514,-1.332285,-0.030740
8515,-1.834140,0.530616
8516,0.324749,0.349986
8517,-1.243489,3.085934
8518,-1.061308,1.347185
8519,1.190936,0.339917
8520,-0.091482,-1.386240
8521,1.207950,-0.163825
8522,-2.364384,0.112674
8523,0.420727,-0.708309
8524,-3.908034,1.577967
8525,1.082516,-0.137144
8526,1.357788,0.193487
8527,2.046675,-0.693008
8528,1.444748,0.412869
8529,-1.712142,0.322327
8530,-0.468838,-0.037711
8531,0.563450,-0.921255
8532,-0.094470,-0.982321
8533,2.166164,-0.959816
8534,0.987385,-1.719198
8535,0.602004,-2.459122
8536,-0.038995,-1.205646
8537,-0.500074,1.470169
8538,-0.221608,1.927706
8539,-0.566164,2.384506
8540,-3.328465,-1.904626
8541,3.141539,-0.522624
8542,0.789930,-0.826001
8543,0.317472,-1.124097
8544,0.389596,-1.065772
8545,-2.556948,-0.337139
8546,-0.813475,-0.331776
8547,-1.396816,-1.573214
8548,0.624958,-1.378348
8549,-0.534030,-0.070480
8550,0.044880,-0.905400
8551,-0.628407,-1.089991
8552,1.085194,-0.810967
8553,1.118671,-1.142394
8554,1.996163,-1.164350
8555,0.898860,-1.307662
8556,0.742024,1.174757
8557,-0.458610,-0.970291
8558,-2.529924,0.192325
8559,-1.641976,-0.902182
8560,0.314211,0.389073
8561,-1.164923,-1.371294
8562,0.540717,0.913223
8563,-1.581720,0.137319
8564,0.200831,1.292562
8565,2.120895,-1.062751
8566,-1.146136,-0.527082
8567,1.400579,-1.601445
8568,0.020843,0.859070
8569,2.886718,-0.297073
8570,0.366272,-1.057996
8571,1.036661,-1.765960
8572,0.823099,0.810157
8573,-1.950447,0.260318
8574,0.164302,0.027905
8575,-1.135303,-1.196200
8576,-1.073513,-1.024833
8577,-0.127044,-2.261152
8578,-2.633854,-0.754755
8579,-0.185086,-0.300342
8580,-0.718009,-0.786859
8581,-0.223420,-0.746575
8582,-0.233946,-2.562420
8583,-2.306174,-1.965624
8584,0.506257,-0.789622
8585,-0.432867,-1.832383
8586,-1.103938,0.847430
8587,1.647692,-0.846605
8588,-0.511116,0.562075
8589,0.757901,0.307187
8590,0.576362,-0.692205
8591,0.436168,-1.033613
8592,-1.213254,1.273465
8593,2.163469,1.307308
8594,-0.503688,0.926014
8595,1.053322,0.018803
8596,1.095516,1.612391
8597,-1.701561,1.747737
8598,2.072702,0.401084
8599,0.104601,0.075822
8600,-1.510785,-1.599663
8601,-2.213267,-3.150027
8602,-1.302667,-0.931909
8603,0.038403,-2.564887
8604,0.363099,-0.959269
8605,-1.696668,-2.843522
8606,-1.165816,-0.809966
8607,1.150630,-0.319670
8608,-1.683206,4.072426
8609,0.885928,-0.228313
8610,0.419050,-0.070584
8611,2.033516,1.555862
8612,0.470340,0.246450
8613,-1.604083,-0.131457
8614,-0.167777,-0.960921
8615,0.382002,-0.226754
8616,0.093474,-0.156891
8617,-1.045434,0.369663
8618,1.102046,-0.740187
8619,-0.156170,-0.087968
8620,0.606829,0.532762
8621,0.225330,2.002864
8622,0.491637,1.408817
8623,-0.150062,-0.477735
8624,-1.042688,3.095914
8625,-1.524630,-1.034951
8626,-0.521416,-0.155169
8627,0.236769,0.116834
8628,0.421203,0.204259
8629,-0.317242,-0.687606
8630,-0.691963,0.220880
8631,0.497843,-0.049109
8632,0.821961,-0.517336
8633,-0.046493,0.184325
8634,0.489342,-0.014131
8635,0.475404,0.338396
8636,2.632644,-1.549975
8637,-2.878636,0.107368
8638,-1.451106,-0.820346
8639,0.252149,-1.032626
8640,-1.698814,-0.636122
8641,-1.037461,0.050803
8642,-0.969969,4.392684
8643,-0.117895,-1.389021
8644,0.840766,0.971466
8645,-2.256207,3.709736
8646,-5.297940,-3.489408
8647,0.878660,-0.393883
8648,0.056611,-0.241106
8649,1.266233,0.233044
8650,1.979350,-0.988594
8651,-0.937064,-0.361383
8652,0.103814,-1.015119
8653,-1.885322,-1.387087
8654,-1.487947,0.427643
8655,-1.083862,-0.343445
8656,-2.418278,-0.430205
8657,0.370937,-0.355529
8658,1.260931,0.465494
8659,0.373855,-1.450199
8660,-0.073387,-0.522683
8661,-0.760528,-0.728350
8662,-0.483508,-0.716349
8663,-2.011237,0.286591
8664,-0.115097,-0.234016
8665,1.894715,0.629540
8666,-0.737864,0.776562
8667,-3.148961,1.143099
8668,1.890661,-0.193292
8669,0.549580,1.086173
8670,-0.324187,0.804026
8671,-3.072239,0.509096
8672,-0.068921,-1.258234
8673,-0.628337,0.705681
8674,0.120931,-0.172219
8675,-0.149452,-1.732577
8676,-0.424410,-0.035571
8677,-2.329546,0.591686
8678,-1.211615,-0.817247
8679,-2.300798,0.336274
8680,0.793295,-0.684283
8681,-1.301850,-1.884200
8682,-0.569026,-0.481277
8683,-1.860966,-0.140321
8684,0.806580,-0.104240
8685,-1.111526,1.133725
8686,0.545802,0.503956
8687,-1.229452,0.075461
8688,1.711729,-0.388072
8689,-4.121665,-5.101610
8690,0.185072,-1.330133
8691,1.153322,-0.678988
8692,1.102153,1.005366
8693,2.183369,-1.003984
8694,0.229512,0.663466
8695,0.522301,-0.768082
8696,2.465489,-1.384930
8697,-2.808045,-0.409705
8698,1.510212,-0.944086
8699,-0.131848,-2.354332
8700,0.331967,-0.788924
8701,-3.971912,0.389678
8702,-3.792442,0.554787
8703,1.744014,0.537170
8704,-0.541665,-0.143865
8705,-1.862701,-0.915201
8706,-0.631202,-2.096469
8707,-1.373821,1.363229
8708,-2.606898,-1.774065
8709,-1.104642,2.570436
8710,2.281126,0.458009
8711,0.327233,1.402791
8712,0.975368,0.132155
8713,2.245753,-0.787570
8714,-0.265730,-0.523191
8715,0.279742,-0.846338
8716,-1.605893,-0.662561
8717,-1.343654,-0.562875
8718,1.955295,-0.961383
8719,-0.083737,-0.046706
8720,-0.097068,0.463756
8721,-0.112450,2.137186
8722,1.671930,0.032587
8723,0.730174,0.532105
8724,-0.341695,0.662325
8725,-0.838993,0.656796
8726,2.026911,1.209070
8727,-0.781153,2.350048
8728,0.852511,-0.634843
8729,-0.560735,0.075339
8730,-0.202929,0.295673
8731,1.320206,-0.135448
8732,1.986709,-0.691842
8733,1.131200,1.719970
8734,2.507629,-1.072670
8735,-0.210777,1.492668
8736,-0.246215,0.834028
8737,2.402437,0.948843
8738,0.239479,-0.926160
8739,0.961972,-1.004833
8740,-1.783000,-1.725041
8741,1.481752,0.017995
8742,1.363462,-0.590021
8743,1.111328,-1.042364
8744,-0.140899,-0.840002
8745,0.012847,-0.175911
8746,2.065309,-0.027558
8747,-0.569197,-2.033885
8748,1.376510,0.207701
8749,1.736954,0.083081
8750,0.793000,-0.914516
8751,0.691497,-0.308593
8752,0.824236,-0.566345
8753,-1.701334,-0.812369
8754,2.048071,-0.036464
8755,0.334817,-0.202535
8756,-0.206165,0.247887
8757,2.087412,-0.167689
8758,-0.551537,-0.264948
8759,1.914498,0.110220
8760,-2.023157,0.265331
8761,2.536146,-0.008223
8762,0.676193,-0.450555
8763,-0.497262,-1.440136
8764,2.189405,-1.023513
8765,-0.138128,0.509566
8766,-3.526571,-1.686501
8767,-0.012861,1.823103
8768,-0.584099,-1.288770
8769,-0.030401,-1.525656
8770,0.397310,-1.832799
8771,1.736569,0.192516
8772,1.134714,0.194799
8773,0.470991,0.045632
8774,-1.548554,-0.626371
8775,-0.994614,0.639330
8776,1.819301,-0.515470
8777,-2.629243,-0.002564
8778,-1.714209,1.377710
8779,0.709150,-1.399580
8780,1.605213,-1.366262
8781,0.313095,-1.379391
8782,1.875814,0.175136
8783,-2.805179,-3.404772
8784,-0.741871,2.083027
8785,2.243229,0.247322
8786,1.071964,-1.380263
8787,1.692925,0.469271
8788,0.885756,0.201583
8789,0.676612,-1.969036
8790,0.299637,-0.141803
8791,1.241784,-0.154985
8792,0.904355,2.713092
8793,2.053155,0.320490
8794,1.521765,1.652367
8795,-1.077510,0.823891
8796,-1.242089,-0.001273
8797,-1.612713,0.555814
8798,1.251925,1.232024
8799,-0.003348,3.019528
8800,-1.771522,1.392656
8801,-0.106959,0.971531
8802,-0.129154,1.630384
8803,-0.684451,0.151392
8804,-2.173581,1.485957
8805,1.367458,-0.483437
8806,-3.000081,-0.066284
8807,-0.644727,-0.492139
8808,-1.013753,-0.493314
8809,1.680517,-1.152372
8810,0.399616,-1.263411
8811,0.555160,-0.661720
8812,0.943516,0.024037
8813,0.542294,-2.225155
8814,0.161192,1.291110
8815,1.635687,-0.314633
8816,0.325932,-0.519536
8817,0.361976,0.782935
8818,-0.740973,0.118817
8819,0.802952,0.326401
8820,0.086376,2.628071
8821,1.717548,-0.055827
8822,0.632709,0.560672
8823,1.779264,1.337149
8824,-1.220097,1.314127
8825,-0.280795,0.344814
8826,0.069833,1.463208
8827,-0.669574,0.593714
8828,0.364893,0.942744
8829,-0.004083,-0.109187
8830,2.456127,0.845275
8831,-1.613706,1.994348
8832,0.891106,1.922659
8833,-0.143227,0.379176
8834,-0.042796,-0.339808
8835,-0.605441,1.037974
8836,-2.124829,0.874635
8837,1.274826,-0.696881
8838,-0.620725,-0.262592
8839,-1.404718,0.653579
8840,0.571797,-1.005312
8841,0.762692,1.413600
8842,-0.267809,-2.243104
8843,0.012966,-0.354083
8844,0.020417,1.505228
8845,0.365825,0.514040
8846,-0.357667,0.771880
8847,1.080978,-0.347569
8848,-2.842901,-0.541672
8849,-0.713991,0.881620
8850,2.789033,-0.763549
8851,-0.633524,0.666671
8852,0.858992,0.102905
8853,0.217428,-0.021288
8854,0.195430,-0.592000
8855,0.714450,0.219586
8856,-0.106038,-0.594666
8857,0.274286,1.854328
8858,0.417827,2.026982
8859,-1.413823,1.798969
8860,-1.018221,-0.447502
8861,1.621294,-0.027470
8862,-1.043357,0.576682
8863,-0.960223,-0.303011
8864,-2.462426,0.729451
8865,0.087618,-0.050101
8866,-1.767080,0.054924
8867,0.812471,0.482062
8868,0.121264,-0.340427
8869,0.798946,-0.583493
8870,-2.625334,-1.022334
8871,0.492154,-0.256042
8872,-3.573684,1.457279
8873,-1.297642,2.350530
8874,0.413210,-0.012248
8875,-0.178558,1.174463
8876,1.756722,-0.346455
8877,-0.544754,0.559044
8878,-1.629104,1.427073
8879,2.054871,0.703002
8880,1.200999,-0.543027
8881,-2.391183,-0.787534
8882,0.574507,0.023931
8883,-0.968650,-0.726355
8884,-1.903761,-0.893628
8885,-3.380254,-1.495093
8886,-1.995502,0.458891
8887,-1.734501,0.150294
8888,-1.761746,-1.007930
8889,-0.749969,-0.088771
8890,-0.684657,1.739613
8891,0.128897,2.205850
8892,0.413157,0.617363
8893,-3.188035,0.442707
8894,1.383117,0.151118
8895,0.517665,0.030763
8896,1.427192,1.721525
8897,-1.045541,0.345001
8898,-0.209964,-0.767845
8899,1.900619,-0.840371
8900,0.111925,-0.949288
8901,-0.020458,0.392846
8902,1.994549,0.493676
8903,1.320126,0.195941
8904,-0.779232,-0.404063
8905,1.113548,0.134153
8906,-0.654453,1.275823
8907,-0.196252,-0.702219
8908,-1.328823,-0.515196
8909,1.345099,0.041382
8910,-3.415718,0.883136
8911,-0.931306,-0.311110
8912,-1.214244,-0.257014
8913,1.827957,0.065318
8914,0.027756,-0.033171
8915,-1.485356,-1.039390
8916,-0.042684,-0.292336
8917,-0.856543,-0.341828
8918,0.188202,-1.051450
8919,-1.292887,0.464452
8920,0.783878,0.704076
8921,1.197148,1.438314
8922,-0.760466,0.984287
8923,-3.168991,-0.991424
8924,-1.143731,-0.200951
8925,-0.013726,-0.447631
8926,-0.266872,0.045452
8927,-2.313590,-0.204347
8928,1.179944,1.129711
8929,-0.371405,-0.463202
8930,1.000398,1.555446
8931,-1.230155,-0.458398
8932,1.118380,0.149213
8933,0.486477,-0.378567
8934,-0.719686,-2.010599
8935,2.413486,-1.080540
8936,0.336513,-2.699615
8937,0.462667,-1.789735
8938,1.583349,-1.574376
8939,-0.512717,2.674823
8940,2.081336,0.870960
8941,1.750493,-0.203197
8942,0.167697,-0.473639
8943,1.274383,0.703537
8944,-2.140395,0.386331
8945,-2.504116,0.146859
8946,-1.966948,0.698907
8947,-0.601586,-0.570229
8948,0.773147,-0.216389
8949,0.011397,-1.174559
8950,-0.530286,-1.857352
8951,-2.261196,-0.713958
8952,0.429158,-1.021043
8953,0.897740,-0.805396
8954,-1.741756,-0.009154
8955,1.663912,0.404571
8956,-0.915384,-1.659465
8957,1.355752,0.767471
8958,2.643950,-1.332455
8959,0.085963,-0.408579
8960,0.326513,-1.196014
8961,1.797936,-0.536143
8962,-0.082618,-1.592429
8963,-1.534351,0.495692
8964,1.017283,-0.834495
8965,-1.574581,0.913066
8966,0.339788,0.152402
8967,-0.567383,-0.759297
8968,0.138931,-1.217806
8969,-2.183862,-0.415529
8970,-0.609828,-1.282484
8971,-1.562963,1.581922
8972,1.706135,-0.481025
8973,1.513732,0.329514
8974,0.723280,-0.826645
8975,-0.257958,0.930157
8976,0.086574,-0.602639
8977,0.734842,-0.718428
8978,0.825892,-1.450696
8979,0.737346,-0.920171
8980,-2.189797,-1.665766
8981,1.705702,-0.939982
8982,0.785836,-0.361990
8983,0.550774,-1.314102
8984,-0.634214,-0.220552
8985,1.705579,-1.969448
8986,-0.137772,-1.383382
8987,-0.494811,-0.927719
8988,1.829575,-0.910010
8989,0.738510,-1.044210
8990,1.008561,-0.104490
8991,1.961396,-0.533137
8992,-1.955035,-0.198572
8993,0.161607,-1.080296
8994,2.137245,-0.465550
8995,1.520576,-0.521369
8996,-0.399227,-0.286687
8997,0.392031,-0.507780
8998,1.769715,-0.026868
8999,1.030456,-1.104009
9000,0.945493,-0.441398
9001,-1.083063,0.303280
9002,0.291723,0.865393
9003,-1.267368,-0.234786
9004,-0.606912,0.908579
9005,-2.769869,1.534140
9006,-1.159321,0.142441
9007,0.627246,-0.689045
9008,-1.179547,0.028851
9009,0.078167,0.925292
9010,1.721384,-0.757650
9011,-1.821476,0.947685
9012,1.883051,-1.039801
9013,-0.199494,2.978323
9014,-1.097359,0.644138
9015,-1.926640,1.343153
9016,0.656114,1.002249
9017,-1.474409,1.072246
9018,-1.934871,1.398019
9019,-0.182550,2.057508
9020,1.164165,0.232394
9021,1.185135,0.411168
9022,1.644827,-0.092373
9023,0.026735,0.069117
9024,1.886816,-0.750944
9025,-0.474793,0.533666
9026,0.179092,-0.840105
9027,-0.246882,-1.998932
9028,0.676636,-0.013475
9029,0.459546,1.465017
9030,2.555407,0.633198
9031,1.029837,-1.375142
9032,0.940129,1.239709
9033,1.708861,-0.201566
9034,1.437494,-0.150535
9035,0.212642,0.187083
9036,-1.931814,-1.544382
9037,0.492649,0.165552
9038,0.365520,-1.169896
9039,-0.967734,-0.575414
9040,0.137952,-1.280135
9041,-0.956527,-0.816839
9042,-1.451151,-1.443409
9043,-0.971827,-1.883941
9044,-1.090751,-0.510616
9045,-1.060331,-2.183610
9046,0.033864,-1.490794
9047,-0.115908,-1.415088
9048,0.399167,-0.451327
9049,-0.558948,-2.307162
9050,-0.995634,-1.709875
9051,0.557089,-0.792624
9052,-0.775831,-1.338642
9053,-0.666029,-0.737386
9054,-0.110737,0.977521
9055,0.160288,-0.070192
9056,1.523731,1.629014
9057,1.661628,-0.823431
9058,-1.837048,-0.227212
9059,-1.899911,0.183193
9060,1.238319,-0.524114
9061,-0.530250,-1.552538
9062,0.981774,-0.547446
9063,-1.114660,-1.797364
9064,0.349999,-1.239838
9065,0.081753,-0.699978
9066,-0.770204,-0.983788
9067,-0.947153,2.454886
9068,0.014045,-1.976211
9069,-0.012692,-1.891093
9070,1.401382,-1.524861
9071,0.492765,-1.769112
9072,-0.277240,-0.524770
9073,1.332314,-0.915628
9074,-0.593073,-0.767523
9075,1.862433,-1.323948
9076,1.178846,-0.329797
9077,1.374111,-0.441729
9078,0.932216,-0.396760
9079,-0.995717,-0.175431
9080,-1.822272,-0.174065
9081,0.174436,-1.444933
9082,-0.688329,-2.537100
9083,1.378640,-0.578343
9084,-0.312226,-1.179752
9085,0.966929,-1.717561
9086,-0.351046,-1.732586
9087,-0.285435,-1.682442
9088,0.051814,-0.789361
9089,-1.818230,-0.535360
9090,-0.845079,-1.077690
9091,1.581442,-0.760025
9092,0.654102,-1.450084
9093,1.328689,-0.999958
9094,1.051259,-1.114049
9095,-1.834589,0.315707
9096,0.545263,-0.175950
9097,1.217451,-0.919981
9098,-0.239282,-1.220818
9099,1.399691,0.326884
9100,-0.631612,-0.047003
9101,-1.557679,0.448134
9102,0.405121,-0.429286
9103,0.516161,0.146260
9104,-3.255658,1.551803
9105,-0.511867,2.539865
9106,-0.449134,-0.892760
9107,-1.040781,0.691156
9108,-1.673972,0.871564
9109,1.270229,-0.189255
9110,0.268386,-0.187036
9111,-0.291508,-1.185367
9112,0.319408,-1.313495
9113,-1.133897,-0.210906
9114,-0.460757,0.232802
9115,-0.682398,0.738428
9116,-1.414915,-1.168865
9117,1.498160,0.881778
9118,0.367867,1.397269
9119,0.329716,1.478577
9120,-1.055000,0.612217
9121,0.846307,-0.738438
9122,-1.036231,1.640303
9123,2.149058,0.161818
9124,-0.038199,5.282618
9125,0.106363,0.406837
9126,-1.934668,0.952702
9127,1.364938,-0.395584
9128,-1.606909,-1.301635
9129,-0.459867,1.052123
9130,1.227581,1.306762
9131,-0.805406,0.890237
9132,-0.464456,2.660950
9133,0.730684,1.722140
9134,0.102831,1.648533
9135,-0.982638,0.454092
9136,2.467028,0.779677
9137,1.142006,1.141021
9138,-1.380984,1.832703
9139,0.361052,1.826302
9140,2.060596,0.042159
9141,0.472207,1.997815
9142,0.690286,3.717875
9143,1.080796,2.562978
9144,1.474643,0.380745
9145,0.481354,0.318796
9146,2.667565,-0.921487
9147,2.162952,0.473498
9148,0.437680,-0.553282
9149,0.675019,0.341893
9150,0.777902,-0.104950
9151,0.648649,0.356343
9152,1.927995,-0.351613
9153,0.756716,2.124164
9154,2.026149,1.060186
9155,1.077095,0.124271
9156,1.092357,0.727544
9157,1.534962,2.425952
9158,0.937677,0.320154
9159,-0.313262,1.611630
9160,-0.535495,0.569977
9161,1.813218,1.441838
9162,1.068207,2.015635
9163,-0.830530,1.778925
9164,2.127626,0.621717
9165,1.555587,1.680269
9166,0.285567,0.316499
9167,-1.596975,-0.042066
9168,1.448723,2.401482
9169,1.150670,0.835224
9170,1.562235,0.026727
9171,1.969659,1.095808
9172,-0.560186,0.990004
9173,0.477956,0.684809
9174,1.399264,1.759174
9175,1.844643,1.136418
9176,-0.311999,1.158892
9177,2.190499,0.654816
9178,1.770309,-0.722126
9179,0.285592,1.713735
9180,2.561909,-0.303740
9181,-1.705385,1.237636
9182,1.132574,0.928653
9183,2.377128,-0.086190
9184,1.617699,-0.277750
9185,1.255593,1.275850
9186,1.115453,0.052379
9187,1.434153,0.018085
9188,1.734715,0.034253
9189,0.261493,1.474979
9190,1.331576,0.492220
9191,0.655083,-0.186301
9192,0.860473,0.230862
9193,2.165119,-0.149592
9194,-0.607620,-0.715613
9195,-2.100382,-0.558975
9196,0.643573,2.004969
9197,-2.751970,1.458143
9198,-1.710958,0.792802
9199,-0.300477,2.293559
9200,0.214740,1.273397
9201,1.605614,0.911163
9202,-1.593402,1.539782
9203,1.991986,1.090917
9204,-0.826062,-0.871284
9205,-0.815381,0.351257
9206,-0.621865,0.072458
9207,-0.721064,-0.756938
9208,-0.848133,1.134500
9209,-0.640147,-0.680480
9210,0.300515,1.503390
9211,-1.077450,0.694222
9212,-0.023676,3.620801
9213,-1.683949,0.856875
9214,-1.337181,0.348268
9215,-1.686729,-0.914357
9216,-1.464733,2.227107
9217,-1.416464,-0.889452
9218,-0.991618,-0.052037
9219,-0.843352,0.621775
9220,1.595350,-0.425809
9221,0.603591,0.658525
9222,0.502262,-0.266796
9223,1.777711,0.297619
9224,1.580834,-0.426213
9225,1.826163,0.096669
9226,-0.582321,-0.201414
9227,1.324727,-0.390842
9228,-1.672852,-0.971853
9229,-2.238053,0.185846
9230,2.477977,-0.355639
9231,-0.061045,-0.391208
9232,1.060877,-1.200452
9233,1.114813,1.046165
9234,0.782503,-1.229009
9235,1.098865,-0.276703
9236,-0.566569,-0.914276
9237,-2.820935,-2.760892
9238,0.115646,2.354559
9239,1.281972,-0.306829
9240,1.740382,-0.365351
9241,1.470700,-0.012729
9242,0.659916,0.185429
9243,0.897818,0.486386
9244,-0.117183,-0.702667
9245,-2.591355,-1.044630
9246,-0.336948,-0.389033
9247,-1.020032,-0.726100
9248,-1.619390,-0.712341
9249,0.373704,1.424513
9250,1.118055,0.227095
9251,-1.892790,2.727388
9252,-1.319066,0.359877
9253,-0.906505,-0.981196
9254,0.985608,-1.613192
9255,0.718766,-0.093548
9256,1.122506,-1.165032
9257,1.774066,-0.653861
9258,1.106606,-0.368677
9259,1.286215,0.540278
9260,1.069719,-0.363662
9261,0.732924,-0.603791
9262,0.792550,0.544638
9263,0.318653,-1.985750
9264,1.165790,-1.888910
9265,1.018875,-0.816770
9266,1.836148,-1.724249
9267,0.588685,-1.245805
9268,2.413949,-1.046952
9269,-2.365927,0.030069
9270,1.232495,-0.263127
9271,0.933050,-0.572568
9272,0.918636,0.528723
9273,1.706619,-0.796946
9274,0.630294,-0.949297
9275,1.352459,0.322201
9276,2.040420,-1.035726
9277,1.107280,-1.245772
9278,0.767511,-0.259636
9279,0.186881,-1.859319
9280,0.576584,-1.036812
9281,-1.629091,-1.968464
9282,0.715629,-0.509249
9283,-1.902751,-1.163792
9284,-0.617139,-1.136338
9285,-1.276494,-0.615529
9286,1.780082,-1.106036
9287,1.919218,-0.566651
9288,1.744588,-0.839489
9289,1.686865,0.035577
9290,2.011176,-0.456493
9291,1.095518,-1.365040
9292,1.509091,-0.830175
9293,0.648173,-0.791483
9294,-1.338803,-0.416576
9295,-2.358389,-0.895139
9296,0.360878,-1.819793
9297,-1.669340,1.871867
9298,-2.122920,0.814229
9299,0.417169,-0.140507
9300,0.896673,-0.323779
9301,3.031053,-1.165669
9302,-0.796028,0.609585
9303,-1.649010,1.414914
9304,0.631444,-0.906869
9305,0.505703,-0.640735
9306,0.486741,-0.693616
9307,-1.688464,4.073776
9308,0.014083,0.550451
9309,0.072703,-0.002053
9310,-1.902695,-0.477419
9311,-1.376920,-0.064879
9312,-0.322864,-0.018876
9313,1.330349,0.009341
9314,-1.813661,0.737152
9315,-0.621042,2.123127
9316,0.266010,-0.536854
9317,-0.015606,0.211751
9318,1.122989,-0.521263
9319,2.332438,-0.086276
9320,-0.632077,-0.423914
9321,-1.939330,-2.121637
9322,-0.793093,-0.736432
9323,-0.473335,-0.965064
9324,-0.963964,-0.768941
9325,-0.763085,-0.997769
9326,-1.145490,-1.563309
9327,-1.715830,-1.998717
9328,-1.789140,1.292791
9329,-1.727227,-1.739394
9330,0.518087,-1.367700
9331,-1.776136,-1.440523
9332,1.354503,-0.572791
9333,-0.064429,0.496556
9334,-0.662189,-1.206215
9335,-1.467921,-0.931220
9336,0.098208,0.381850
9337,-2.220871,-1.243835
9338,-1.840031,-1.985517
9339,-1.647201,0.542386
9340,0.646631,-0.476051
9341,-0.720147,0.619039
9342,-1.319003,-0.769989
9343,1.040943,-0.933177
9344,-0.234398,-1.057240
9345,-1.952001,0.973616
9346,-0.316970,-0.010265
9347,0.519717,0.448838
9348,-0.427857,0.023316
9349,1.536099,-1.472724
9350,-0.107032,0.140891
9351,-0.167306,-0.601117
9352,-1.044192,-0.324677
9353,0.193033,-1.119368
9354,-0.823051,-1.110603
9355,0.471783,-0.719497
9356,-1.720526,-0.457875
9357,-1.839949,-1.487425
9358,-1.030448,-0.670853
9359,-1.236779,-1.387533
9360,-1.250236,-1.538699
9361,-0.348752,-0.561746
9362,0.259210,-0.914388
9363,0.273688,-0.417838
9364,-1.146764,-2.127100
9365,-1.444969,2.342807
9366,-0.276765,-1.693024
9367,-1.912720,-0.622217
9368,-0.831927,-1.492762
9369,0.833121,-0.847401
9370,-0.883553,1.082960
9371,1.388216,-0.930499
9372,0.360806,-0.923649
9373,-0.106480,-0.693654
9374,0.242433,-0.692895
9375,-0.769877,-0.734459
9376,-1.336378,-1.427833
9377,-0.986507,1.969395
9378,-0.832787,-0.277998
9379,-1.020312,-0.381304
9380,-0.030835,-1.856220
9381,-1.129305,-1.029857
9382,-1.735027,-0.208156
9383,-1.615522,-0.694621
9384,1.871070,-0.855811
9385,1.510545,-0.877102
9386,1.726916,-0.387136
9387,1.569111,-0.191450
9388,-0.746030,-1.476640
9389,-1.183244,-0.388136
9390,-0.655418,1.826124
9391,-1.992771,0.511681
9392,-0.742044,-0.792903
9393,-0.736734,1.195981
9394,0.458611,1.931286
9395,1.020738,-0.350014
9396,0.599614,-0.272515
9397,-1.313539,-0.584737
9398,-0.927259,-0.151300
9399,1.483359,-0.428062
9400,0.055276,0.101098
9401,1.669828,-1.146513
9402,-0.446528,-0.275544
9403,-1.779477,-0.248619
9404,-1.181262,0.148082
9405,-1.003947,-0.803520
9406,-2.026275,1.276263
9407,0.549017,2.203036
9408,0.369947,-0.787590
9409,0.135412,-0.369216
9410,2.480977,-0.978760
9411,1.678972,-0.211562
9412,-1.037318,1.262438
9413,-1.772885,-1.360930
9414,0.149091,2.237865
9415,-0.010462,-0.332628
9416,1.257432,0.221939
9417,-0.332415,1.244735
9418,-0.283500,0.061285
9419,0.083027,-0.094566
9420,-0.184232,0.692227
9421,2.025354,-0.521247
9422,-2.037225,-1.896976
9423,0.680454,-0.158726
9424,-1.164149,-0.387706
9425,0.498427,0.212897
9426,-1.533308,-1.243433
9427,1.306832,-0.160704
9428,0.817475,-0.904618
9429,-4.146476,-0.423151
9430,0.762559,3.404709
9431,1.970142,-0.590107
9432,-1.981979,3.550076
9433,1.198415,0.680986
9434,-0.116370,-0.215025
9435,-3.392580,-0.601294
9436,0.408125,-0.914220
9437,0.563415,-0.159864
9438,0.291881,-0.300404
9439,0.032442,0.505660
9440,0.529872,-0.532593
9441,-0.166158,-0.489491
9442,0.015065,-0.919292
9443,0.432885,0.029152
9444,0.709469,-0.215653
9445,0.474286,-0.543651
9446,-2.251490,0.105206
9447,-0.889595,0.849115
9448,1.021879,-0.512813
9449,1.240669,-0.105149
9450,0.466285,-1.009004
9451,1.263527,-0.347058
9452,2.129591,-1.045190
9453,1.683186,-1.337731
9454,0.331963,0.079315
9455,-0.420807,-2.139616
9456,0.018468,-1.186172
9457,-3.936919,-1.947645
9458,1.213137,-0.847646
9459,1.374309,-0.480912
9460,-0.267813,0.179317
9461,-3.599935,0.607673
9462,-3.481175,-0.768676
9463,0.939392,-1.182630
9464,0.236920,-1.531309
9465,-1.398287,-0.538197
9466,-0.765228,-0.150940
9467,-1.235744,1.360871
9468,0.514820,-0.479815
9469,0.857258,-0.710272
9470,-0.813003,-0.639193
9471,0.696560,-0.686481
9472,0.228480,-0.291312
9473,-0.458548,-0.499155
9474,-2.149449,2.336441
9475,-0.231772,-0.554480
9476,-0.280853,0.100892
9477,-1.542894,0.631341
9478,-0.126476,0.646091
9479,-1.786097,-0.669489
9480,0.060331,-0.662523
9481,-0.877039,-0.544073
9482,1.272150,-0.762015
9483,0.215404,0.861043
9484,-0.236675,-0.140158
9485,-0.520485,-0.638004
9486,-0.624991,-1.016609
9487,-1.572361,-0.458964
9488,-0.945243,0.071848
9489,-1.323687,0.595859
9490,0.356077,-0.111940
9491,-0.141646,-0.016336
9492,-1.707648,0.480433
9493,-1.549646,0.341857
9494,-0.110330,-0.193635
9495,0.141270,0.574133
9496,-0.943635,-1.217394
9497,-0.658728,-1.021020
9498,-1.044641,-0.085324
9499,-0.160135,-0.431292
9500,0.786419,0.262136
9501,0.330141,0.424028
9502,-0.337124,3.614849
9503,1.012852,-1.027262
9504,-0.406454,-0.754474
9505,1.050917,0.218028
9506,-2.233409,-0.383773
9507,-0.070718,0.409612
9508,0.165828,-0.691655
9509,-0.344245,-0.260942
9510,0.538617,-0.089622
9511,0.972678,-0.649105
9512,-0.880730,1.285211
9513,0.312939,0.021256
9514,0.757156,-0.696586
9515,0.983929,-0.458843
9516,-0.168022,-0.535521
9517,0.666678,-0.852386
9518,0.833883,-0.761637
9519,0.866541,0.378221
9520,0.946719,-0.132119
9521,-1.018409,-0.297851
9522,0.474588,-0.723991
9523,-0.462361,-0.165404
9524,0.235645,0.782859
9525,-0.408392,1.118573
9526,-0.810136,0.645660
9527,0.481350,0.708677
9528,-1.184791,-0.889423
9529,-0.838926,-0.604805
9530,0.057097,-0.521774
9531,0.073722,0.307663
9532,1.033451,-0.218870
9533,-0.447287,0.819634
9534,1.612493,0.264155
9535,-0.653756,0.856704
9536,-2.152530,0.040248
9537,-1.976235,0.818978
9538,-1.593458,-0.700111
9539,0.102300,-0.235971
9540,-0.355797,0.315663
9541,-1.552173,-0.072315
9542,1.055732,0.335614
9543,-0.515329,0.787349
9544,-0.643663,-0.872540
9545,0.655090,-0.022313
9546,-0.145202,-0.308335
9547,0.931854,-1.242451
9548,-0.136937,-0.169628
9549,1.049339,0.390855
9550,0.306807,0.646997
9551,0.613245,-0.454792
9552,-0.004441,0.147387
9553,0.597255,-0.331795
9554,0.303207,0.169103
9555,-0.478305,0.730054
9556,-0.253185,-0.575032
9557,0.128788,-1.112305
9558,-3.349949,0.623439
9559,-0.612090,-1.393438
9560,-0.927185,2.307922
9561,-2.435499,-0.035896
9562,0.126470,-0.577597
9563,0.938571,-0.512314
9564,0.835558,-0.075320
9565,-0.858283,0.554908
9566,-1.160771,0.030801
9567,-0.017757,0.382458
9568,0.144287,-0.475568
9569,-0.549841,0.004061
9570,0.130614,1.388526
9571,1.390963,-0.799600
9572,-1.761135,0.493833
9573,0.097161,-0.218014
9574,-0.630145,1.061884
9575,-2.574711,-0.488493
9576,-0.583076,1.208795
9577,-1.451814,-0.827432
9578,-0.472305,0.423395
9579,-0.269611,0.050086
9580,-0.470201,-1.223123
9581,-1.369342,-0.256541
9582,1.245008,-0.737624
9583,-0.342738,-0.552795
9584,0.877998,-0.302556
9585,-0.952368,-0.052269
9586,0.179310,-1.210301
9587,0.058229,-0.073055
9588,-0.856522,-0.133386
9589,-1.655300,-1.480772
9590,-2.218914,1.688199
9591,-1.578369,1.082879
9592,-1.346889,-1.285449
9593,1.131581,-0.112002
9594,0.080929,3.796599
9595,-1.189277,1.281917
9596,1.443522,1.076486
9597,-2.881950,1.195236
9598,0.308881,-1.212823
9599,1.763411,-0.683730
9600,-0.560200,0.970580
9601,0.256431,-0.199383
9602,-1.573917,0.733566
9603,1.038321,-0.199193
9604,0.623463,-0.184368
9605,1.218145,1.026435
9606,-0.696015,-1.489236
9607,-0.319650,-1.021607
9608,-0.979693,0.972011
9609,-0.869227,0.913483
9610,0.461812,0.101781
9611,1.139863,1.928911
9612,-1.442987,2.922469
9613,1.537146,0.301484
9614,-0.290660,1.288504
9615,-0.099803,2.414631
9616,-1.851251,1.185208
9617,1.192486,-0.939691
9618,-0.200688,-0.272141
9619,2.542333,0.144137
9620,1.257189,-0.747898
9621,-3.495764,-0.317075
9622,-0.203090,1.322850
9623,-2.762085,-1.328384
9624,-1.355776,1.033557
9625,-0.208790,-0.430886
9626,-3.425361,-0.282684
9627,-2.257240,0.247381
9628,-1.426519,2.151473
9629,0.449345,0.506328
9630,-1.362548,0.290029
9631,-0.347554,0.035940
9632,1.990147,0.551468
9633,-0.230699,0.020020
9634,1.465989,-1.086345
9635,0.244570,-1.515618
9636,-0.717211,3.226863
9637,-0.962354,-0.371517
9638,1.351357,0.177453
9639,-1.811306,0.375616
9640,-0.105137,-0.515849
9641,0.582475,-0.252526
9642,0.857285,-0.119035
9643,0.890749,-0.558459
9644,0.419244,-1.055663
9645,1.420240,-0.605410
9646,1.662357,0.758579
9647,0.134023,-0.955418
9648,0.665678,0.323700
9649,-1.905265,-0.602080
9650,-1.705599,2.016463
9651,-1.241895,0.822154
9652,0.966163,0.410275
9653,1.991189,-0.505156
9654,0.622153,-0.477437
9655,-1.972051,0.148233
9656,2.539091,-0.226603
9657,1.022132,0.078765
9658,0.122058,-0.220406
9659,1.543853,-0.764817
9660,0.612250,-0.512627
9661,-0.937962,-1.071246
9662,-0.045519,2.679435
9663,-1.843432,2.039058
9664,-1.381478,-1.553364
9665,-1.647898,1.040275
9666,1.638247,-0.623674
9667,0.177430,0.210423
9668,-1.267411,-0.209605
9669,0.720351,1.161989
9670,0.559781,-0.455675
9671,0.928884,0.149590
9672,0.411393,-1.125978
9673,-0.174426,0.008144
9674,-1.060308,-1.366404
9675,-2.665746,-1.107440
9676,-3.262419,-2.266746
9677,-2.038726,-1.371318
9678,-1.533724,-2.289436
9679,-1.450078,-0.717482
9680,-1.619776,-2.198248
9681,-1.692837,-2.150796
9682,-0.550701,3.119399
9683,0.360521,0.568420
9684,-0.645243,0.424850
9685,-0.509054,-0.022859
9686,-3.416627,-2.694107
9687,2.423229,-0.569114
9688,-1.381131,-0.894513
9689,0.484167,0.906345
9690,-0.238772,-0.975988
9691,0.608922,-0.037310
9692,-0.374770,-0.419216
9693,0.585872,-0.202988
9694,-0.898348,-1.094551
9695,0.240170,-0.065452
9696,-1.358487,-1.324646
9697,-1.097607,-0.274251
9698,-0.039404,-0.154548
9699,-1.591414,0.631472
9700,-0.811566,1.422699
9701,-0.220828,-0.645124
9702,-1.095898,0.061513
9703,0.577030,0.827833
9704,-1.384776,0.254526
9705,-0.590871,0.587566
9706,0.769966,1.510736
9707,-0.381050,-0.482973
9708,-0.579715,-1.001699
9709,0.197427,0.148323
9710,0.071409,3.058220
9711,0.801164,3.905935
9712,0.370561,0.481336
9713,-0.988584,-0.079598
9714,0.644422,1.250639
9715,-1.978962,-1.462332
9716,-0.210330,1.982166
9717,-2.150092,0.693149
9718,-0.149840,1.229110
9719,-2.463504,0.332469
9720,2.167581,1.032232
9721,0.469303,1.906618
9722,0.007648,0.648225
9723,-1.374127,1.337540
9724,-1.719636,-0.161053
9725,-0.958579,-2.346512
9726,0.679541,0.719556
9727,0.503531,0.331484
9728,-1.336746,0.100580
9729,0.620944,0.812129
9730,1.832711,-0.151254
9731,0.120618,-0.005593
9732,0.388483,0.166302
9733,0.585834,-0.281285
9734,-1.208498,-1.410608
9735,0.410788,0.358173
9736,1.548689,0.346548
9737,1.804741,-0.950914
9738,1.601306,-0.729613
9739,2.052331,-0.372932
9740,-2.412964,1.454876
9741,-0.612948,0.488386
9742,1.405216,0.306043
9743,0.026736,1.882731
9744,1.643415,0.157590
9745,1.123881,-0.414410
9746,0.110929,-0.152618
9747,0.465342,0.388398
9748,-0.914856,0.614723
9749,1.235441,0.623945
9750,-1.101300,0.965182
9751,-0.099145,-0.347644
9752,0.851138,0.020792
9753,0.527431,-0.207936
9754,0.719555,0.823697
9755,-0.458972,1.252946
9756,0.870998,-0.329761
9757,2.402931,-0.779050
9758,0.900119,-0.259455
9759,-2.347760,-0.756844
9760,1.669862,-0.320538
9761,1.146776,0.272431
9762,-0.195358,-0.128124
9763,-1.039176,-0.124106
9764,1.602867,0.000871
9765,-0.892280,1.263705
9766,1.111211,0.481263
9767,0.617582,1.076301
9768,-2.027847,2.165209
9769,-0.150499,-1.084099
9770,1.040353,-0.792242
9771,1.732312,-0.013341
9772,1.437541,0.054007
9773,0.603290,0.552329
9774,-1.255725,2.956679
9775,-0.389049,-1.306548
9776,2.228503,0.086518
9777,0.824712,-1.379213
9778,-1.470133,1.228374
9779,-2.232493,0.788653
9780,-2.580332,-1.611422
9781,0.607848,-2.235276
9782,-1.466070,0.351197
9783,0.161751,0.063112
9784,0.012682,0.578348
9785,1.470244,1.141903
9786,1.637426,0.388986
9787,-1.255248,-0.039229
9788,2.364532,-0.553261
9789,2.065035,-0.184236
9790,-0.512108,2.315434
9791,-2.094007,0.320302
9792,1.071198,-0.139807
9793,-0.680528,-2.789093
9794,-1.508952,2.791779
9795,1.706846,-0.371591
9796,-0.384285,-0.741666
9797,1.031620,0.102536
9798,-1.394099,-1.040299
9799,-1.818328,0.529193
9800,-1.015474,0.013908
9801,0.655938,-0.994457
9802,0.141754,-0.518551
9803,-0.396200,-0.542062
9804,0.154997,-0.818090
9805,0.767829,-1.558370
9806,-0.999110,0.352282
9807,-3.383143,0.675162
9808,-0.930042,2.485435
9809,-0.462219,-0.588383
9810,1.834337,-1.327985
9811,-0.175546,0.971365
9812,-2.633542,-1.214462
9813,-0.369263,0.543481
9814,-0.383895,-0.275753
9815,-0.900094,-0.613276
9816,1.485981,-1.039137
9817,1.683728,-0.508004
9818,-1.454483,-0.408091
9819,-0.625296,-0.459648
9820,1.972578,-0.901449
9821,-0.982708,-2.102868
9822,-0.797323,-0.287012
9823,-1.125615,1.351099
9824,3.168511,-0.495531
9825,-1.061596,-1.028331
9826,-2.641354,0.467097
9827,0.037610,-0.822652
9828,1.296361,0.567288
9829,0.625361,-0.250170
9830,1.572517,-1.926547
9831,1.041741,-0.038719
9832,1.542817,-0.339593
9833,1.047770,1.046457
9834,-0.933618,0.292436
9835,0.794123,0.836409
9836,-0.008534,1.066312
9837,0.345795,0.675680
9838,0.794778,-0.778455
9839,0.570675,1.137344
9840,-0.433353,-0.554209
9841,-1.519348,0.204948
9842,2.339866,-0.915411
9843,0.395461,1.613935
9844,0.871517,-0.681559
9845,0.377302,2.338961
9846,-1.852168,-0.370338
9847,-0.600041,0.981544
9848,0.054331,1.061184
9849,1.415836,0.224381
9850,-1.245301,-1.776095
9851,0.420806,4.332118
9852,0.262865,1.453693
9853,-2.007505,-0.863738
9854,0.727627,1.552300
9855,1.303498,-0.088109
9856,1.395786,0.102267
9857,-0.731010,0.180521
9858,-1.980764,1.363838
9859,1.564865,0.136652
9860,-0.625371,-1.148187
9861,-0.597417,1.254449
9862,-2.021983,-0.917633
9863,-1.048122,-0.677488
9864,1.965911,-0.149038
9865,1.229620,1.316405
9866,-0.185119,0.632414
9867,1.939026,0.165466
9868,1.994227,1.539447
9869,-0.928125,1.476760
9870,0.404715,0.163115
9871,0.836892,0.014381
9872,-0.000914,0.926174
9873,0.939204,0.342750
9874,-0.211099,0.864886
9875,0.542587,-0.901863
9876,0.730511,-0.200830
9877,0.665727,0.051275
9878,0.309174,-1.090623
9879,-0.326423,-0.085569
9880,-0.308938,0.637422
9881,0.691449,3.675176
9882,0.482824,0.195465
9883,-0.289201,-0.921813
9884,0.650895,-0.559893
9885,-1.400574,1.285511
9886,-0.979679,0.361578
9887,1.152851,-0.074172
9888,-0.300531,-0.657609
9889,-0.108782,2.583633
9890,0.540008,-0.698448
9891,1.778808,-0.649984
9892,0.589388,-0.872637
9893,0.692103,-0.566509
9894,1.548494,-0.652059
9895,0.414553,0.321389
9896,-0.907322,2.697437
9897,-1.132050,0.212960
9898,-1.548172,0.190183
9899,1.163436,-0.268061
9900,0.622452,0.652203
9901,0.756826,-0.536499
9902,2.204500,-0.274724
9903,1.009673,-0.510357
9904,2.097195,-0.587081
9905,-0.597789,1.484949
9906,0.388633,0.860470
9907,0.457731,0.683568
9908,-0.774467,-0.706292
9909,2.443776,0.270779
9910,0.877750,-0.564829
9911,1.258680,-0.336475
9912,0.080689,0.461633
9913,-0.192769,0.068193
9914,-0.792526,1.704351
9915,-1.203760,0.385908
9916,0.532868,-0.884685
9917,-0.479001,0.039029
9918,1.353883,-0.716812
9919,1.779986,-1.673910
9920,-1.059982,0.371725
9921,0.373217,-0.505193
9922,0.939247,-0.840007
9923,0.727431,0.845702
9924,-1.231705,-1.036814
9925,1.112014,-0.709043
9926,0.124781,-0.558013
9927,0.774968,-0.040126
9928,-1.665858,0.251677
9929,-1.427798,0.261308
9930,0.182200,-0.854187
9931,-0.348559,-0.460202
9932,0.162421,-0.862694
9933,-0.605669,1.330676
9934,-0.759964,-0.469266
9935,-0.030934,0.727977
9936,-0.036573,-0.334130
9937,0.429624,0.223118
9938,0.787825,-0.534908
9939,0.965220,2.597233
9940,1.447052,0.691797
9941,1.299936,0.880003
9942,0.598279,1.659034
9943,0.141269,3.675535
9944,0.361823,-0.314344
9945,2.171528,0.842968
9946,1.258366,1.789334
9947,-1.120182,1.065445
9948,0.555964,1.735463
9949,0.942602,0.980438
9950,0.598842,2.869217
9951,-0.018111,2.850276
9952,0.901836,2.277324
9953,-0.849188,0.909241
9954,1.718861,1.499401
9955,-0.724526,0.616537
9956,0.625964,2.105801
9957,1.922648,-0.297644
9958,-0.595994,0.246056
9959,-0.226195,2.625335
9960,0.968981,3.056640
9961,0.522843,3.000764
9962,0.998717,0.808969
9963,1.498590,0.838406
9964,0.416345,1.251719
9965,-0.774370,2.010310
9966,0.423068,1.466338
9967,1.065570,-2.146919
9968,-2.241021,1.099039
9969,-0.720096,2.399173
9970,1.389413,0.456845
9971,1.288562,3.859939
9972,1.795515,0.673080
9973,1.887837,1.099246
9974,1.423222,0.232506
9975,2.117607,0.749518
9976,-0.795643,0.753080
9977,1.119249,1.060627
9978,2.656420,0.290814
9979,-1.263779,1.442385
9980,-0.490761,1.896976
9981,0.912965,-0.263667
9982,-2.080768,-0.075909
9983,-0.908591,1.986795
9984,-1.735850,-0.828458
9985,-0.813053,1.195286
9986,0.241402,4.210606
9987,0.767950,1.932294
9988,1.694063,0.609262
9989,1.107412,2.269448
9990,0.517625,3.353691
9991,-0.379579,-0.276286
9992,0.743738,1.492128
9993,1.919549,0.308098
9994,1.525552,3.419636
9995,1.485500,3.057474
9996,-0.470488,-0.270124
9997,0.425283,0.256851
9998,-1.875481,-1.087824
9999,-0.420397,1.678156
10000,0.406343,-0.871667
10001,1.079319,1.028177
10002,1.813506,0.535782
10003,0.176835,1.747772
10004,-0.068591,0.122350
10005,0.397955,2.939556
10006,1.847991,0.330399
10007,1.307468,-0.587989
10008,-0.361651,2.943711
10009,0.620658,-0.295676
10010,-1.843164,1.585954
10011,2.496415,0.468438
10012,1.407888,0.734604
10013,3.026838,-0.337668
10014,0.453920,0.854549
10015,-0.385212,0.473604
10016,1.904963,-0.092172
10017,0.995499,-0.151136
10018,0.453482,-0.427685
10019,0.578567,-0.161884
10020,0.564510,0.558272
10021,-1.346702,-0.357408
10022,-1.344415,0.771212
10023,1.174999,2.299889
10024,-1.069083,-0.071718
10025,1.059111,0.893208
10026,-1.728769,1.493530
10027,0.817064,0.459689
10028,-0.641240,-0.411744
10029,1.179468,0.148775
10030,0.441935,0.458662
10031,-0.082194,-0.090395
10032,-1.101630,-0.020627
10033,0.491004,-0.047083
10034,-0.701512,1.423516
10035,0.274329,-0.494432
10036,1.665614,2.122908
10037,1.213665,-0.223837
10038,-0.698526,2.506031
10039,-1.135321,1.378615
10040,0.792107,1.022111
10041,1.196675,0.873686
10042,-0.668506,0.689405
10043,0.799706,0.706423
10044,0.237837,-0.206107
10045,1.116289,-0.276176
10046,1.531602,0.198278
10047,-1.055740,-0.187362
10048,-0.239350,0.448392
10049,-1.071091,1.364009
10050,-1.981029,0.003573
10051,-0.836381,1.211558
10052,2.155864,-0.187972
10053,1.271825,0.668807
10054,-0.087362,2.709245
10055,1.271699,-1.776963
10056,1.098240,0.870568
10057,-0.302827,2.818741
10058,-1.436120,0.417537
10059,0.916135,-0.546973
10060,0.622808,2.020843
10061,0.566520,2.384469
10062,1.084645,1.535779
10063,-0.202348,0.212780
10064,0.099271,0.825765
10065,-0.560552,0.666293
10066,0.414474,-1.216393
10067,1.450886,2.196199
10068,-0.071112,1.000699
10069,1.184046,0.042502
10070,-0.183933,0.648291
10071,-0.708496,-1.188106
10072,-0.247825,0.612698
10073,-1.095911,-0.671581
10074,-1.241361,0.264742
10075,-1.351925,1.051895
10076,-4.165818,-2.617007
10077,1.119092,1.430948
10078,-0.979071,2.168871
10079,0.294603,1.603720
10080,-0.675379,0.870275
10081,-0.588201,0.208205
10082,-0.760064,2.589562
10083,1.429288,2.515585
10084,-0.655524,0.982140
10085,-0.851429,0.893049
10086,0.726486,1.563221
10087,-0.277831,-0.458134
10088,0.217687,0.236826
10089,1.220352,-0.865962
10090,0.378845,-0.711020
10091,0.514370,-0.937930
10092,-0.088094,0.610939
10093,1.956559,0.068058
10094,-1.050687,0.894278
10095,0.846474,2.523297
10096,-0.958308,-1.143764
10097,-1.119971,-3.179600
10098,1.942802,0.783530
10099,1.045228,1.362349
10100,0.087260,1.505173
10101,-2.191848,0.466045
10102,1.494048,0.858513
10103,1.411463,0.386165
10104,1.071690,0.583310
10105,-0.558062,-0.306840
10106,0.221424,0.047009
10107,1.461152,1.814223
10108,0.515877,2.511384
10109,-1.949513,0.428955
10110,1.667304,-1.050132
10111,-0.021167,-1.752644
10112,1.397198,-0.780368
10113,0.786556,-0.325479
10114,1.096335,-0.195783
10115,1.119053,-0.547508
10116,-0.834124,1.423214
10117,1.942937,1.871009
10118,0.140129,1.089299
10119,-2.580301,2.190303
10120,1.342318,0.040994
10121,0.107046,2.428161
10122,1.632984,-0.033381
10123,0.814426,1.743439
10124,1.860761,0.027094
10125,1.598311,-0.152533
10126,0.022829,1.469072
10127,1.106187,-0.019196
10128,-0.050102,0.622854
10129,0.808677,-0.510972
10130,-0.058512,1.940602
10131,1.206730,0.150767
10132,1.315236,1.483303
10133,0.491949,1.528091
10134,0.535987,0.314646
10135,1.398578,0.065436
10136,1.132276,-0.243265
10137,-0.161462,2.031719
10138,-0.804155,0.456383
10139,1.105385,2.958089
10140,-1.790929,0.643752
10141,0.178317,-0.657033
10142,0.314499,1.474221
10143,-0.864098,1.037041
10144,-1.322373,0.065198
10145,1.548021,0.540560
10146,-1.346246,1.298794
10147,1.621457,1.203403
10148,-0.160996,0.161575
10149,0.308133,2.086162
10150,-0.079146,1.053262
10151,1.235865,1.056192
10152,0.479454,-0.296436
10153,-0.162120,1.902415
10154,0.445570,0.346009
10155,1.162526,1.951389
10156,-0.852266,0.261262
10157,-0.977064,1.225978
10158,1.866094,-0.246831
10159,-0.716678,2.480189
10160,1.110220,-0.358487
10161,0.568961,1.789537
10162,-0.461643,0.156147
10163,0.462487,2.630997
10164,-0.253261,2.111565
10165,-0.395604,1.289666
10166,-1.443671,0.262563
10167,-0.634950,0.370796
10168,-0.046987,1.550361
10169,-0.214227,0.541551
10170,-0.763969,0.993496
10171,1.281500,0.688771
10172,0.782265,2.086161
10173,1.341168,-0.330710
10174,-0.526045,0.381675
10175,1.089320,-1.059483
10176,-0.017501,3.621119
10177,-1.521935,-2.679198
10178,-0.189483,-0.121566
10179,1.135876,-0.374782
10180,-0.049856,-1.181567
10181,0.469824,2.391004
10182,2.244429,0.942242
10183,-0.685600,-0.418114
10184,2.182291,-0.700322
10185,1.533840,0.393326
10186,2.499757,0.152973
10187,0.927983,1.474714
10188,2.864996,-0.858677
10189,2.074281,0.437085
10190,0.959571,1.537566
10191,1.499435,0.465519
10192,1.164243,1.643667
10193,0.573511,0.014406
10194,1.965669,-0.734306
10195,1.869219,0.052091
10196,1.341708,0.683263
10197,-0.627335,-0.460136
10198,0.450594,1.111434
10199,-0.682687,2.736541
10200,2.398124,-0.260826
10201,-0.328503,0.251476
10202,0.443254,-1.505909
10203,0.432440,-0.839256
10204,0.380497,-0.256968
10205,-1.029632,-1.160278
10206,0.841028,2.458523
10207,1.685492,-0.334628
10208,0.000283,0.731038
10209,1.252594,-0.218745
10210,-0.372971,1.014486
10211,-1.801433,-0.119619
10212,1.715033,1.705062
10213,-1.598064,0.854477
10214,0.425779,0.639643
10215,1.178168,1.620372
10216,0.318841,0.977992
10217,-0.049608,0.197162
10218,-0.065903,0.543837
10219,-1.083679,0.924126
10220,1.540214,-0.526778
10221,0.250372,-0.097235
10222,-1.852224,1.176833
10223,0.233761,-0.060668
10224,-0.615700,-1.295855
10225,-0.074828,1.603126
10226,0.724898,1.074456
10227,1.735627,0.050770
10228,1.201721,-1.086763
10229,0.179099,1.048592
10230,-0.037846,1.152612
10231,-0.937201,0.931491
10232,0.745129,0.864241
10233,-0.479403,0.142647
10234,-0.926247,0.753624
10235,-0.246219,0.235151
10236,-0.996633,-0.077008
10237,-1.551371,-0.207219
10238,0.689911,-0.607330
10239,-0.432445,0.480107
10240,0.513626,-0.051801
10241,1.247765,0.574093
10242,0.420838,0.495579
10243,2.150546,0.009808
10244,2.132684,0.214915
10245,-1.478475,0.525566
10246,1.370946,-0.415965
10247,-0.303770,-0.195064
10248,2.191583,-0.258383
10249,2.265916,0.592593
10250,0.911987,1.506683
10251,-2.353419,1.018371
10252,-0.529492,0.370454
10253,-0.810083,3.118677
10254,0.926199,0.227971
10255,1.440552,1.176513
10256,0.339334,0.358925
10257,-0.213553,-0.624949
10258,-2.344326,1.923410
10259,1.527205,-0.385295
10260,0.001335,0.610625
10261,0.650129,-0.546346
10262,1.289429,0.603492
10263,0.764541,-0.351497
10264,-0.113975,0.057666
10265,1.371257,0.015851
10266,-2.714530,2.196752
10267,-0.712689,-0.033638
10268,-0.167256,0.238201
10269,2.013526,0.258531
10270,-1.399407,-0.094125
10271,-0.078976,-0.554969
10272,0.586096,-1.529119
10273,-1.631500,0.232893
10274,-2.559513,2.710191
10275,0.053765,1.481203
10276,2.452761,-0.815715
10277,1.084392,-1.176046
10278,1.011225,1.704116
10279,1.296597,0.204135
10280,2.059663,0.617838
10281,0.948047,-0.346500
10282,1.406425,-0.608424
10283,1.562792,-1.148129
10284,0.118228,-0.535076
10285,0.376110,2.063430
10286,0.217477,1.132396
10287,-1.503439,-1.071118
10288,-0.077949,2.528633
10289,-1.783252,1.107058
10290,1.090385,-0.725170
10291,0.018855,-0.473660
10292,-1.741095,1.460608
10293,-1.322240,0.642156
10294,0.743714,0.577636
10295,0.270128,0.792183
10296,1.976909,1.019096
10297,-0.866375,0.415167
10298,-1.673713,-0.106450
10299,-0.258471,1.206108
10300,1.544882,0.635274
10301,-1.161358,0.874036
10302,-0.698926,-0.398106
10303,-1.821580,1.046568
10304,-0.405489,0.152724
10305,1.781062,-0.098785
10306,0.793326,-0.303181
10307,-0.299233,0.986175
10308,-3.342543,-0.053018
10309,1.230585,-0.565813
10310,-1.903474,-0.282190
10311,-0.303434,-0.420735
10312,1.626253,-0.864573
10313,-2.877381,-2.371308
10314,-0.475404,-1.283879
10315,0.806209,1.879911
10316,-2.051404,0.972853
10317,-0.003951,0.501139
10318,-0.670766,0.153101
10319,0.525166,0.308814
10320,-0.222987,-2.001572
10321,-1.099369,-0.416665
10322,0.896380,-0.361138
10323,-1.228496,-1.493646
10324,-2.670998,-1.246337
10325,-1.950196,1.882492
10326,-0.613557,0.101083
10327,-3.957529,-0.627467
10328,-0.708248,-0.437524
10329,-0.677154,0.604961
10330,1.830401,-0.498963
10331,0.898255,-1.039217
10332,1.389731,0.122549
10333,-0.393510,-0.554306
10334,2.309299,-0.068220
10335,0.817220,-0.939138
10336,0.858399,-1.287158
10337,1.720525,0.213500
10338,1.222242,-1.099409
10339,-0.140437,-0.776025
10340,0.187390,0.351896
10341,0.106542,-0.866914
10342,0.953162,-1.272353
10343,-0.179301,-0.952328
10344,-0.560998,-1.216648
10345,0.036259,-2.612285
10346,1.257538,0.180171
10347,-0.155866,0.462871
10348,-2.447765,-0.026756
10349,1.042471,0.964456
10350,1.236118,2.209298
10351,2.084080,-0.699455
10352,-0.135660,-2.507976
10353,-1.454890,3.040160
10354,-0.655745,-1.871078
10355,-0.326136,-0.237212
10356,0.112877,0.153524
10357,-0.476888,-0.373369
10358,0.875158,-1.032440
10359,-4.221801,-2.037988
10360,-1.292119,-0.792918
10361,-0.482592,-0.010310
10362,0.764252,-0.830935
10363,-1.689003,-2.788110
10364,0.564509,-0.086619
10365,0.991990,5.963061
10366,0.963666,2.587295
10367,2.073336,-0.741300
10368,-0.145678,-0.921084
10369,0.202594,-0.376590
10370,1.948888,-0.813011
10371,0.055439,-0.239744
10372,0.691863,-0.462290
10373,-1.614036,-0.865156
10374,0.127000,-0.851124
10375,-0.208153,-0.569395
10376,-1.766775,-1.647714
10377,0.385393,-2.457636
10378,-2.121833,-1.004093
10379,-3.220448,0.519347
10380,-2.561548,-2.543617
10381,0.873681,-0.999559
10382,0.310831,-1.066844
10383,-0.153230,-1.520939
10384,0.543509,-1.698161
10385,1.027925,-2.306746
10386,0.848575,-2.339423
10387,0.556954,-1.153249
10388,0.362428,-1.796462
10389,-1.299752,0.918845
10390,0.246523,0.568249
10391,0.980320,0.037270
10392,-0.756126,0.767743
10393,-0.760549,1.274338
10394,0.010166,0.552293
10395,-1.569452,-0.296234
10396,-0.759682,-0.058847
10397,2.109631,-0.377211
10398,1.012161,-0.386011
10399,-0.487243,-0.055627
10400,-0.754701,0.302130
10401,0.686323,0.355951
10402,-1.305158,-1.134740
10403,0.796261,-0.057346
10404,-0.044366,0.023210
10405,0.435757,0.316654
10406,-0.933694,-1.217033
10407,1.118006,-0.330076
10408,0.011498,0.219255
10409,-0.927135,-0.671817
10410,0.994012,-0.645271
10411,0.909332,3.385225
10412,1.443444,-1.375883
10413,-2.882571,-0.730726
10414,-2.956521,-0.994347
10415,0.583232,-0.317369
10416,0.274491,-0.593735
10417,0.565727,0.399955
10418,0.429400,0.186909
10419,-1.450916,-0.612218
10420,-0.844983,-0.108133
10421,-0.195153,1.452232
10422,0.835648,0.815186
10423,-1.696338,0.445940
10424,-2.757966,0.517517
10425,0.466816,0.983283
10426,0.405224,-0.827072
10427,-0.230330,-0.654964
10428,-2.339806,2.056627
10429,-1.690430,-1.158497
10430,0.710884,0.397827
10431,-1.459331,-0.755243
10432,-0.504212,-0.928596
10433,-1.746130,-0.641370
10434,0.776352,0.173468
10435,0.332541,0.229224
10436,-1.300348,-0.248913
10437,-0.952758,0.662415
10438,-0.587181,-0.506264
10439,-1.160267,-0.116395
10440,-2.529615,1.584084
10441,0.732780,0.002629
10442,2.254373,-1.556625
10443,-3.376335,-1.782233
10444,-2.569570,-1.630560
10445,-2.376540,0.512998
10446,0.516513,1.984354
10447,1.618564,-0.613522
10448,-0.842707,0.666248
10449,1.486806,-0.370494
10450,-0.255835,0.674705
10451,-2.429793,-1.167753
10452,2.504677,-1.489920
10453,-1.289741,2.587621
10454,-0.763779,4.524195
10455,1.615908,0.789972
10456,-1.738823,0.014983
10457,-2.331108,-0.340390
10458,-0.191323,0.034710
10459,-1.098990,2.365599
10460,-0.158632,-0.641608
10461,-1.031456,0.315009
10462,-2.164843,-0.377614
10463,-1.128817,-0.076848
10464,-0.846503,0.269938
10465,1.022408,1.084619
10466,0.284216,0.475995
10467,-2.172554,2.227125
10468,-0.512016,1.196603
10469,0.877107,2.042427
10470,0.917330,0.194294
10471,-1.829440,-0.784502
10472,-3.373958,-1.790683
10473,0.411860,0.074695
10474,-0.140453,0.830157
10475,-1.698588,0.342742
10476,-1.018261,-0.490379
10477,0.060435,-0.572063
10478,-1.649844,-0.923349
10479,0.672683,0.124884
10480,-1.951050,1.409134
10481,-0.235911,-0.213883
10482,0.829670,0.693698
10483,-2.987854,-1.639269
10484,-0.077182,-0.005132
10485,-2.453477,-0.489619
10486,0.115672,0.876010
10487,0.698726,0.526110
10488,-0.220242,0.212793
10489,2.364914,-1.417683
10490,1.705165,-1.193480
10491,0.952076,-1.222585
10492,0.531868,-0.292191
10493,-1.215227,3.379491
10494,0.805205,-0.987198
10495,-0.545382,1.570149
10496,-0.650919,-0.920534
10497,1.116851,-1.851256
10498,0.037335,-1.211138
10499,-1.918416,-0.345969
10500,-1.648791,-3.384265
10501,-1.650424,-1.737550
10502,-2.630570,-1.443165
10503,-2.231977,-0.169622
10504,-2.255758,-2.616514
10505,0.262526,-0.471222
10506,1.078125,-0.270446
10507,1.494501,-0.589456
10508,-1.316004,-2.404878
10509,1.004666,-0.876507
10510,-1.506042,-0.140586
10511,-3.204944,-1.198043
10512,-1.306491,1.271953
10513,0.049419,-0.443568
10514,-0.227912,0.121195
10515,-0.106700,0.030651
10516,-1.856576,0.654633
10517,0.396786,-0.198772
10518,-0.269899,0.787019
10519,1.245638,1.128268
10520,-1.713995,-0.670827
10521,-0.703413,1.043421
10522,-0.368590,-0.077285
10523,-2.011981,0.265484
10524,-1.854117,-0.545123
10525,0.402162,-0.341359
10526,-1.587429,3.950557
10527,2.074671,0.360859
10528,0.877314,-0.204050
10529,1.667516,0.500875
10530,2.417397,-0.658925
10531,1.034237,0.641927
10532,1.378356,0.011075
10533,-1.162417,3.348723
10534,-0.023893,2.193640
10535,-3.239184,-0.996166
10536,0.686393,0.729333
10537,1.007353,0.152094
10538,-0.050187,-0.569513
10539,-0.326333,-0.059340
10540,-0.001894,-0.582263
10541,1.578598,-0.106289
10542,2.224535,0.403650
10543,0.188998,-0.798783
10544,-2.850170,1.164180
10545,1.539134,-0.030041
10546,0.424937,-0.046567
10547,0.248399,-0.412988
10548,-0.018484,-1.054747
10549,1.932421,0.327955
10550,-1.946082,0.885253
10551,0.249816,-0.121534
10552,-3.251342,1.372249
10553,-1.723419,0.853224
10554,-0.499363,1.212012
10555,-1.229907,-0.032840
10556,-1.206201,-0.050607
10557,-0.730484,0.478938
10558,-2.646502,1.085811
10559,0.842410,-0.703362
10560,-0.993918,-0.541531
10561,0.678101,0.052083
10562,-1.076491,-1.867530
10563,-0.057684,-0.268733
10564,-1.409110,1.097261
10565,0.030723,0.307405
10566,0.992440,0.761752
10567,-0.649209,-0.054022
10568,-1.251874,2.865694
10569,1.014375,0.309454
10570,-0.101123,2.292644
10571,0.419851,-0.494901
10572,2.167650,-0.968235
10573,-1.214056,1.418135
10574,0.713138,1.779067
10575,-1.816852,2.047504
10576,1.132808,0.130634
10577,0.486484,-1.204922
10578,0.599558,1.482830
10579,1.622030,-0.360633
10580,-1.350108,0.555341
10581,-0.044236,1.464426
10582,0.761873,0.369847
10583,1.429004,-0.535333
10584,-0.736368,0.880553
10585,0.125620,-0.599700
10586,-1.082181,-0.887300
10587,-0.067943,-0.073518
10588,0.453956,0.108193
10589,-1.575046,-0.913390
10590,-2.574111,-0.865824
10591,-0.491794,-0.518138
10592,-1.008892,0.914555
10593,1.310039,1.791330
10594,-1.279058,-0.028877
10595,-1.998429,0.162290
10596,-0.232039,2.076064
10597,1.288126,-0.857719
10598,-1.250511,1.323662
10599,0.904203,-0.017723
10600,-1.026889,0.478991
10601,0.017050,-0.351657
10602,-0.158039,0.096074
10603,1.911197,-0.955572
10604,-0.584240,0.319439
10605,-0.418385,0.757505
10606,1.262767,0.066627
10607,0.067161,-0.021224
10608,0.617139,0.616551
10609,-1.798090,-0.402336
10610,1.154940,0.134010
10611,-1.689363,0.087738
10612,1.704004,-0.126680
10613,-1.529277,1.346589
10614,-0.280387,1.779736
10615,-1.898556,0.901921
10616,-0.247907,1.386807
10617,0.850022,-0.198877
10618,0.378465,0.913369
10619,0.111605,-0.222931
10620,-0.201311,-0.019057
10621,1.754021,-1.183265
10622,0.701331,0.793449
10623,-0.939605,2.168585
10624,1.461397,-0.538049
10625,-0.540185,-0.934129
10626,0.485941,-0.084936
10627,0.497049,-1.553209
10628,0.060948,-0.783513
10629,0.552757,-0.864305
10630,-1.001390,-0.983237
10631,-1.059159,2.250011
10632,-0.638345,-0.291129
10633,0.270380,2.150904
10634,-0.000441,-1.151444
10635,0.734700,0.403589
10636,1.055153,0.639738
10637,-0.942147,2.121764
10638,-2.878715,2.326368
10639,1.486186,-0.731344
10640,-1.790698,-0.101001
10641,-1.709459,-0.934597
10642,-0.114818,2.087302
10643,0.186594,-0.027464
10644,-1.399489,0.034410
10645,-0.647991,0.494150
10646,1.078182,0.244165
10647,-1.403174,1.028146
10648,1.365287,-0.614259
10649,0.778575,0.010524
10650,-0.394860,0.537255
10651,1.214543,0.215588
10652,1.381659,-0.818646
10653,1.656809,0.274359
10654,-0.513789,0.251597
10655,0.865300,-0.860034
10656,-0.502534,-1.756015
10657,0.236549,-0.307562
10658,-1.665124,-2.105817
10659,-2.159413,-0.648923
10660,2.091841,-0.138308
10661,-0.467201,1.807027
10662,2.322711,-0.006922
10663,0.393791,-0.054672
10664,-3.633201,-1.082451
10665,-0.874544,-0.068653
10666,1.414541,0.129299
10667,1.104326,-0.398605
10668,0.100255,-0.094341
10669,-0.489947,0.848140
10670,0.910430,-0.628501
10671,0.563486,-0.014443
10672,-0.111513,0.092697
10673,-0.028607,-0.902868
10674,0.111901,-0.918015
10675,0.000977,-2.336339
10676,-0.615269,-0.085775
10677,0.552487,-0.641073
10678,0.691834,-0.983777
10679,1.201291,-0.534555
10680,0.489354,1.223165
10681,1.552861,0.940356
10682,-2.976011,-2.260695
10683,1.554506,-0.933733
10684,1.041342,-0.662078
10685,-0.025325,-0.734770
10686,0.315381,-0.305804
10687,1.378727,-0.473170
10688,-1.115177,2.042098
10689,1.243220,0.050691
10690,-0.113898,-0.074112
10691,0.501187,0.006007
10692,0.499425,-0.061511
10693,-0.024318,0.277098
10694,1.352914,-0.782478
10695,-1.596258,0.475074
10696,-1.674662,-0.091409
10697,-1.907544,0.741955
10698,-0.397678,1.932946
10699,0.051718,0.343068
10700,-1.622625,-0.862654
10701,-0.520813,-0.249544
10702,-0.338893,-1.089878
10703,-4.116926,-2.887850
10704,-0.243582,-0.660276
10705,-1.176968,0.377014
10706,-0.779784,0.333821
10707,0.194298,-1.070813
10708,1.564775,-0.182489
10709,-0.749577,0.027991
10710,0.770470,-0.221015
10711,-0.112418,-1.371532
10712,1.642007,-0.125509
10713,1.220647,0.415268
10714,1.188378,-0.856311
10715,0.905212,0.523215
10716,0.027056,0.148186
10717,1.137802,-0.050199
10718,0.522410,-0.894675
10719,0.373563,-1.119358
10720,-3.195650,1.394156
10721,0.869166,-1.972800
10722,0.487712,-2.114092
10723,-3.074632,-2.502527
10724,2.661775,-1.333363
10725,-1.374110,-2.162506
10726,-0.554623,-1.072346
10727,0.190036,0.126483
10728,1.133517,0.060473
10729,0.748973,0.118243
10730,-1.617202,0.291451
10731,2.373855,1.440590
10732,1.056230,-0.497868
10733,-0.395234,0.857018
10734,0.337266,1.337629
10735,1.486196,3.017375
10736,0.318518,-0.185453
10737,0.364896,-0.213555
10738,-1.642638,1.955234
10739,0.175047,1.956919
10740,0.186912,0.803622
10741,-0.168266,1.217568
10742,0.782638,5.286602
10743,0.916751,-0.061253
10744,2.269105,1.620351
10745,2.467224,-0.730831
10746,0.237983,0.371212
10747,3.037388,-0.430784
10748,-2.485376,0.895539
10749,1.738819,-0.054814
10750,-0.680155,-0.961624
10751,-0.551668,-1.008617
10752,0.933457,0.049736
10753,-0.211571,-0.730688
10754,1.772621,-0.108188
10755,-1.429900,1.448256
10756,-0.682071,1.014645
10757,1.863983,0.138505
10758,-0.263078,0.571476
10759,-1.322380,3.098683
10760,-0.309355,0.801841
10761,0.636069,-0.051478
10762,2.964752,-0.132741
10763,-1.522431,0.113566
10764,1.289965,0.496246
10765,0.224884,0.607988
10766,0.613631,-0.582462
10767,1.672957,-1.036216
10768,-0.322331,-0.192651
10769,0.518559,-0.833732
10770,2.548858,-0.419516
10771,1.992946,0.006829
10772,-0.598123,-1.190922
10773,2.387649,1.070139
10774,1.886836,-0.629514
10775,-1.356811,-0.798278
10776,1.325254,-1.040082
10777,1.382711,-0.969914
10778,-1.091211,0.812846
10779,1.959894,-0.227130
10780,0.422510,-0.062389
10781,1.901676,-0.355818
10782,-1.076278,2.226696
10783,-2.181062,-1.747908
10784,-1.908364,0.475694
10785,1.129896,0.515172
10786,-1.180982,-0.502232
10787,2.328996,1.995640
10788,2.765707,-0.350510
10789,-1.646346,1.277008
10790,0.283213,-0.382903
10791,1.269082,-0.507053
10792,2.983181,-0.091339
10793,0.845052,-0.546452
10794,1.104750,3.561907
10795,-0.136021,1.933780
10796,1.513416,0.798225
10797,2.048660,-0.047774
10798,0.283890,-0.743556
10799,-0.460252,0.127481
10800,1.404380,-0.013746
10801,1.081563,0.069700
10802,1.090234,0.486025
10803,0.208437,-0.457305
10804,-2.283990,0.865041
10805,-0.613704,-1.084205
10806,-1.412354,-0.717019
10807,2.169979,-0.875053
10808,1.170566,0.123793
10809,-1.076543,0.774856
10810,1.394141,-0.722108
10811,-0.312761,-1.809037
10812,-0.065097,-0.363904
10813,0.628310,-0.901492
10814,1.756281,-0.458725
10815,0.516628,-0.636498
10816,1.411917,-0.215385
10817,0.918957,-0.042319
10818,0.672920,0.666185
10819,-2.990758,1.085921
10820,-1.137884,0.267515
10821,-0.829442,0.853168
10822,-1.963674,1.077517
10823,-0.222799,-0.813225
10824,1.889245,-0.426166
10825,-2.205174,-0.253152
10826,1.210342,-0.421032
10827,1.055898,-0.283146
10828,-1.598943,0.978041
10829,-4.537621,-0.243988
10830,-0.874503,2.253220
10831,0.768299,-0.140826
10832,0.090994,0.968465
10833,-1.573864,-1.052445
10834,-1.539389,0.763655
10835,0.385526,0.876138
10836,0.226393,0.640191
10837,-1.919935,-0.502134
10838,0.227604,-0.442150
10839,1.068160,-0.809610
10840,0.986666,-1.142596
10841,1.073850,-1.348273
10842,0.792898,1.241573
10843,-0.803559,0.176455
10844,-2.546805,-1.210680
10845,-0.278616,-1.155168
10846,1.479872,-0.302910
10847,-0.077551,0.057004
10848,2.202690,-0.727720
10849,1.143649,-0.573234
10850,-0.904914,-1.026774
10851,1.501092,0.851789
10852,-4.318861,-3.028363
10853,2.148283,-1.164605
10854,0.678727,-0.983142
10855,1.257660,-0.547239
10856,1.903023,-0.585863
10857,-0.188506,-1.284349
10858,-1.055193,0.038315
10859,0.357078,-1.270513
10860,-0.022391,3.769110
10861,-0.072434,0.212420
10862,-0.041454,-0.724361
10863,-0.001611,-0.119031
10864,-0.017382,0.336728
10865,-0.067328,0.690670
10866,-0.336758,0.700219
10867,0.464460,0.137784
10868,0.189631,-0.309966
10869,0.245691,0.303610
10870,1.645568,0.008492
10871,1.954441,-1.427758
10872,-0.175868,0.525405
10873,-2.356412,0.369369
10874,-0.039034,1.425166
10875,-1.609816,0.757678
10876,1.465894,-0.074022
10877,-2.437264,-0.569481
10878,0.299691,0.157172
10879,-2.101896,1.331978
10880,-1.267104,0.471840
10881,0.967003,0.014415
10882,0.978784,-0.096276
10883,-0.817956,1.377846
10884,0.025786,1.016843
10885,-1.450209,0.968934
10886,-2.675479,-0.991070
10887,0.948559,0.063297
10888,-0.637271,1.394672
10889,0.311591,0.322664
10890,0.437926,0.741016
10891,-0.560058,0.732619
10892,1.225182,0.130706
10893,-0.837532,0.650682
10894,0.331325,0.723737
10895,-2.465897,1.096780
10896,0.646592,-0.374420
10897,-2.027133,1.405359
10898,-0.521420,-0.558826
10899,0.425167,0.900754
10900,-0.220713,-0.622237
10901,-1.576579,0.940378
10902,1.281533,-0.507058
10903,0.739308,-0.468075
10904,-0.336333,-0.304992
10905,-0.579391,2.635688
10906,0.600206,-0.602158
10907,0.819006,-0.734787
10908,-0.789640,-1.265429
10909,-0.627972,-1.396474
10910,0.607996,-0.909691
10911,0.741908,0.152921
10912,-0.866965,-0.518968
10913,-1.068617,-0.529141
10914,-3.007589,-0.161231
10915,0.846061,1.197045
10916,1.572728,0.200916
10917,1.054473,1.420309
10918,-2.060228,-1.115503
10919,0.335911,1.687605
10920,-0.749321,1.141167
10921,-2.197368,2.082263
10922,0.209244,0.680894
10923,-0.433956,0.787490
10924,-1.219030,1.380458
10925,-0.247689,1.251242
10926,0.846630,0.906650
10927,-1.031039,-0.545044
10928,1.491342,-0.549954
10929,-2.825730,-1.818960
10930,2.048049,-0.359734
10931,0.688024,-0.281354
10932,2.105501,-1.042385
10933,1.339054,-0.760846
10934,0.266706,0.045690
10935,1.185435,-0.961639
10936,-0.659910,0.304408
10937,0.868473,-0.389570
10938,0.933355,5.881145
10939,0.858843,0.407466
10940,0.370351,0.114078
10941,0.489816,1.203267
10942,0.488316,2.037518
10943,1.597081,-0.860018
10944,1.673973,-0.568333
10945,0.711550,0.003050
10946,1.189081,-0.789862
10947,-0.476673,-1.346150
10948,-0.201041,0.807508
10949,2.585148,-0.848416
10950,-0.969424,1.081188
10951,1.379114,1.539925
10952,1.169071,-0.245048
10953,2.073373,0.461186
10954,0.523812,2.151318
10955,1.464337,0.538809
10956,0.148719,2.593936
10957,-1.763725,0.916212
10958,0.967871,0.544775
10959,0.275589,0.938993
10960,1.406916,0.254055
10961,0.377595,0.363662
10962,0.637225,-0.947248
10963,0.064886,1.086062
10964,1.910873,0.599267
10965,0.456119,0.235619
10966,-0.133617,-0.006984
10967,0.352831,0.878932
10968,2.732436,-0.023603
10969,0.451986,-0.039935
10970,0.817959,0.751643
10971,-0.047464,-0.715103
10972,1.867768,0.185360
10973,2.000330,-0.446868
10974,0.388455,0.915672
10975,0.194166,-1.070738
10976,-0.964209,-0.257239
10977,-0.539201,-0.969925
10978,1.547484,0.868991
10979,1.154176,-0.479354
10980,1.670608,0.722409
10981,-0.579998,-0.958975
10982,-1.276744,-0.439638
10983,0.854475,-1.150001
10984,-1.760708,0.407504
10985,0.080071,0.381992
10986,-0.573540,-0.377998
10987,-0.650076,-0.967357
10988,1.089697,-0.372978
10989,1.501250,-0.614535
10990,0.791675,0.143487
10991,0.300553,0.402868
10992,-0.757643,0.977156
10993,0.719938,-1.337631
10994,0.443460,-0.184254
10995,-2.755619,-1.475113
10996,-0.132873,2.925321
10997,1.042539,0.912920
10998,0.298357,0.227982
10999,0.503696,0.383391
11000,1.565514,-1.099619
11001,0.702254,1.995546
11002,-0.504880,-0.570446
11003,1.276039,-0.650226
11004,-1.262331,-0.458111
11005,0.306686,-1.173295
11006,1.100841,-1.077847
11007,-0.384262,-0.679874
11008,0.305977,-0.993352
11009,1.659517,-1.410444
11010,-1.729313,-1.014102
11011,0.470638,-0.586121
11012,0.450052,-0.482763
11013,-0.203681,-0.362328
11014,0.840847,-0.122941
11015,-0.800219,0.581205
11016,0.279389,0.860998
11017,1.169704,-0.438175
11018,-1.384334,-0.157917
11019,-0.202820,0.978483
11020,1.566329,1.630439
11021,1.436791,-0.482625
11022,0.712547,-0.916277
11023,0.729312,-0.406409
11024,0.045743,-0.385383
11025,0.880504,-0.619937
11026,0.026673,-0.818590
11027,-0.068069,-1.455614
11028,1.409295,-0.421014
11029,0.121801,-1.402370
11030,0.077833,0.791539
11031,0.201146,-0.396258
11032,-0.118711,-0.277311
11033,-0.889013,2.089507
11034,-3.425074,-1.552692
11035,0.812033,0.807506
11036,0.192492,0.727047
11037,0.463507,-0.097139
11038,1.056008,-0.903135
11039,1.100183,-0.274707
11040,0.315777,1.136172
11041,1.091441,-0.466271
11042,-1.313861,2.125051
11043,0.582464,1.006744
11044,1.111788,-0.333399
11045,-0.362413,2.279418
11046,-0.630944,0.618641
11047,-1.078755,1.209409
11048,-2.369557,2.186706
11049,-2.050953,-0.114801
11050,0.521613,0.570454
11051,-1.068727,0.684581
11052,0.352346,-0.155897
11053,-1.245755,-0.060284
11054,0.653655,0.095023
11055,-0.293858,0.441109
11056,0.421546,-0.001030
11057,-0.093222,-0.119896
11058,-0.203291,0.627696
11059,-1.814591,1.282634
11060,0.898883,0.299786
11061,2.168807,-0.747350
11062,2.278932,-1.520067
11063,1.183390,-0.594202
11064,1.854246,-0.143046
11065,0.605753,-0.531499
11066,-0.620442,-1.433666
11067,0.467547,-1.392997
11068,0.265448,-0.272986
11069,2.124461,-0.955679
11070,-1.270057,1.833577
11071,1.392432,-0.718230
11072,-0.166129,-0.681823
11073,0.370908,0.705864
11074,1.924340,-0.369389
11075,1.124237,-0.056987
11076,-2.714402,-1.032520
11077,1.367782,-0.205372
11078,1.789565,-0.658609
11079,0.530113,-0.227956
11080,-0.005379,-0.090388
11081,-0.554086,0.014465
11082,0.000439,-0.569265
11083,-0.573820,-0.034699
11084,-1.332540,0.360130
11085,2.170481,-0.673732
11086,1.741748,-0.885578
11087,1.636025,-0.280538
11088,0.804103,0.396624
11089,0.467458,-0.599419
11090,1.686048,-0.655677
11091,0.782307,-0.387870
11092,0.210111,0.006791
11093,-1.304174,0.976959
11094,0.081121,0.428046
11095,-1.291552,0.992486
11096,-3.125986,-0.111965
11097,-2.927616,0.902936
11098,-0.780495,0.211281
11099,-1.267687,0.380604
11100,-0.003793,-0.042443
11101,0.410150,-0.425682
11102,1.070979,-0.649083
11103,-1.757457,2.759179
11104,1.141160,-1.130713
11105,0.701479,0.050366
11106,-0.475312,-0.895029
11107,0.575324,-0.028340
11108,1.376561,-0.490291
11109,1.267078,0.060146
11110,0.498085,-0.230872
11111,0.339026,-0.380965
11112,1.504240,-0.605790
11113,-0.313689,0.078857
11114,-0.636698,-0.289150
11115,0.544714,-1.316693
11116,1.643293,-0.153164
11117,0.300862,-0.613699
11118,-2.923175,-2.148999
11119,-1.480971,-0.496271
11120,-1.602159,-2.008294
11121,-2.674454,-1.645540
11122,-2.226326,-1.808438
11123,1.312876,-2.111392
11124,-0.791315,-1.359835
11125,-2.083565,-2.789921
11126,-1.467749,-0.190722
11127,0.281658,-0.841424
11128,0.247235,-0.339439
11129,-0.204977,-0.413217
11130,-0.107166,0.397167
11131,-0.678917,-0.027742
11132,2.315546,-1.663484
11133,-0.577079,-0.637131
11134,0.269721,0.775108
11135,2.088001,-1.274786
11136,-1.091834,-1.033307
11137,1.196433,-1.213762
11138,-1.529551,-0.674727
11139,1.619586,-0.254767
11140,0.346674,-0.700436
11141,-2.576214,-1.819008
11142,-1.111225,1.308669
11143,1.136228,1.357935
11144,1.201117,-0.345706
11145,0.698969,0.368670
11146,2.080892,-0.477537
11147,-0.572158,1.327461
11148,0.553884,0.291393
11149,0.662062,-0.205985
11150,1.610782,-0.716764
11151,0.384992,-0.956906
11152,-0.368149,-0.632987
11153,-1.021351,-0.281588
11154,-3.755832,0.530655
11155,1.242328,-0.261053
11156,0.525178,-0.482820
11157,-0.839231,-0.818216
11158,0.353043,0.870598
11159,1.726327,-0.677028
11160,-0.287793,2.787087
11161,1.079748,-0.202118
11162,-0.765294,0.025195
11163,0.146705,-0.621507
11164,-0.382207,-0.139623
11165,0.641059,-0.174124
11166,-1.430291,-0.308571
11167,-0.492527,0.175027
11168,-0.531106,-1.410974
11169,-3.587269,-2.021732
11170,0.593815,-0.564175
11171,0.225287,-1.034243
11172,2.340951,-1.106026
11173,-0.377592,-0.527142
11174,0.651847,-0.628377
11175,0.192547,-0.700740
11176,0.736664,-1.379280
11177,0.570101,-0.232933
11178,-0.701234,0.860425
11179,0.817641,0.012172
11180,-3.425200,1.100698
11181,1.246275,0.071290
11182,-2.023454,-0.489557
11183,-0.688691,-0.711454
11184,0.458448,-0.747303
11185,0.640189,-1.673325
11186,-0.002821,0.219587
11187,-0.220234,-0.942162
11188,-1.923636,-0.824475
11189,-0.066891,1.055764
11190,-0.556648,-0.793042
11191,0.207301,0.183813
11192,-2.965352,0.582738
11193,-0.439429,0.604397
11194,0.528909,0.766332
11195,-2.007793,2.041057
11196,1.016536,-0.747557
11197,0.337415,0.221005
11198,0.057556,-0.467753
11199,0.022242,-0.410297
11200,-0.414726,-0.203764
11201,0.260708,-0.293083
11202,2.428267,-0.053591
11203,-0.079333,-0.444526
11204,1.075662,-0.022998
11205,-1.517243,-3.218566
11206,1.758684,-0.966872
11207,-2.996715,-1.976533
11208,1.226432,0.730026
11209,-3.586377,-1.260098
11210,-1.243750,-1.711226
11211,0.151005,-1.044908
11212,-0.238901,-1.446404
11213,-1.603541,1.289656
11214,-4.487271,-1.420963
11215,-2.235109,1.235997
11216,1.600287,-0.065766
11217,-0.307127,-0.157605
11218,-0.915110,-1.428594
11219,0.118287,-0.545763
11220,-1.776770,-0.380526
11221,-0.245888,0.574859
11222,-0.100624,-0.964622
11223,0.500120,-0.061150
11224,-1.564167,0.168407
11225,1.091268,-0.837915
11226,-1.380604,-0.586533
11227,0.874079,-0.653300
11228,0.396255,2.118746
11229,-0.435964,1.124660
11230,-2.213836,1.035688
11231,-1.085938,-0.464606
11232,-0.798179,-0.479684
11233,0.893624,0.336527
11234,-1.459817,-0.603698
11235,-3.082781,-1.460843
11236,0.084710,-0.882674
11237,-1.236938,0.100239
11238,1.330081,-0.084113
11239,1.799367,-0.612212
11240,0.062242,-0.549585
11241,0.751459,-0.123221
11242,-0.989491,0.655887
11243,-2.163909,-0.211779
11244,-0.086636,2.023881
11245,0.230280,-0.300113
11246,-2.339765,-0.021764
11247,0.410743,-0.477530
11248,-1.492929,1.099722
11249,-0.608622,-0.827843
11250,2.064392,-0.643538
11251,-4.055870,-5.631092
11252,0.376001,-0.196803
11253,1.015163,-0.293911
11254,1.299686,-0.239177
11255,0.898481,0.609016
11256,0.739753,-1.537740
11257,1.203941,0.491264
11258,1.187437,-0.408766
11259,2.250223,-0.179925
11260,1.559954,-0.503512
11261,-0.381600,-1.256509
11262,1.531130,0.448620
11263,-2.370000,-0.576222
11264,0.066598,-0.405452
11265,2.038229,-0.075853
11266,1.800935,-1.660960
11267,-0.658328,-0.194305
11268,0.282617,0.010135
11269,0.113168,1.739197
11270,0.813927,-1.125163
11271,0.629981,-0.762526
11272,1.411278,0.076810
11273,0.399974,-0.754541
11274,-5.862245,-4.909740
11275,-2.605387,-2.097638
11276,-1.179232,-0.231207
11277,0.368853,-1.038190
11278,1.697110,-0.891790
11279,-2.249790,3.004535
11280,1.500181,-0.205883
11281,1.269909,-0.646921
11282,-0.028363,-0.567741
11283,1.320321,-0.689510
11284,0.896445,-0.487860
11285,2.759920,-1.290379
11286,1.427039,-0.360126
11287,-0.458130,-0.899331
11288,-1.332911,1.312350
11289,0.458783,2.769216
11290,-0.839622,2.770545
11291,1.100723,-0.385128
11292,0.094126,0.412209
11293,-1.043440,-1.185635
11294,1.418291,-0.592182
11295,-2.439608,1.436336
11296,0.995497,-0.209716
11297,1.300800,-0.789377
11298,-0.322304,0.329215
11299,1.654561,-0.126889
11300,-0.839139,-1.171263
11301,0.341633,0.071760
11302,-3.511898,-2.399127
11303,1.581705,-0.644070
11304,0.572864,-0.982217
11305,1.115505,-1.157131
11306,-0.441473,-1.555728
11307,2.654633,-0.784272
11308,-3.276473,-1.447401
11309,0.679226,-0.490337
11310,0.889942,-1.068845
11311,0.874415,-0.447427
11312,-2.130245,-0.196651
11313,0.957997,-0.984683
11314,2.896806,-0.846759
11315,2.191225,-1.205774
11316,3.302378,-0.892766
11317,2.508110,-0.310071
11318,0.858349,-1.486601
11319,2.682599,0.164602
11320,2.684042,-0.974593
11321,3.024697,-1.194471
11322,-2.625475,1.019506
11323,0.473141,-0.136342
11324,0.496707,0.200668
11325,0.673583,-0.868779
11326,1.916781,-0.563451
11327,0.254964,1.129190
11328,-0.725730,0.864880
11329,-1.399641,1.648722
11330,-0.998897,-0.680685
11331,0.357620,-0.275151
11332,-3.181344,0.379567
11333,1.064260,-0.233304
11334,1.688566,-0.707782
11335,-0.447117,-0.957437
11336,0.277118,1.983677
11337,-0.346140,0.875522
11338,0.645457,1.042776
11339,1.565635,-0.482939
11340,-0.356641,0.110676
11341,2.307428,-0.235584
11342,1.047230,1.086261
11343,0.916090,-0.118195
11344,-4.962926,-3.303539
11345,-0.084793,0.077959
11346,-2.195344,0.885201
11347,-1.810711,-1.430535
11348,-0.857218,2.698336
11349,1.412379,0.010366
11350,-0.464118,-0.941372
11351,1.338432,-1.398432
11352,1.749992,-1.133095
11353,2.018266,-1.023719
11354,1.705145,-0.810954
11355,1.961939,-0.815076
11356,0.606120,0.522490
11357,-2.372236,-0.707782
11358,-1.103996,-0.116769
11359,1.734949,0.390406
11360,-0.163167,-0.346706
11361,-0.299721,1.543480
11362,1.523013,-0.602450
11363,-0.211987,1.182623
11364,-1.213502,0.974109
11365,-1.570410,1.428034
11366,0.930519,0.086717
11367,-0.866690,-0.181427
11368,1.339052,-1.631170
11369,1.053739,0.763444
11370,-0.227199,0.017319
11371,-1.901261,-0.139831
11372,0.907574,-0.817677
11373,0.530851,-0.078403
11374,-1.136682,1.527013
11375,0.761549,0.288653
11376,-2.059460,-0.261598
11377,2.132236,-0.707432
11378,1.400131,1.029416
11379,1.252930,-0.781927
11380,0.858405,-0.621653
11381,0.958518,-0.236491
11382,-0.683524,-0.357188
11383,2.007903,-0.643009
11384,1.487109,-1.218008
11385,-0.065044,0.207128
11386,-0.489598,1.517313
11387,-0.253421,0.886977
11388,0.156056,-1.132724
11389,-0.378477,-0.115591
11390,0.563033,-0.441347
11391,1.965353,-0.437155
11392,0.035196,-0.702640
11393,-0.643040,0.442211
11394,-0.066879,0.015948
11395,-1.962534,3.906486
11396,-2.431370,-1.011044
11397,-0.209524,0.248465
11398,-0.024544,-1.047747
11399,0.322745,1.942965
11400,-2.305880,-0.712385
11401,0.497842,-0.563411
11402,1.731024,-1.461599
11403,-0.929339,-0.709515
11404,-0.276062,-1.399734
11405,-0.623464,1.447307
11406,-0.103738,-0.862360
11407,-2.692708,-0.906085
11408,-3.252066,-3.680376
11409,-0.351811,-0.834671
11410,-4.223594,-3.025580
11411,-2.406307,-2.540018
11412,-2.343122,-2.420197
11413,-1.060705,-2.265130
11414,0.490604,1.527352
11415,0.383268,0.525231
11416,-3.803735,-4.345091
11417,3.365514,-1.080114
11418,-4.044815,-0.531185
11419,-4.245383,-1.935358
11420,-0.597731,-0.403463
11421,0.899791,-0.285728
11422,1.043837,2.522369
11423,0.454490,-0.907598
11424,-2.089214,0.606300
11425,0.365301,-0.485519
11426,-0.376293,-1.580699
11427,0.237050,-1.014813
11428,0.865687,0.563962
11429,-2.414130,4.039891
11430,0.146364,-0.165379
11431,2.566046,-1.244926
11432,-1.471273,-1.523762
11433,0.204988,0.119048
11434,-0.131522,0.960807
11435,0.621296,-0.714754
11436,0.068024,0.626042
11437,1.534723,-0.161825
11438,0.675308,-0.118774
11439,0.577144,0.702479
11440,1.525540,-0.788282
11441,0.711364,0.363657
11442,2.914909,-0.870213
11443,-0.717458,0.290910
11444,0.096277,-0.390249
11445,1.497211,-0.830506
11446,0.386987,0.033808
11447,-2.498758,-1.170864
11448,0.841998,-0.938203
11449,-0.143006,-0.281555
11450,0.505305,-0.083398
11451,0.912999,0.105187
11452,-0.511914,-0.135747
11453,-0.375393,-0.277957
11454,0.674799,-0.626112
11455,-0.872008,0.257480
11456,-1.688537,1.070042
11457,-1.063681,-1.199069
11458,1.505438,1.636482
11459,-1.036387,-0.309226
11460,0.129544,0.987311
11461,-1.609624,0.790099
11462,0.936151,0.229467
11463,-2.123790,-0.684350
11464,-4.107415,-1.798665
11465,1.075254,-0.240807
11466,0.528649,-0.836931
11467,0.490902,-0.468210
11468,0.910644,0.346048
11469,1.703320,0.200267
11470,2.031879,-1.112627
11471,1.299058,-0.938811
11472,1.406203,-0.156099
11473,-0.663864,-0.564866
11474,-0.600151,-1.691426
11475,0.455322,0.604591
11476,-1.203203,0.676669
11477,-1.888614,-0.191420
11478,-2.266867,3.373606
11479,-0.352749,-1.641384
11480,-3.110896,1.131835
11481,-0.246154,-1.473706
11482,0.550545,-0.878093
11483,0.463740,-1.797054
11484,0.092450,-1.884660
11485,-0.173041,0.121687
11486,-0.256706,1.469534
11487,0.241656,-0.595933
11488,0.727892,-0.932359
11489,-1.529150,-0.924586
11490,1.942664,-0.876374
11491,-1.197905,3.566954
11492,-1.641413,2.121500
11493,0.212640,0.159743
11494,-0.255534,-2.204964
11495,1.311106,-0.251243
11496,-1.236695,0.488204
11497,0.111895,2.679426
11498,0.932270,0.415394
11499,-0.201488,-1.527455
11500,1.310655,0.694886
11501,-1.942206,1.189248
11502,0.475687,0.235885
11503,-0.934216,2.309110
11504,1.362447,0.160164
11505,1.535485,-0.426190
11506,0.437599,-1.111671
11507,2.932821,-0.935611
11508,0.139946,-1.374666
11509,-0.031222,1.487404
11510,0.277060,0.152375
11511,0.384687,-0.263786
11512,-3.503118,-0.167361
11513,0.152893,1.277371
11514,-0.032918,-1.816884
11515,-1.885699,0.642039
11516,-0.923705,-2.416208
11517,1.993460,-0.848192
11518,-1.089970,2.898410
11519,0.852665,0.768520
11520,-1.463701,-0.677203
11521,-2.637653,-3.255082
11522,-4.246929,-2.093319
11523,-2.933043,-1.478317
11524,-4.217308,-0.311325
11525,-0.636170,-2.282894
11526,-2.825827,-3.678668
11527,-2.782533,0.147833
11528,0.594784,0.025547
11529,-1.381736,1.716264
11530,-0.020019,0.859026
11531,1.604155,-0.371077
11532,1.744039,-0.545434
11533,3.365514,-1.080114
11534,-0.469676,0.236736
11535,0.487174,1.847271
11536,-0.603634,-0.457194
11537,-2.292760,1.594715
11538,-2.064259,-2.344794
11539,1.158788,0.745918
11540,-0.093108,0.028106
11541,0.338408,-0.335647
11542,0.404074,-1.613734
11543,-1.686380,0.899771
11544,-0.873767,0.044185
11545,0.221382,-1.282194
11546,-0.934096,3.415277
11547,-1.019397,1.726106
11548,-1.278751,-0.626337
11549,0.668420,-0.217063
11550,2.040606,-0.140063
11551,0.221742,0.698866
11552,0.402526,-0.013734
11553,-1.044743,-0.714262
11554,0.054635,-0.241942
11555,0.648892,0.776214
11556,-1.220500,1.191936
11557,-2.050166,-0.088184
11558,1.817089,0.197064
11559,1.321713,1.990312
11560,1.257121,0.347034
11561,0.882757,-0.789304
11562,1.429156,-0.592975
11563,1.053589,-0.914446
11564,1.876768,0.020961
11565,1.192173,-0.346119
11566,0.884216,0.123736
11567,1.035929,-0.360877
11568,-1.208061,0.487197
11569,-0.767680,-1.144673
11570,2.191645,-0.027147
11571,-0.091928,0.304735
11572,-0.860383,0.483497
11573,0.448856,1.556866
11574,0.766686,0.791819
11575,-0.595154,0.192269
11576,0.748684,0.778913
11577,1.142464,-0.073130
11578,2.623194,-0.946037
11579,1.375702,-1.780626
11580,1.886996,0.069084
11581,2.113832,0.378182
11582,-1.029937,-0.206441
11583,0.781803,0.230673
11584,0.863909,0.276281
11585,0.893110,1.928345
11586,-0.462677,-0.148759
11587,1.809735,0.757670
11588,1.377424,0.984093
11589,0.111846,-0.446769
11590,1.658005,-0.553925
11591,-0.214688,-0.609510
11592,2.063003,0.031673
11593,-0.335879,1.026576
11594,1.471390,-0.810692
11595,-1.229401,0.929382
11596,-0.983620,1.764806
11597,0.439772,1.869769
11598,0.928249,-1.101809
11599,-0.685368,-1.908590
11600,-0.317294,0.114176
11601,0.571319,-1.069654
11602,0.202004,1.714959
11603,-0.741625,-1.898739
11604,-1.212203,-1.066125
11605,-0.037122,1.950783
11606,-2.393284,-2.003333
11607,0.060396,1.709293
11608,0.085319,1.029237
11609,-2.404469,-2.399563
11610,-0.561140,-0.801256
11611,0.817055,-0.757226
11612,1.602467,-1.316874
11613,1.584563,-1.200820
11614,1.159985,0.809213
11615,0.659086,-1.210643
11616,0.872843,-0.516783
11617,0.802530,-1.555975
11618,0.274567,0.106474
11619,1.298062,-0.250924
11620,-1.130448,2.977577
11621,-2.894880,-3.595652
11622,-0.805881,-1.114258
11623,1.319972,0.646790
11624,0.751053,-0.679407
11625,-1.989289,-1.910542
11626,-0.605906,-1.050863
11627,-1.667117,0.470282
11628,-0.581476,-0.010904
11629,-1.547564,1.321513
11630,-0.442292,-1.534422
11631,-4.177048,2.548899
11632,0.568850,0.114274
11633,1.008462,-0.595226
11634,0.625355,1.212516
11635,0.631444,1.148148
11636,0.135915,3.201510
11637,1.075710,-0.665747
11638,0.234952,-0.212540
11639,-1.226209,-0.924763
11640,-1.427330,0.801147
11641,1.756450,0.664800
11642,0.762548,0.464747
11643,0.613557,-0.134091
11644,0.338100,1.604239
11645,-2.679844,2.203382
11646,-1.937355,0.733788
11647,-2.251293,0.986285
11648,-0.200612,-0.513367
11649,-0.063813,0.582115
11650,0.884356,-0.119773
11651,-1.707067,0.401177
11652,2.560177,0.973921
11653,-3.253315,-0.891897
11654,1.155794,2.291779
11655,1.089204,1.978429
11656,-1.924423,0.509230
11657,-0.122099,1.007996
11658,-0.512542,1.006778
11659,1.312036,2.299688
11660,-2.032719,1.582716
11661,-0.715195,-1.057821
11662,0.805927,4.388674
11663,1.474919,3.654149
11664,1.208869,-0.081991
11665,-0.215773,0.438599
11666,0.417613,0.027746
11667,1.598208,-0.210605
11668,-0.655828,2.196427
11669,0.559371,-0.814206
11670,0.386094,0.246557
11671,1.000287,0.666955
11672,-4.177048,2.548899
11673,0.797672,0.865629
11674,-0.477514,0.652793
11675,-0.940861,-0.255903
11676,1.583700,-0.207809
11677,-2.228582,-0.978382
11678,-1.595399,1.300650
11679,-1.683773,0.690297
11680,-1.311004,1.057051
11681,0.634252,2.014258
11682,1.562726,-0.869876
11683,-0.463745,-0.689943
11684,1.007897,0.836114
11685,-0.067520,0.117768
11686,0.559703,-0.074234
11687,0.265441,-1.093571
11688,2.678717,-0.754704
11689,1.276027,0.280753
11690,0.494926,-0.372794
11691,1.078701,-0.644074
11692,1.794132,-0.582641
11693,2.030337,-0.475042
11694,1.100958,-0.259745
11695,1.812989,0.203029
11696,-0.472108,-1.227791
11697,0.066074,-0.804529
11698,-1.470210,-0.332440
11699,3.071909,-0.208873
11700,0.640759,-0.075921
11701,1.113022,1.105005
11702,1.249108,0.184499
11703,-0.253476,-0.294822
11704,-1.379299,0.220793
11705,1.115859,-0.769440
11706,-0.332207,-0.355032
11707,-2.798839,-2.431712
11708,0.138872,-0.007838
11709,1.363945,-0.988568
11710,1.796632,-0.130537
11711,-1.146710,-0.035351
11712,2.744973,0.550990
11713,1.514903,0.008362
11714,-2.431048,-0.131193
11715,-0.316969,0.875098
11716,-1.132643,2.010929
11717,-0.107918,-0.018649
11718,1.570195,0.763071
11719,-0.312236,0.803337
11720,-0.065976,-0.733931
11721,-0.746212,1.299346
11722,-1.653892,0.508775
11723,0.410396,-0.725346
11724,2.002969,0.389130
11725,0.892188,0.025497
11726,-1.266471,1.299706
11727,-2.345141,1.195004
11728,1.254570,0.557726
11729,-0.913270,-0.577294
11730,-0.657864,-0.109942
11731,-2.070634,-0.777861
11732,-3.104689,0.350505
11733,-0.722548,-0.272934
11734,0.662480,-0.188414
11735,2.487700,-0.274043
11736,0.003349,0.727180
11737,2.513976,-0.433546
11738,1.667446,-0.867939
11739,-0.421848,2.590016
11740,-0.651360,2.247996
11741,1.984028,-0.401425
11742,2.523520,0.405672
11743,2.867913,0.004817
11744,-1.569094,-0.409302
11745,2.440520,0.062298
11746,-0.071689,2.050099
11747,-0.565240,-0.390812
11748,0.895619,-0.678970
11749,1.601806,0.516780
11750,-0.558716,0.389115
11751,0.758763,-0.021391
11752,-1.360934,-0.784594
11753,0.650138,0.683831
11754,0.216160,0.163674
11755,0.654942,1.484025
11756,1.038902,-0.653599
11757,0.025999,-1.076932
11758,0.275971,2.440676
11759,1.066328,0.179349
11760,-0.361736,-1.019959
11761,-0.525386,-0.001288
11762,-0.526555,-0.782588
11763,-0.482528,1.131682
11764,-1.334248,0.101198
11765,-1.209945,0.055438
11766,0.910190,-0.886744
11767,-3.179014,-0.719646
11768,-3.466006,0.038792
11769,0.690893,-0.375158
11770,0.127778,-0.028970
11771,-1.658913,-0.911280
11772,0.819898,-0.291994
11773,0.105763,0.660930
11774,2.103175,-0.444428
11775,0.737496,-0.858778
11776,0.975039,0.062252
11777,-0.142605,1.262799
11778,-1.065595,0.338885
11779,0.771751,-2.247848
11780,0.892356,-0.269689
11781,2.823260,-0.198585
11782,2.254767,-1.653491
11783,-0.258078,-0.097525
11784,1.211479,-0.233206
11785,0.143913,-0.384008
11786,-0.030736,-0.014818
11787,-2.051072,-0.594611
11788,1.556281,-1.471281
11789,0.501149,-1.180696
11790,-0.491411,-1.338295
11791,1.856330,-0.597660
11792,-0.446718,-1.595098
11793,1.153857,-1.224135
11794,1.850853,-1.013589
11795,2.319374,-0.945140
11796,2.153591,0.093183
11797,0.940311,-1.665609
11798,1.161619,0.298511
11799,0.291518,-1.053649
11800,1.381717,-0.243592
11801,-1.069950,3.930911
11802,1.576166,0.135656
11803,0.313755,-0.640921
11804,-0.784783,-0.944667
11805,1.072920,-0.467621
11806,-0.112907,-2.343521
11807,-0.241073,-1.533758
11808,1.613323,-0.944896
11809,-0.905970,-0.448507
11810,-0.384836,-1.364269
11811,0.720217,-1.632722
11812,1.786056,0.827603
11813,0.983305,-0.674420
11814,1.227617,-0.171571
11815,-1.003117,0.382780
11816,-0.198111,-2.013055
11817,-0.354941,-0.618909
11818,0.097235,-0.514110
11819,0.424716,-0.590363
11820,-1.273558,-0.046677
11821,1.490994,-0.562499
11822,-2.004415,-1.899545
11823,-0.637582,0.028557
11824,-0.481729,-0.822119
11825,0.188075,0.605215
11826,0.395183,-1.171452
11827,-1.251958,-0.856358
11828,-0.314850,-0.918275
11829,-0.998171,-0.932592
11830,2.574412,-0.885249
11831,0.654178,-0.828903
11832,0.900584,-0.648655
11833,-0.294957,3.266878
11834,0.449769,0.066010
11835,0.417620,-0.889239
11836,0.278224,-0.370679
11837,1.285657,0.930185
11838,-0.948448,0.099383
11839,-2.571231,1.381986
11840,-0.811640,0.959465
11841,-1.667397,2.014597
11842,-2.037224,0.917571
11843,-0.186949,5.166724
11844,0.901192,0.647716
11845,1.585443,0.130711
11846,0.173397,1.658250
11847,1.169537,0.124637
11848,1.056025,0.938712
11849,0.255356,2.882445
11850,1.284156,0.019668
11851,2.761317,-1.443022
11852,-0.703855,-0.098709
11853,0.811895,2.828362
11854,-0.858878,0.573340
11855,1.447365,0.247941
11856,-0.568279,1.965719
11857,-0.772441,-0.222762
11858,1.130348,-0.855159
11859,-0.034851,-0.518736
11860,1.319937,-0.045277
11861,1.583214,-0.724945
11862,2.071312,0.403038
11863,0.820897,0.068166
11864,0.989800,-0.394621
11865,1.943924,-0.159952
11866,0.099276,1.215680
11867,-0.438867,-0.482112
11868,1.468573,0.617666
11869,-1.535888,1.594180
11870,0.780861,0.703659
11871,1.539345,1.137997
11872,0.762853,-0.946968
11873,0.344959,3.304021
11874,0.982364,-0.878159
11875,1.384331,-0.720845
11876,-0.067396,-1.009129
11877,2.126840,-0.555052
11878,1.316320,0.160470
11879,1.279951,-0.559627
11880,1.213470,-1.007795
11881,0.873133,-0.237585
11882,1.613227,-0.785191
11883,2.035008,0.011064
11884,1.432201,-0.529413
11885,1.131753,0.770284
11886,1.026705,-0.570523
11887,2.207122,-0.163457
11888,0.195760,-0.826520
11889,-2.228120,-2.531728
11890,-1.893297,0.462295
11891,0.036488,-0.761262
11892,1.414889,-1.616974
11893,0.077603,-0.191770
11894,-2.648666,-0.982348
11895,-0.119474,-1.789296
11896,0.461912,0.007250
11897,2.020680,1.111371
11898,0.662935,1.000092
11899,1.578838,0.273928
11900,1.074815,0.629207
11901,-1.417407,-1.266463
11902,-0.502262,-1.575158
11903,0.071610,-0.611210
11904,-3.693549,-1.361495
11905,-1.268522,-1.135805
11906,-0.195610,-1.670267
11907,0.204426,0.353302
11908,-2.419715,-0.113308
11909,-1.962832,-2.816280
11910,-1.414419,0.338432
11911,0.470589,-0.954658
11912,-2.016823,-2.890721
11913,0.804532,-1.313283
11914,1.066980,-0.990233
11915,-0.174276,-1.560741
11916,1.398591,0.127663
11917,-0.715663,0.909937
11918,2.628211,-1.014990
11919,1.264968,0.091102
11920,0.412964,0.071312
11921,2.573046,-0.910202
11922,0.681615,0.385607
11923,0.784016,0.463345
11924,2.599772,-1.055910
11925,1.899806,-0.449003
11926,-0.068241,-1.839912
11927,0.785835,0.486694
11928,1.822487,-1.456687
11929,-3.582074,-0.406240
11930,-1.045456,-0.307760
11931,-0.113582,0.094158
11932,0.631386,0.193186
11933,0.625164,-0.130996
11934,-0.114182,-0.921549
11935,-0.917844,0.528228
11936,1.894591,-0.802031
11937,1.640847,-0.908890
11938,0.017154,-1.144188
11939,-0.541170,-1.188020
11940,-0.037718,-1.813227
11941,0.169376,-1.942702
11942,-0.389273,-0.904928
11943,-0.642105,-1.999575
11944,-1.829862,0.776521
11945,-0.137781,0.868345
11946,-0.047429,1.310421
11947,-0.770842,1.156573
11948,-0.132160,-0.777284
11949,2.218541,-0.476607
11950,-0.611543,-0.021811
11951,-1.109218,0.721837
11952,-2.444010,0.047944
11953,1.480293,-0.790206
11954,-1.147990,0.254060
11955,0.882750,0.192802
11956,-0.130920,0.190811
11957,1.943405,0.151716
11958,1.088628,-0.053818
11959,-0.282755,-0.158623
11960,1.729214,-0.148422
11961,1.328396,-0.625630
11962,-1.770268,0.836016
11963,-0.289199,0.453428
11964,-1.622493,-0.643611
11965,-0.535784,-0.443883
11966,1.044916,-1.016509
11967,0.395072,0.174097
11968,-0.628966,-0.489266
11969,1.682349,-0.554520
11970,1.584748,-0.460301
11971,1.102676,0.394671
11972,2.170317,-0.279119
11973,2.111787,-0.638914
11974,-1.988784,-0.773714
11975,-0.121301,0.573642
11976,0.257978,-0.150496
11977,-0.587400,1.154765
11978,-0.595686,1.546113
11979,-1.175394,-1.809091
11980,1.085127,3.446958
11981,-1.179224,1.784788
11982,0.844930,2.562796
11983,-1.671933,2.117670
11984,-0.152652,2.350703
11985,0.373857,0.107795
11986,0.623240,0.861641
11987,-1.693649,1.587681
11988,-0.719591,1.134486
11989,-1.356975,1.110242
11990,0.158385,1.325151
11991,0.230727,0.992436
11992,1.275980,1.640132
11993,0.960209,1.511175
11994,0.210150,1.366605
11995,0.718263,0.395412
11996,-0.704110,2.098705
11997,0.810803,0.574345
11998,-0.970897,-0.311526
11999,-0.685527,0.191945
12000,1.628948,1.098554
12001,1.957227,0.291688
12002,0.489736,1.154549
12003,2.742067,-0.102104
12004,1.244422,0.025355
12005,-0.281653,2.188225
12006,1.727386,-0.409065
12007,1.052194,-0.221456
12008,1.954301,-0.401126
12009,-0.494961,1.749388
12010,-2.461520,1.917952
12011,0.801668,0.908638
12012,2.531752,0.647626
12013,1.286724,4.768921
12014,0.704004,0.031637
12015,0.715209,1.830341
12016,0.569384,-0.047030
12017,0.556417,2.838310
12018,1.231370,0.510095
12019,1.572186,1.827513
12020,-0.955103,3.035671
12021,-0.081290,1.550237
12022,1.404660,1.710675
12023,2.176569,1.140192
12024,0.209885,1.854158
12025,0.363960,2.184764
12026,0.312367,1.635049
12027,1.246195,5.208737
12028,1.106269,2.490910
12029,0.318800,0.126468
12030,0.649146,-0.168087
12031,1.426586,3.523904
12032,-0.298892,1.155291
12033,0.892557,-0.320821
12034,0.234172,-0.962278
12035,1.354284,-1.142517
12036,1.051526,0.091675
12037,-0.247917,0.735781
12038,0.121671,1.110881
12039,-0.165396,0.409848
12040,0.504972,0.187710
12041,1.452958,0.545282
12042,1.640007,-0.338466
12043,-0.269687,1.594454
12044,-1.945747,1.054387
12045,-2.097765,-1.024441
12046,1.336179,-0.357363
12047,0.367842,-0.709444
12048,1.974543,0.134165
12049,0.913507,-0.399565
12050,1.172342,0.172404
12051,1.035089,-0.348217
12052,1.227684,-0.630159
12053,0.736764,1.481415
12054,-1.658426,0.984726
12055,-0.258647,0.826459
12056,0.264468,2.755401
12057,-1.671777,1.957748
12058,-1.248927,0.028370
12059,-1.417206,2.072040
12060,-1.555696,-0.086065
12061,-0.767585,0.126846
12062,-2.328933,-1.293684
12063,-0.818203,1.162869
12064,-1.748631,1.920949
12065,1.313676,0.151875
12066,0.671254,0.204187
12067,0.526724,0.595605
12068,-1.919632,0.472660
12069,1.999334,-0.829663
12070,-0.527605,2.613916
12071,1.346396,-0.360716
12072,1.754016,0.032207
12073,1.090422,0.402787
12074,0.271988,-0.959399
12075,0.945020,-0.465698
12076,1.337186,-0.072093
12077,0.233328,0.481471
12078,-2.723611,0.470577
12079,0.578844,-0.165748
12080,-1.390122,-0.429007
12081,-0.085275,0.379720
12082,-1.426533,1.696476
12083,0.461392,0.835198
12084,1.705904,-0.209982
12085,-0.890964,-0.869578
12086,1.280699,-0.477050
12087,-0.142290,0.133238
12088,-1.151346,0.066783
12089,-1.118525,0.151129
12090,-1.471656,-0.649235
12091,0.128528,-0.075003
12092,2.044042,-0.461013
12093,-1.429910,0.360192
12094,0.598409,-0.491003
12095,0.283859,0.827920
12096,0.981023,-0.704422
12097,1.851758,-0.592017
12098,1.163341,-0.469302
12099,1.957905,-0.582781
12100,2.080865,0.101841
12101,1.565127,-1.170857
12102,2.004661,-0.908912
12103,1.466202,-0.539531
12104,1.250343,-1.230243
12105,1.075919,0.593064
12106,1.156610,-1.568751
12107,-1.719238,-2.010237
12108,-0.123865,1.016081
12109,-1.940537,-0.502878
12110,0.720970,-0.761786
12111,0.555025,-0.563958
12112,-1.838559,-0.567457
12113,-1.698897,-0.294601
12114,-0.654085,-1.447334
12115,0.693735,-0.313164
12116,-1.723222,0.262375
12117,0.671411,-1.080624
12118,1.065267,-0.663408
12119,1.431659,0.647993
12120,1.074888,0.395717
12121,0.716072,-0.964581
12122,0.707577,-0.159604
12123,1.361418,-0.595689
12124,0.524123,-0.783784
12125,1.322427,0.577899
12126,-0.045520,0.445767
12127,-0.170686,-0.910884
12128,-0.555881,-0.562632
12129,2.402316,-1.226549
12130,0.779825,-0.951738
12131,1.190310,-0.371351
12132,-0.042462,-0.426999
12133,0.315963,-0.141711
12134,-1.327596,-1.390315
12135,0.616608,0.738621
12136,-0.060491,-1.192852
12137,-0.226964,0.959375
12138,1.281528,-0.159397
12139,1.005533,-0.249788
12140,-0.960736,0.232469
12141,-0.362871,-0.455377
12142,1.122052,-0.506938
12143,-0.359139,-1.065207
12144,1.557351,-0.122151
12145,0.587585,-0.746137
12146,-0.800034,1.146100
12147,-1.803767,-1.172421
12148,1.320940,-0.382700
12149,0.993376,-0.528170
12150,-0.682272,-0.444439
12151,-1.189937,1.556803
12152,-0.191374,0.377470
12153,0.153848,-0.410981
12154,-0.990706,-0.202479
12155,-1.043325,0.696317
12156,-2.501802,0.665225
12157,-0.307592,1.034337
12158,-2.155645,-1.289856
12159,0.743037,0.353954
12160,0.110075,0.298518
12161,1.166025,-0.871934
12162,1.746289,0.002115
12163,0.145626,-0.253620
12164,-0.055775,0.366226
12165,0.677117,0.648980
12166,-0.465434,-0.646056
12167,-1.619414,-0.557858
12168,-0.585723,-1.526087
12169,0.438206,0.655376
12170,-1.487910,-0.686896
12171,-1.413720,-0.470141
12172,-2.416096,-0.731292
12173,-0.433600,-1.096145
12174,-4.849237,-2.586547
12175,-0.122787,-1.975640
12176,-1.540247,2.806224
12177,0.120074,-1.259688
12178,-1.620667,-0.419788
12179,-0.317543,-1.361372
12180,1.335955,-0.919020
12181,0.026359,0.739855
12182,-1.807757,0.219566
12183,0.332369,-0.945067
12184,1.540958,-1.092499
12185,0.852107,-1.132547
12186,-0.733714,-1.266190
12187,0.455915,-0.803269
12188,0.787196,-0.764563
12189,-1.254250,-0.694392
12190,-2.053906,-0.590274
12191,0.289212,-1.522257
12192,-2.279168,-1.198505
12193,0.096653,-1.265207
12194,-0.424932,-1.228067
12195,0.910718,-1.387339
12196,1.629988,-0.560386
12197,2.015164,-0.356637
12198,-1.066717,2.703335
12199,-1.184279,-0.942447
12200,0.025386,-0.810733
12201,-0.101024,1.454064
12202,-0.477800,-1.072567
12203,0.220981,0.074805
12204,-1.235313,-1.174771
12205,1.715803,-0.670241
12206,2.049739,-0.102228
12207,-3.703834,-1.247584
12208,0.319943,-1.523238
12209,-0.925855,-1.378465
12210,-2.674912,1.321169
12211,0.353103,-0.467846
12212,-0.926693,-0.718921
12213,-1.890301,-1.153208
12214,-1.056078,-0.373162
12215,-0.315891,-0.346970
12216,0.031385,-1.913261
12217,-0.427989,-1.734821
12218,-2.831204,-3.050919
12219,-2.805678,-0.686286
12220,-3.064096,-2.391349
12221,-2.775694,-1.793771
12222,0.880514,-0.747366
12223,-0.091885,-1.248616
12224,-0.822768,-0.676672
12225,-2.536165,-1.727568
12226,-0.931441,-1.744524
12227,-1.457939,-0.968286
12228,0.361057,-0.108466
12229,-0.174706,-1.641230
12230,1.023184,-0.180410
12231,-0.874003,-0.300256
12232,-1.015444,0.085035
12233,0.824372,-0.395045
12234,-2.433689,-1.430958
12235,-0.644187,0.284559
12236,-0.635136,-0.093312
12237,-1.376121,-0.143398
12238,-0.375783,0.139000
12239,-0.820417,0.485345
12240,-1.632589,0.671932
12241,0.377885,2.406920
12242,0.505079,0.804333
12243,-0.138842,0.446029
12244,-0.493352,-0.351797
12245,1.627764,-0.197766
12246,0.244690,-0.525784
12247,-0.862270,-0.189723
12248,-2.368666,1.381360
12249,-3.709738,-0.442360
12250,-0.228543,-1.221526
12251,-0.853784,0.409676
12252,-0.650648,-1.194602
12253,0.528540,0.179190
12254,0.993307,-1.143435
12255,0.331972,-1.100585
12256,1.514942,-1.317139
12257,-0.045708,-0.579450
12258,-2.704630,-0.061312
12259,0.250779,-0.938055
12260,-0.347198,-0.374232
12261,-2.909897,-0.673319
12262,-0.800231,0.750531
12263,-2.815635,-0.597349
12264,-1.815701,0.301873
12265,-0.599177,0.213175
12266,-1.995557,-1.842143
12267,0.631246,-0.580522
12268,-0.705949,-0.879317
12269,0.839843,0.251288
12270,-4.178558,0.889018
12271,1.291999,-0.683318
12272,-0.555325,-2.113298
12273,-0.555126,0.100441
12274,0.411408,-0.859062
12275,0.313603,0.649426
12276,-0.112431,0.398789
12277,-1.152812,0.233269
12278,1.509279,-1.677118
12279,-2.592529,-1.347243
12280,-1.698982,-3.188827
12281,1.073165,5.722184
12282,-1.083051,-0.067743
12283,0.563789,-0.577491
12284,-0.991646,0.124779
12285,-2.996880,0.834077
12286,-0.875775,-2.104586
12287,-1.881489,0.096845
12288,-4.571688,-2.652812
12289,0.357791,-1.806410
12290,-1.542285,-1.852519
12291,-2.057655,-0.634811
12292,-1.607861,-1.770903
12293,-1.513721,-2.339014
12294,0.008933,-0.533705
12295,-2.579871,-2.593235
12296,0.932071,-1.308039
12297,-0.339739,-1.050828
12298,-0.188560,-0.552082
12299,2.194704,-0.940475
12300,-2.693431,0.472570
12301,-0.945838,-2.481916
12302,0.297628,-1.686237
12303,-2.393118,1.213450
12304,-2.131523,0.613696
12305,-1.462159,0.810267
12306,-2.092056,-1.764726
12307,-1.967489,-1.464773
12308,-0.357598,1.527080
12309,-0.940313,0.141840
12310,-1.369091,-1.510830
12311,-1.362872,-1.045556
12312,-0.865300,0.243443
12313,0.711163,-1.156386
12314,-0.462741,0.085526
12315,-1.335084,-1.404380
12316,1.328413,-0.350557
12317,-0.914674,3.462338
12318,1.834076,-0.984008
12319,-1.581971,0.356623
12320,-0.552240,0.519821
12321,1.632884,-0.988509
12322,-1.788737,-1.691432
12323,-1.433915,-1.066557
12324,-3.211851,0.261507
12325,-2.517681,-0.193168
12326,-0.230544,1.555333
12327,-0.596047,-0.828747
12328,-0.920252,-1.520861
12329,0.729865,-1.274767
12330,-0.483127,-0.948322
12331,-1.084227,0.005018
12332,-1.171194,0.417353
12333,-0.868072,-0.488899
12334,-1.381130,-1.512421
12335,-0.411401,-0.891310
12336,-1.350125,-0.980932
12337,-1.025041,-0.759125
12338,-0.097777,-0.431283
12339,-0.430101,-0.029172
12340,0.968272,-0.510849
12341,0.725460,1.653964
12342,-1.255013,0.944055
12343,1.579918,-0.443099
12344,0.222038,0.708675
12345,-0.057432,-0.276407
12346,0.670656,0.041119
12347,0.624097,-0.763794
12348,-0.372096,-0.301100
12349,1.067993,-0.848201
12350,1.765406,-0.491699
12351,-0.352498,-1.184156
12352,-0.986977,-0.383188
12353,-1.496165,-0.320874
12354,-0.830570,-0.615797
12355,0.266739,0.011395
12356,0.998101,0.487523
12357,0.240554,0.298895
12358,-1.297459,0.499105
12359,-1.528837,1.354149
12360,0.389916,-0.913639
12361,0.758185,-0.170317
12362,-0.338549,0.359234
12363,-0.692001,0.399807
12364,-1.769363,-0.542017
12365,-0.381558,-0.431211
12366,0.359017,-0.474590
12367,-1.322933,-0.385079
12368,-1.071679,1.253297
12369,-1.233118,-0.989294
12370,-0.616769,-0.330708
12371,-0.408362,1.110347
12372,-0.830636,-0.473522
12373,0.554483,0.597684
12374,0.520809,0.641789
12375,-0.410313,-0.387920
12376,1.139303,-0.065872
12377,1.304571,-0.421203
12378,0.080199,0.278218
12379,-0.303775,1.060825
12380,0.724062,-0.416332
12381,1.282452,1.918106
12382,-0.837333,-0.223770
12383,-1.366783,0.763406
12384,1.431945,-0.123408
12385,0.442610,0.684257
12386,-0.429316,1.006159
12387,-0.153327,1.094992
12388,-0.622173,0.455126
12389,-1.029866,0.089297
12390,-0.055805,-1.033584
12391,1.151863,-0.557294
12392,-0.786150,-0.083370
12393,0.548801,-0.085550
12394,-0.154336,0.576674
12395,-2.169617,-0.037001
12396,-0.946140,0.468353
12397,1.244098,-0.310295
12398,-0.829798,-0.946812
12399,0.856926,-0.570586
12400,0.755171,0.481781
12401,0.746827,-0.098801
12402,-0.681624,0.571386
12403,-0.568500,0.718827
12404,-0.345116,-0.389641
12405,0.341073,0.011717
12406,-0.105454,-0.101890
12407,0.406790,-1.206570
12408,0.719688,0.580400
12409,-0.614164,0.259756
12410,0.829870,-0.469716
12411,0.581052,-0.880471
12412,-0.377237,-1.007567
12413,0.877744,-0.293628
12414,-0.430876,-0.678192
12415,-0.850379,0.135228
12416,-1.699802,-1.767660
12417,0.247238,0.679982
12418,-2.098970,-0.228429
12419,0.197032,0.168247
12420,0.433482,-0.258090
12421,-0.948827,0.658619
12422,-2.204371,0.437705
12423,1.420103,-0.080852
12424,-1.326566,0.866215
12425,1.184339,-0.379091
12426,0.061997,-0.366544
12427,1.141463,0.397151
12428,0.691594,-0.863590
12429,0.907864,-0.766688
12430,-0.867310,-0.009124
12431,-0.833556,1.204041
12432,-0.608834,-0.629203
12433,-0.318663,0.586958
12434,0.732406,-0.293176
12435,1.711573,-0.076085
12436,-1.707905,0.824743
12437,0.447924,-0.129777
12438,1.017240,-0.435778
12439,-1.093669,0.271161
12440,0.016238,-0.145710
12441,-0.819205,0.693237
12442,0.354476,-0.755245
12443,-1.135828,-0.854053
12444,0.533606,-0.968349
12445,-0.168044,-0.470753
12446,1.002438,-1.315131
12447,-0.699238,-0.455412
12448,-0.740418,-1.692269
12449,-0.878923,-0.910076
12450,-0.216065,-0.668624
12451,-2.276543,0.892519
12452,-0.060078,0.044471
12453,0.182963,-0.586294
12454,-0.015762,-0.373192
12455,-0.931584,0.292138
12456,0.098358,0.960376
12457,0.213540,1.002520
12458,0.680144,-0.492937
12459,-0.756010,1.724072
12460,-1.061831,-1.133991
12461,-0.614032,1.694305
12462,1.523266,0.008086
12463,-0.028674,0.549798
12464,0.358395,-0.672551
12465,-2.292371,2.108901
12466,-0.498165,0.101909
12467,-0.072705,2.314577
12468,-1.755368,2.654632
12469,0.219733,-0.302478
12470,-3.306373,0.440216
12471,0.456686,-0.217236
12472,-1.439413,2.346146
12473,-0.860381,0.143810
12474,0.866585,0.818673
12475,-0.283593,-0.354515
12476,0.759247,0.950116
12477,-0.977966,0.518579
12478,0.236843,0.118762
12479,-0.970342,2.558581
12480,1.472864,0.672774
12481,-0.223875,0.882827
12482,1.953997,-0.325760
12483,2.228173,0.296658
12484,1.573710,0.217984
12485,1.140514,1.255276
12486,-0.145988,0.775679
12487,0.781524,0.259855
12488,0.644772,1.868298
12489,1.216581,0.115049
12490,1.128642,-0.204732
12491,1.836178,0.056645
12492,-2.769736,1.362122
12493,1.823438,-0.137732
12494,0.499981,1.256665
12495,-0.470484,2.250430
12496,1.409632,0.654588
12497,0.398130,-1.219070
12498,-0.355938,0.293575
12499,0.303246,0.899937
12500,1.098611,0.345928
12501,2.604897,-1.341356
12502,-0.432810,-0.570303
12503,1.616844,-0.145951
12504,-0.123273,-0.294060
12505,1.332402,-0.331162
12506,-2.195069,1.550685
12507,-2.498945,0.330896
12508,-1.316195,0.658723
12509,-0.033658,0.229420
12510,1.166068,-0.105253
12511,1.247870,-0.799231
12512,-2.702332,1.377901
12513,0.068600,-0.445462
12514,2.008924,0.303261
12515,0.297705,0.333448
12516,-2.336083,-2.283626
12517,0.036607,0.842555
12518,2.023141,0.084165
12519,1.202306,-0.378517
12520,-0.565969,0.401216
12521,-0.218961,-0.485692
12522,-1.378829,-1.224663
12523,0.199873,-0.416306
12524,-0.827390,0.274323
12525,1.858490,0.636800
12526,-2.935690,1.851024
12527,-3.878521,-1.945363
12528,-1.729727,-0.875129
12529,1.261238,-0.052309
12530,0.654133,-0.882095
12531,1.543437,-0.708025
12532,0.960383,0.078012
12533,0.703318,0.873895
12534,-0.030662,-1.137142
12535,0.248863,-0.473404
12536,0.362969,1.134034
12537,-1.919765,-1.067846
12538,-0.868433,0.594005
12539,-1.919334,0.009689
12540,-1.508501,-0.647194
12541,0.053864,0.472809
12542,-1.374313,-1.347071
12543,-1.527365,-0.049490
12544,0.870828,-1.198611
12545,-1.374443,0.381359
12546,0.049415,0.085561
12547,0.549471,0.112850
12548,-1.345277,0.060283
12549,-0.035512,-1.284017
12550,0.324559,-0.747139
12551,1.758401,3.688820
12552,-0.117311,-0.510401
12553,-1.436959,0.797147
12554,-1.054371,0.456865
12555,1.387416,-0.707969
12556,-3.486918,0.543606
12557,1.720337,-0.141491
12558,1.470460,0.435538
12559,-1.168192,-2.316783
12560,1.648171,-0.226778
12561,-0.280027,-0.166713
12562,0.132108,0.371266
12563,2.359242,-0.369181
12564,0.021384,0.127722
12565,-0.208530,-0.629383
12566,-0.074580,0.146776
12567,-1.034488,-1.266882
12568,-1.008972,-1.166232
12569,0.810457,0.055799
12570,0.921077,0.701315
12571,1.226736,-0.177535
12572,2.218444,-0.839476
12573,1.065501,-0.739833
12574,0.175385,2.015624
12575,-0.513612,-0.441596
12576,-1.480766,2.262372
12577,-0.780195,-0.167319
12578,0.215736,0.777552
12579,1.285750,0.487482
12580,-0.848113,0.005934
12581,0.285854,0.650024
12582,1.015417,1.032796
12583,-0.739050,0.882023
12584,1.012263,0.014230
12585,0.856845,0.316479
12586,1.678199,0.668123
12587,-0.422338,2.272986
12588,-1.164685,0.906548
12589,-0.079457,-1.219849
12590,1.432024,1.088245
12591,1.509208,0.002864
12592,1.454110,-0.613753
12593,-1.197232,-0.341045
12594,-0.540682,-3.022429
12595,1.541187,0.635850
12596,-1.452732,0.659267
12597,1.085781,-1.758141
12598,1.140500,0.333951
12599,1.665363,0.792336
12600,1.293133,-0.113897
12601,0.288000,0.127208
12602,0.150472,1.218721
12603,-3.247787,-2.125957
12604,0.984286,1.544317
12605,-0.422052,1.136454
12606,1.098667,1.459197
12607,0.027006,-0.048494
12608,1.569769,0.651161
12609,0.675642,0.727664
12610,-0.628582,1.235979
12611,1.225284,-0.514230
12612,1.735465,-0.414565
12613,-0.296474,-1.099540
12614,1.772655,0.094249
12615,0.904600,0.533224
12616,1.000492,-0.135175
12617,0.195549,0.113664
12618,-2.148092,0.793617
12619,0.941677,-0.250285
12620,-0.018687,-1.580094
12621,0.281469,-0.615875
12622,-1.146929,2.365679
12623,-0.984773,1.746822
12624,0.229751,-0.501954
12625,1.621644,-0.203783
12626,-0.265712,-0.500044
12627,-1.644798,0.890781
12628,0.887920,1.871971
12629,1.413467,-0.171771
12630,-1.447840,0.965722
12631,-0.755672,0.246683
12632,-0.404749,1.497659
12633,-0.047253,-0.108747
12634,-0.508551,-0.213222
12635,-0.247917,0.735781
12636,0.597926,0.403295
12637,1.132188,0.642831
12638,1.646411,-0.082750
12639,0.773865,1.102720
12640,0.990405,-0.470081
12641,1.967421,0.086361
12642,0.244496,0.671416
12643,-0.690630,3.121765
12644,1.847937,0.745284
12645,1.228399,-0.648174
12646,-2.670374,-2.345245
12647,0.060470,-1.219986
12648,-0.201282,-0.490602
12649,-1.172353,0.162308
12650,-0.061593,1.004105
12651,0.798882,-0.744229
12652,0.807570,4.843813
12653,1.079334,1.201784
12654,0.320317,-0.747387
12655,-0.566361,-0.293333
12656,1.168450,-0.907292
12657,-0.378124,0.342562
12658,-0.561456,-0.078041
12659,-0.315268,2.843572
12660,0.240831,1.436956
12661,-3.121852,0.388388
12662,-0.180803,0.979857
12663,-1.655879,-0.623897
12664,-0.837401,1.581134
12665,-0.398873,-1.507551
12666,0.337114,0.479182
12667,-0.624991,-0.448649
12668,0.958249,-0.368859
12669,1.474439,-0.268694
12670,-0.239456,-0.254958
12671,0.875695,-1.116427
12672,0.177988,0.159390
12673,0.273090,-1.007911
12674,0.471631,-1.647348
12675,-2.344328,-0.874660
12676,-1.047370,1.036197
12677,-2.930591,-0.213085
12678,0.026038,-0.878332
12679,-3.118251,-1.099367
12680,-0.919534,0.675884
12681,-1.018411,0.859867
12682,-0.259495,0.922555
12683,-1.502868,0.685274
12684,-1.116809,2.496747
12685,1.807692,-0.539229
12686,-0.679065,-0.450504
12687,-0.814175,0.297666
12688,0.003052,0.623453
12689,-0.570090,-0.453387
12690,-0.383515,2.424917
12691,1.731952,-0.605539
12692,0.190928,-0.305043
12693,-2.266650,0.370094
12694,0.961252,-0.950843
12695,0.128894,-1.155937
12696,1.423630,0.184961
12697,0.169931,1.572440
12698,0.458545,-1.179681
12699,-0.698395,0.647305
12700,-1.751062,1.199518
12701,1.738011,-1.469777
12702,0.761294,-1.204213
12703,-0.873516,4.730890
12704,-1.065985,0.598807
12705,0.701365,2.063313
12706,1.434917,-0.548198
12707,-0.844693,-0.137128
12708,0.853309,-1.452213
12709,0.937910,2.710333
12710,0.972306,-0.425734
12711,1.675214,-0.170990
12712,1.942080,-0.581246
12713,1.420426,1.224459
12714,-2.462745,0.930538
12715,-0.044139,0.301494
12716,0.018826,0.860405
12717,1.200435,-0.325198
12718,-0.033412,0.126781
12719,1.078111,-0.176591
12720,0.499013,0.085683
12721,-1.022092,0.439730
12722,0.937894,0.992173
12723,0.115566,0.724251
12724,2.856153,0.186393
12725,-0.560286,0.418510
12726,-0.195094,0.339910
12727,1.764732,-0.677050
12728,0.528332,-0.041039
12729,-1.369094,2.850744
12730,-1.553457,1.165317
12731,-2.425143,0.383246
12732,-3.421196,-0.718794
12733,-1.057076,1.720769
12734,1.654425,-0.111521
12735,-1.341780,-0.793662
12736,-1.245124,-1.085706
12737,1.735046,-0.578531
12738,-2.041024,2.331530
12739,1.236720,-0.264727
12740,-2.492100,-0.329462
12741,0.834291,1.542697
12742,1.174567,-0.938007
12743,0.682928,0.557320
12744,1.098164,0.471243
12745,-0.853370,0.034906
12746,1.893562,-0.122084
12747,1.884785,-0.191677
12748,0.405731,0.837766
12749,1.429389,0.123995
12750,0.781770,-0.985010
12751,1.266870,-1.157101
12752,-2.100867,-0.590089
12753,0.471144,-0.929313
12754,0.787579,0.026237
12755,-1.428059,1.107218
12756,0.256673,-1.053859
12757,-0.937777,0.177498
12758,-0.840977,0.190168
12759,0.363257,2.007345
12760,0.897778,-0.581743
12761,0.027013,-1.246604
12762,0.136346,1.450297
12763,0.536445,-1.019315
12764,0.721856,-0.924219
12765,0.290113,1.176605
12766,0.060627,-0.131156
12767,2.084729,-1.008642
12768,-0.342829,-0.648893
12769,0.470854,1.605202
12770,1.214889,-0.262894
12771,-0.075655,-0.453340
12772,-0.900321,0.314862
12773,0.805978,-0.161581
12774,1.317770,-0.462135
12775,0.734791,-0.786734
12776,-1.888803,0.207596
12777,0.861460,-0.072822
12778,-0.415926,0.497159
12779,0.601438,0.036573
12780,0.035293,1.073599
12781,0.673212,-0.016832
12782,0.638377,-0.198065
12783,-2.208500,1.384874
12784,-1.530842,-1.163828
12785,0.400699,-0.294559
12786,1.984836,0.750620
12787,0.353005,-0.043597
12788,0.863708,0.965507
12789,-0.370894,-0.290535
12790,0.310196,-0.050570
12791,-0.742959,1.118655
12792,0.111553,-0.586635
12793,-0.260249,-0.644125
12794,1.077663,-0.490565
12795,-2.268039,-1.333870
12796,-1.333912,-0.158886
12797,1.257938,-0.921107
12798,-0.351252,-0.842704
12799,1.724390,-1.021205
12800,0.952910,-0.734054
12801,1.766671,-0.398143
12802,0.331108,-0.192308
12803,1.162765,-0.427108
12804,1.000602,-0.188865
12805,0.105014,1.650185
12806,1.369815,-0.974276
12807,-1.053204,-1.277934
12808,0.466400,-0.401182
12809,0.602300,1.137372
12810,1.115110,-0.654614
12811,-0.514353,-0.427468
12812,0.083848,0.240077
12813,-0.313128,-0.055767
12814,0.731210,-0.508184
12815,-0.129443,-1.274212
12816,1.896224,-0.259847
12817,1.671251,0.855105
12818,1.158414,3.973175
12819,-1.754733,1.423182
12820,0.420550,2.270751
12821,-1.190226,2.845756
12822,0.065754,4.735509
12823,1.874653,0.883789
12824,-1.256018,1.969799
12825,0.789542,5.293052
12826,0.350638,-0.117372
12827,1.790392,1.112904
12828,-1.264481,0.626824
12829,-0.554869,0.133344
12830,0.924921,1.654204
12831,-0.314863,-0.426866
12832,0.313248,1.704246
12833,0.356767,1.645049
12834,1.885855,1.326290
12835,0.498012,-0.313585
12836,1.291068,0.757090
12837,0.964109,-0.671341
12838,1.716619,0.365516
12839,-0.365180,-0.757147
12840,0.873746,-0.445721
12841,-0.760818,5.244373
12842,1.741414,2.025464
12843,0.363722,0.447241
12844,1.049265,1.408976
12845,-0.372696,-0.139366
12846,0.557721,3.368176
12847,0.764072,0.105792
12848,1.498635,1.602622
12849,1.547686,0.514390
12850,0.179435,-0.612927
12851,1.384401,-0.142768
12852,0.986448,2.562933
12853,0.559293,-0.648943
12854,-0.046252,1.151148
12855,1.155616,0.886320
12856,0.252279,0.729832
12857,-0.373711,-0.410028
12858,0.073014,-0.292346
12859,0.859796,1.748273
12860,1.026774,4.800316
12861,0.525658,0.881953
12862,0.205457,0.851260
12863,0.193186,1.063101
12864,-2.489089,0.656728
12865,1.332447,2.391645
12866,1.150148,-0.027813
12867,1.007158,1.332712
12868,0.200155,0.081880
12869,0.332670,0.371937
12870,1.101338,1.420020
12871,-0.741204,0.838561
12872,-0.602693,1.362661
12873,0.176525,1.906738
12874,0.824099,2.567022
12875,0.046019,2.285677
12876,1.988668,2.131649
12877,1.661797,1.866916
12878,0.492888,0.651809
12879,0.643961,-0.486881
12880,-1.269364,-0.307689
12881,0.752089,0.427914
12882,0.330358,3.759629
12883,-0.248121,0.840757
12884,0.658980,0.623176
12885,-1.304311,0.481275
12886,-0.762398,1.472138
12887,1.122637,0.906524
12888,1.090451,-0.704711
12889,2.883621,0.308739
12890,1.784466,-0.421102
12891,-2.416721,2.435728
12892,0.254981,1.105939
12893,-0.668607,0.495546
12894,0.558116,2.052391
12895,-0.648222,0.259668
12896,-0.286131,1.981914
12897,-0.233973,1.561279
12898,0.013513,2.482664
12899,1.145298,0.045234
12900,1.326259,0.339757
12901,1.266088,0.375716
12902,1.199684,-0.543879
12903,-0.909864,2.138763
12904,1.109122,2.321973
12905,-0.557299,2.156923
12906,0.912335,0.549801
12907,-1.101527,1.242177
12908,1.575113,1.944207
12909,-0.823726,1.134342
12910,0.743735,1.899362
12911,1.078195,1.553529
12912,-0.338137,3.581768
12913,-1.495148,0.425494
12914,-1.926986,2.215713
12915,-2.322437,-0.633343
12916,-2.152382,1.907744
12917,0.730715,1.459972
12918,1.756140,0.727591
12919,0.566557,1.035793
12920,0.600608,-0.219568
12921,-0.928397,1.599871
12922,0.665687,0.890324
12923,0.224174,2.344322
12924,0.656389,0.969826
12925,1.420346,1.038141
12926,1.013035,-0.161739
12927,0.916968,-0.210892
12928,0.470177,0.811113
12929,0.792269,2.154042
12930,1.165226,2.679192
12931,0.029009,2.146120
12932,-2.521844,1.329261
12933,1.165608,-0.304599
12934,1.363784,1.193647
12935,1.038927,3.723488
12936,0.874475,3.374440
12937,0.686191,2.199600
12938,0.225350,3.376617
12939,-2.194514,1.801771
12940,-0.666820,0.845287
12941,-1.442582,1.799127
12942,1.336209,0.906501
12943,-0.085273,0.390193
12944,-0.684213,3.548653
12945,-1.079359,3.748576
12946,-2.432570,0.704110
12947,0.191092,1.309878
12948,0.460117,0.721196
12949,0.786778,0.722731
12950,-0.351063,0.355522
12951,-1.599991,1.393804
12952,0.294299,1.519468
12953,-0.320791,-0.163661
12954,1.257167,-0.169234
12955,1.096988,1.399651
12956,1.632431,0.783552
12957,0.752743,-0.188850
12958,-1.804700,0.129471
12959,0.634771,1.260113
12960,0.376132,1.050302
12961,-0.982322,0.416417
12962,1.134171,2.188095
12963,-0.060101,1.202738
12964,-0.561011,0.695715
12965,0.609302,1.982226
12966,0.864577,0.652351
12967,1.730262,1.066300
12968,1.906744,1.800365
12969,1.209303,-0.317934
12970,-1.685868,1.459093
12971,0.972157,1.334064
12972,-0.633643,1.370563
12973,-0.731202,1.201360
12974,1.576360,1.163627
12975,-0.299153,0.844922
12976,1.223228,0.987158
12977,-0.768772,-1.398235
12978,-0.295955,0.230002
12979,2.010162,1.307038
12980,0.313078,1.151815
12981,1.051270,-0.386140
12982,-0.634816,0.943542
12983,-0.905115,0.532680
12984,-0.355644,1.570442
12985,0.000395,0.917573
12986,1.996211,0.787338
12987,-1.246786,0.301143
12988,-0.615131,2.737169
12989,-0.535263,0.111674
12990,1.340466,1.376823
12991,-0.117124,0.540859
12992,-2.354674,0.416225
12993,1.858023,1.309979
12994,0.636455,2.301269
12995,-0.902421,1.293202
12996,0.485492,3.557779
12997,1.051474,0.114966
12998,0.579553,2.548435
12999,1.338320,1.491660
13000,0.257362,3.121538
13001,0.479344,1.439536
13002,0.144189,1.084553
13003,0.020855,1.775972
13004,1.200223,2.159836
13005,1.112326,1.970417
13006,2.585515,0.293063
13007,1.251317,1.261379
13008,-4.177048,2.548899
13009,-0.343006,1.681436
13010,-1.627085,0.869793
13011,-0.283616,0.655277
13012,-0.598284,2.004426
13013,-2.254768,1.538605
13014,-0.804159,1.304649
13015,-1.537537,1.320609
13016,-0.066805,0.431567
13017,0.350261,0.640011
13018,-1.094948,0.945282
13019,-0.802784,1.668916
13020,-2.564960,0.660261
13021,0.344361,0.157521
13022,0.049181,0.658740
13023,1.448206,1.692981
13024,-0.429330,0.883113
13025,0.738684,1.479058
13026,0.689073,0.038894
13027,1.381593,-1.060841
13028,-0.763063,2.847138
13029,-1.083698,1.947723
13030,2.946557,-0.445384
13031,-1.820650,0.405701
13032,-0.117686,0.349398
13033,2.324941,0.510979
13034,-0.174175,0.633944
13035,-1.066812,1.020041
13036,-0.061980,2.924912
13037,0.530147,0.854771
13038,-0.090886,2.322323
13039,-1.285343,0.253273
13040,1.658967,0.184646
13041,-0.187909,0.358596
13042,-1.022024,-0.825483
13043,-2.214526,1.008204
13044,0.230716,1.841268
13045,2.885207,-1.388051
13046,2.973054,-0.671245
13047,-0.101227,0.219428
13048,0.310363,-1.754883
13049,1.436027,-0.776291
13050,-0.869984,-0.441759
13051,-0.031051,-0.440802
13052,1.617176,0.754271
13053,1.313638,-0.292112
13054,1.203172,-0.058070
13055,0.929711,0.546817
13056,0.985929,0.441916
13057,0.769234,2.540376
13058,2.821429,0.239149
13059,0.946091,2.304406
13060,0.098548,3.968181
13061,1.424502,-0.027439
13062,-0.920879,0.368311
13063,2.326024,-0.678622
13064,1.703668,1.383793
13065,1.965314,-1.222194
13066,0.695682,-0.539992
13067,0.269776,0.870158
13068,1.671625,0.537402
13069,-0.853340,1.104298
13070,1.254723,1.323349
13071,-0.947156,0.362760
13072,0.980058,0.294969
13073,-1.595472,-1.051334
13074,-0.658952,1.398736
13075,1.692514,-0.231000
13076,0.596475,1.185467
13077,0.827749,-0.835270
13078,-1.838500,-0.711250
13079,-0.907325,0.479161
13080,0.649454,-1.353237
13081,0.761044,0.093651
13082,-0.728219,-0.296760
13083,0.565909,-0.162935
13084,1.710327,-0.185550
13085,0.131543,-0.590010
13086,0.994648,-0.239684
13087,0.590460,-0.670617
13088,3.171597,-0.504687
13089,-0.244918,-1.086074
13090,-2.014754,1.248231
13091,-1.526173,-0.557478
13092,-2.656831,-2.191329
13093,0.422129,-0.135503
13094,-2.067744,1.176749
13095,-0.735156,1.531601
13096,-2.370018,0.924273
13097,1.163799,0.292516
13098,-1.135442,0.024083
13099,-0.593361,0.990567
13100,1.881118,-0.245548
13101,2.722072,-0.646567
13102,0.620198,1.584613
13103,-2.928515,2.476910
13104,-1.363047,0.218720
13105,-1.222493,-0.690464
13106,0.852760,0.262433
13107,-1.870703,-0.383034
13108,0.152155,-0.218071
13109,-0.714388,-0.888732
13110,0.813748,0.241508
13111,1.208997,-1.312552
13112,-0.969710,-0.094464
13113,-1.217884,0.212674
13114,-1.833626,-1.671713
13115,0.744820,-0.325205
13116,-0.532234,0.226372
13117,-1.688562,-0.232469
13118,1.986402,0.630769
13119,-0.901037,0.500435
13120,0.575109,0.383528
13121,0.659370,1.088054
13122,1.787471,-0.455288
13123,-0.844053,0.692896
13124,2.417415,-0.373594
13125,-0.046055,3.035051
13126,2.020119,-0.741616
13127,1.219566,0.484307
13128,0.014801,2.779735
13129,-1.364509,2.048240
13130,-0.610811,0.567478
13131,-0.289541,0.501548
13132,1.133575,-0.717906
13133,-0.104151,0.396393
13134,2.147350,-0.138686
13135,1.433040,0.449141
13136,1.216300,0.752902
13137,1.428257,-0.334799
13138,1.826222,-0.173880
13139,-0.790951,1.387702
13140,1.644139,-0.147039
13141,2.528931,-0.935511
13142,1.011272,0.165813
13143,-1.660446,1.413801
13144,-0.124412,0.587537
13145,-1.173213,1.641267
13146,0.511307,0.631694
13147,-2.447361,0.187042
13148,-3.299519,1.587330
13149,1.203790,-1.724983
13150,0.830613,-1.531813
13151,3.365514,-1.080114
13152,1.093886,-1.313299
13153,-0.424249,0.248367
13154,-0.921567,3.935415
13155,0.297133,0.341130
13156,-1.531063,-0.702640
13157,0.054317,0.836840
13158,-0.077883,1.784419
13159,1.292971,-0.668195
13160,-0.236425,0.472692
13161,1.540696,0.224837
13162,2.020366,-0.761693
13163,0.992021,0.858874
13164,2.047945,-0.341710
13165,-2.473883,0.475732
13166,-0.084015,3.317161
13167,-1.282510,0.427478
13168,-0.338202,-0.527269
13169,-0.213931,0.689717
13170,1.388026,1.029675
13171,-1.955013,0.968021
13172,0.890257,-0.116217
13173,0.325447,0.192201
13174,-1.181841,-1.786426
13175,-1.528087,1.316710
13176,-3.061063,2.381014
13177,-1.318408,0.032193
13178,-0.551958,-0.888626
13179,1.491180,0.257203
13180,1.153623,-1.378963
13181,-0.890164,0.302616
13182,1.853311,0.801022
13183,1.488556,-0.832733
13184,-0.465817,0.320830
13185,-0.124900,-1.062710
13186,-0.515666,1.177465
13187,0.147718,-0.844620
13188,-0.399957,-0.358707
13189,-0.762215,-0.099944
13190,0.255194,-0.050424
13191,0.341114,-0.624825
13192,0.799320,-0.601170
13193,1.786984,-0.463116
13194,1.519277,-0.584766
13195,1.110661,1.528955
13196,0.198286,-0.123016
13197,2.024422,-0.585878
13198,0.668299,-0.653490
13199,1.461353,0.459884
13200,0.624484,-0.267739
13201,-0.392348,0.077150
13202,0.909026,0.469014
13203,-0.432126,-1.501052
13204,-0.256641,-1.460669
13205,-1.409940,-1.577245
13206,-0.538811,-0.959437
13207,1.169943,2.941035
13208,0.627308,0.650213
13209,-0.028326,0.595313
13210,-1.691866,1.694785
13211,0.894324,-0.394899
13212,-2.086514,3.199439
13213,0.924106,-1.445368
13214,1.038092,-0.759054
13215,1.023841,-0.153653
13216,-3.192739,-1.039944
13217,1.078993,-0.188047
13218,1.422946,-0.346777
13219,0.921099,0.096918
13220,0.418508,-0.084246
13221,2.077773,0.380394
13222,1.792934,0.461691
13223,2.278221,-0.465268
13224,1.552970,-1.137399
13225,-2.085478,1.802948
13226,1.361758,-1.391237
13227,1.021737,-1.598227
13228,0.658490,-0.299833
13229,-0.585310,-1.475946
13230,-5.090108,-4.416454
13231,-2.740553,-2.310978
13232,0.041115,-0.947251
13233,1.612718,-0.254615
13234,-1.040716,-2.584492
13235,-1.906426,-1.158705
13236,-0.862530,-2.937308
13237,-1.507473,-0.721536
13238,-0.170365,-1.558018
13239,0.895076,-0.238927
13240,-0.114753,-0.370938
13241,2.380433,-0.691697
13242,-1.216621,-0.994497
13243,1.399861,-0.348196
13244,-0.048932,2.832152
13245,1.520922,-1.423348
13246,1.182292,-1.143127
13247,1.041129,-1.056101
13248,1.984531,-1.397276
13249,1.018785,-1.619140
13250,0.583961,-1.771464
13251,0.102970,-0.368684
13252,-0.056682,-1.237859
13253,-2.843428,-1.083315
13254,-1.234280,-0.382085
13255,-3.960878,-0.617454
13256,0.436531,-1.702186
13257,-0.719560,-1.293634
13258,0.865687,-1.939623
13259,-1.443477,0.293553
13260,-1.598581,-1.424047
13261,0.971101,-1.031203
13262,1.753459,-0.893431
13263,-2.470198,2.545482
13264,-2.515466,-2.252225
13265,-0.077945,-0.677204
13266,-2.215928,-2.464068
13267,-0.416902,0.547185
13268,-2.825215,-0.583607
13269,-1.304802,0.779219
13270,-1.296639,2.986649
13271,0.209035,0.456999
13272,-0.143226,0.771248
13273,-0.903567,1.108081
13274,1.613442,-1.004320
13275,-3.538840,0.096147
13276,-1.006537,-0.829566
13277,0.259188,-0.661014
13278,0.093876,-0.025186
13279,0.283352,1.614001
13280,-1.031298,-1.355945
13281,1.245640,-0.849873
13282,1.283826,-0.881978
13283,-0.161732,1.173232
13284,0.418585,0.170921
13285,-1.982429,-0.155487
13286,0.960773,-0.102188
13287,-0.151384,0.806012
13288,-0.191099,1.040711
13289,-2.934506,1.264909
13290,-2.637829,1.471780
13291,-1.263799,-0.208621
13292,-1.633533,0.951013
13293,-0.625307,-0.406208
13294,-0.566804,0.629226
13295,-0.064507,0.178566
13296,-0.448595,0.702371
13297,-0.048758,-0.100474
13298,0.521204,-0.207767
13299,-0.109011,-0.607904
13300,-2.705679,-0.787306
13301,-0.380688,-0.187636
13302,-0.121201,0.045485
13303,-1.815125,-0.844738
13304,-0.775860,-0.054100
13305,-0.208180,0.871073
13306,1.363726,-0.242855
13307,1.330122,-0.061545
13308,-2.246607,-0.297159
13309,-1.929429,-0.375999
13310,-0.559894,2.976910
13311,1.209156,-0.093026
13312,-1.327863,-1.434601
13313,-2.318942,0.909312
13314,-2.468095,-0.648381
13315,-0.396888,-0.216984
13316,0.581323,-0.358232
13317,0.440905,-1.047887
13318,0.325439,0.299084
13319,-0.242785,-0.923692
13320,0.339818,1.116133
13321,-0.569039,0.384143
13322,-1.976605,-2.237551
13323,-2.492572,-0.112745
13324,0.808793,-0.568048
13325,0.295126,1.008409
13326,1.186315,0.708995
13327,-1.234467,-0.332811
13328,0.082867,-0.310694
13329,1.430208,0.221023
13330,1.998444,-0.811202
13331,0.490571,1.431632
13332,0.754211,-0.935456
13333,-0.610273,-1.021137
13334,1.526725,1.193601
13335,0.982466,2.228313
13336,1.006893,0.062200
13337,-0.399419,-0.586928
13338,-1.736025,-2.343721
13339,-0.275414,-0.225893
13340,-0.333986,0.996318
13341,-1.244129,0.212153
13342,-2.088123,0.094658
13343,1.372250,-0.426932
13344,-1.304446,-0.258617
13345,-0.968930,-1.888918
13346,-0.401770,-0.273240
13347,-0.120792,-1.594893
13348,-0.410960,-0.444128
13349,-0.501697,-0.977946
13350,-0.718284,-1.817763
13351,1.697790,-0.515613
13352,-0.256464,0.353602
13353,-2.120220,0.089295
13354,0.978236,1.191632
13355,-4.007212,-0.983911
13356,0.111486,1.464340
13357,0.882787,0.241700
13358,1.854651,0.162994
13359,-2.138457,-0.041878
13360,-0.512500,0.101689
13361,-0.074502,-0.029438
13362,-1.604381,1.294247
13363,-0.459054,0.360873
13364,-0.311594,0.280715
13365,-0.281750,2.325714
13366,-2.297997,2.237893
13367,-1.634114,-0.522420
13368,0.493036,0.751397
13369,2.319103,-0.554568
13370,1.232640,-0.245118
13371,-0.682935,-2.647547
13372,1.521829,-0.129459
13373,1.228266,-0.310566
13374,0.650976,-0.380985
13375,1.041967,-0.572832
13376,1.321629,-1.335309
13377,-0.777200,-0.011902
13378,0.966394,0.435242
13379,-0.441697,0.020249
13380,-2.252872,1.760749
13381,-1.550796,-0.365874
13382,-2.355522,-1.077957
13383,0.104276,2.935261
13384,0.280470,0.128516
13385,0.146405,-0.157035
13386,-1.298204,1.299503
13387,-1.424996,3.323709
13388,-0.035607,0.315119
13389,1.328638,-0.104401
13390,1.498908,0.097070
13391,-1.847348,1.328579
13392,-5.380999,-5.035345
13393,-0.064911,1.046081
13394,0.868647,-0.001437
13395,0.882194,-0.418334
13396,-0.446546,0.381519
13397,2.025243,0.156298
13398,0.133855,-0.277654
13399,-0.077732,-0.111388
13400,1.283640,-0.384792
13401,0.139542,0.289099
13402,1.820753,0.070659
13403,0.070867,0.430749
13404,0.084359,-0.369872
13405,0.608389,-0.764699
13406,-3.089935,-1.347461
13407,2.225899,-1.337566
13408,-1.163525,-1.077640
13409,1.094960,-0.298279
13410,-0.423144,0.281929
13411,2.115102,-0.196829
13412,-2.498989,0.541655
13413,0.514644,0.522707
13414,-0.649692,-0.544206
13415,-3.545180,-0.268783
13416,-0.529918,-0.591788
13417,1.006673,-0.576395
13418,0.847522,-1.138346
13419,1.370336,-0.204604
13420,0.951880,-0.863957
13421,-3.190727,0.301477
13422,-4.847205,-2.213615
13423,-4.033604,-2.583744
13424,1.282916,-0.594570
13425,-0.912539,-0.768646
13426,-2.878384,0.059815
13427,-3.393458,-2.054486
13428,-2.995283,-1.669080
13429,-1.531096,-0.498993
13430,1.219659,0.429899
13431,-0.185657,-0.302243
13432,-2.214211,-2.390894
13433,-0.583700,-1.254482
13434,0.104224,-1.390998
13435,-0.074772,-1.026872
13436,-3.377013,-2.096734
13437,-0.758473,-0.043371
13438,-1.693840,-1.974294
13439,-1.976039,0.258404
13440,-2.254268,0.169010
13441,-1.586726,-1.992202
13442,-0.066225,-0.214927
13443,-0.806000,0.397936
13444,-0.167548,-0.313247
13445,-2.511123,0.656513
13446,0.806969,-0.053671
13447,1.175047,-0.815795
13448,1.044375,-0.233788
13449,-0.408644,1.038965
13450,0.432877,-0.829926
13451,0.511851,-0.336029
13452,-0.178479,0.690203
13453,0.138639,-0.935391
13454,-0.551880,-0.391728
13455,1.500237,-0.222401
13456,0.816184,0.730754
13457,1.263110,-1.257817
13458,0.746733,-0.894654
13459,-0.323725,0.131739
13460,2.147437,0.178492
13461,2.162068,0.271487
13462,-1.179574,-0.363144
13463,0.005522,-0.816333
13464,0.741291,-0.171468
13465,1.485135,0.082314
13466,-1.095703,-0.132456
13467,1.266472,-0.766346
13468,0.908175,-0.697805
13469,-0.400342,0.747519
13470,-0.795009,1.344235
13471,0.175679,-0.878570
13472,-0.591419,1.497677
13473,1.254679,-0.297160
13474,1.104823,-0.229897
13475,1.193029,-0.028574
13476,0.157284,-0.857717
13477,1.224160,0.920460
13478,1.318271,-0.607491
13479,1.562992,0.439607
13480,-1.717583,-1.099626
13481,1.117003,0.525854
13482,0.029085,1.062485
13483,0.087964,-0.228940
13484,0.732864,0.071858
13485,-1.070428,0.170480
13486,-1.360920,2.275968
13487,0.205953,-0.083663
13488,-0.029207,-1.208463
13489,1.674372,-0.546943
13490,-0.464697,1.681850
13491,1.659975,-0.774480
13492,1.415562,-0.514032
13493,1.227172,-0.944428
13494,-0.989987,0.836537
13495,0.763748,-0.833313
13496,0.293606,-0.651456
13497,0.932797,-0.240331
13498,1.520570,-0.492463
13499,1.067854,-0.690720
13500,1.336317,-0.164636
13501,0.393588,-0.048430
13502,-1.186366,-0.604445
13503,-1.625049,-0.556733
13504,1.839312,-0.132651
13505,1.346347,-0.465468
13506,0.686989,-0.000938
13507,1.323027,-0.803573
13508,1.036403,-0.667802
13509,1.766840,-0.379713
13510,1.070847,-0.424817
13511,-0.602425,-0.376958
13512,0.024532,-2.026927
13513,1.234228,-1.027874
13514,1.609743,-0.783884
13515,1.708159,0.412021
13516,0.725400,-0.722743
13517,1.721824,-0.377663
13518,0.029826,0.024987
13519,0.012427,-0.162583
13520,-1.320014,2.339182
13521,-1.320720,1.915065
13522,-0.066529,-0.547140
13523,-0.634382,0.962502
13524,0.569296,-0.372912
13525,0.736638,-1.078617
13526,1.128912,-0.889687
13527,0.308615,-0.358990
13528,-0.730374,1.916014
13529,1.264412,0.227985
13530,-0.723957,-0.303045
13531,0.078083,-0.321890
13532,1.531422,-0.114964
13533,0.115224,-1.013717
13534,-1.861926,-1.588727
13535,0.787205,-0.784175
13536,0.724261,-0.045112
13537,1.476605,-0.729802
13538,1.484374,-0.049277
13539,-1.882654,0.640562
13540,-1.706648,-1.699545
13541,-0.788567,-1.457967
13542,-0.140725,0.269805
13543,-1.646757,-0.420492
13544,-0.815072,1.217874
13545,1.450427,1.337224
13546,1.654397,-0.478672
13547,1.404434,-0.120359
13548,-0.042926,-0.280699
13549,-0.138673,-1.400246
13550,1.577140,-0.381910
13551,2.315945,-0.153122
13552,0.260289,-0.848328
13553,-0.276178,-1.530459
13554,3.137831,-1.215031
13555,-2.069504,-0.187600
13556,0.263963,-1.386073
13557,-0.449338,-1.732828
13558,-0.471252,-1.259207
13559,0.374981,-1.579007
13560,-2.466435,-1.510774
13561,1.231216,-1.663270
13562,-2.173664,0.478775
13563,-1.518496,-0.845332
13564,-1.054113,-1.327621
13565,1.225683,-2.094855
13566,1.942587,-0.931050
13567,0.659865,-0.830356
13568,0.617958,-1.331890
13569,-1.561512,-0.854030
13570,1.061396,-1.315007
13571,0.180401,-0.442406
13572,-0.420407,0.883431
13573,-0.846942,0.156127
13574,0.567408,-1.346181
13575,-1.378967,0.739405
13576,0.237493,-1.129767
13577,-3.655562,0.207186
13578,-1.493460,1.735120
13579,1.192447,-0.070680
13580,-0.786856,-1.790665
13581,0.270278,2.524931
13582,2.842864,0.470793
13583,2.208534,1.437849
13584,0.820707,1.678149
13585,-0.907247,0.907206
13586,-1.741907,1.694992
13587,2.699070,0.142570
13588,-0.642606,-0.640477
13589,-1.427126,0.928280
13590,1.875302,-0.326322
13591,1.114205,-0.172393
13592,-0.403048,0.354763
13593,-0.736808,0.825450
13594,-0.132888,1.433726
13595,-0.736898,-0.133586
13596,-0.740950,0.023111
13597,1.616903,0.639905
13598,0.756539,0.351216
13599,1.734926,0.159586
13600,0.896859,0.523509
13601,1.604015,1.175848
13602,2.446843,-0.067984
13603,0.586317,2.097387
13604,-0.423305,1.283115
13605,-0.051795,1.022950
13606,1.904166,-0.575276
13607,1.599335,-0.874156
13608,1.595252,-0.310335
13609,1.453404,1.017872
13610,-0.496348,1.169749
13611,-2.589317,1.364999
13612,1.675876,0.673811
13613,0.789463,-0.039494
13614,-0.581409,2.354353
13615,1.873686,0.217170
13616,1.559092,0.888606
13617,2.481933,0.296386
13618,-2.597173,-0.161152
13619,0.137976,-0.277303
13620,1.352334,-0.191120
13621,-0.642518,-0.550004
13622,-0.626712,-1.053740
13623,0.926052,-0.179462
13624,1.728927,-0.422855
13625,1.266354,1.854692
13626,0.208601,-0.609321
13627,-1.931529,1.091834
13628,0.558853,0.783325
13629,1.376704,0.775134
13630,2.274372,-0.228264
13631,2.193997,0.413990
13632,1.170397,-0.088054
13633,1.787417,-0.408249
13634,-0.801901,-2.244242
13635,2.357168,-0.158028
13636,1.112939,-0.695509
13637,2.812191,-0.843988
13638,-0.597745,-0.431107
13639,-1.104343,0.205831
13640,0.820063,-0.445173
13641,0.000289,-0.324441
13642,0.711442,-0.976886
13643,1.065839,-0.575550
13644,2.652725,-1.053254
13645,1.817318,-1.367703
13646,1.217506,0.473251
13647,2.617789,-0.576123
13648,0.608858,-0.397620
13649,-0.580836,-0.638733
13650,-2.278453,1.651181
13651,0.334154,-0.108647
13652,1.252230,0.184012
13653,-0.586352,0.780791
13654,1.629756,-0.721546
13655,-0.417886,0.031604
13656,1.775887,0.515600
13657,1.768496,-0.639728
13658,2.168567,-0.493914
13659,1.687679,-0.559754
13660,0.093350,1.826625
13661,0.532199,0.521372
13662,0.640396,-0.848108
13663,-0.076526,0.165591
13664,0.257789,-1.220547
13665,0.011811,0.021477
13666,-0.557368,0.843097
13667,1.929607,-0.366624
13668,2.362267,-0.388546
13669,0.289814,0.111094
13670,2.549860,-0.894921
13671,-0.135866,-0.840731
13672,2.026937,-1.053063
13673,0.303374,0.149651
13674,0.563335,-0.216681
13675,-1.375189,0.383597
13676,-1.746295,0.429715
13677,-1.384164,-1.553000
13678,0.115339,0.586595
13679,1.498715,1.276780
13680,0.033503,0.256989
13681,0.976967,-0.065012
13682,0.502724,0.689944
13683,0.670457,0.638082
13684,1.239169,0.004349
13685,0.174437,0.334201
13686,-0.690081,1.134746
13687,0.055631,-0.081635
13688,-0.719871,0.325896
13689,1.429014,0.297622
13690,-2.110959,0.412368
13691,-0.312821,-0.430640
13692,2.364921,-0.220479
13693,-0.889499,0.673486
13694,-0.531739,0.623859
13695,1.687876,-0.961176
13696,-0.495482,0.009602
13697,0.658454,2.592590
13698,0.445554,-0.279078
13699,0.991178,0.986069
13700,-0.350904,-0.900348
13701,-0.425184,0.152844
13702,0.655112,0.309130
13703,0.432871,-0.236097
13704,0.391442,1.262545
13705,1.521432,-0.394918
13706,-1.678672,-1.781548
13707,0.281052,-0.781025
13708,0.646859,-1.274169
13709,0.394502,-1.098419
13710,-0.588257,2.441089
13711,-0.281261,0.040407
13712,-0.169832,-1.649262
13713,-0.279388,0.564541
13714,-2.033135,0.050356
13715,0.642748,-1.572487
13716,-0.949675,-1.583187
13717,0.783714,-0.751199
13718,-0.311883,-1.217298
13719,1.129588,-0.138004
13720,-1.348311,-0.773085
13721,0.367920,-1.297681
13722,-1.089846,-1.376751
13723,-0.763648,2.276567
13724,-0.621653,1.046869
13725,0.241196,-0.693395
13726,0.012705,-0.753635
13727,-0.495532,-0.826225
13728,-2.112051,0.402591
13729,0.044407,-1.132652
13730,-2.259813,-0.513960
13731,0.889528,1.124914
13732,0.737622,0.125644
13733,-1.690834,1.019859
13734,0.505586,0.441927
13735,-0.784938,0.929707
13736,1.095982,-1.574549
13737,-0.734356,0.635322
13738,0.931021,0.837243
13739,1.336732,1.102515
13740,-0.835364,1.982671
13741,0.638622,0.996376
13742,-0.111227,0.461003
13743,0.618254,-0.170066
13744,-0.223996,0.569143
13745,-0.689452,0.859322
13746,-2.680508,3.391139
13747,-0.687325,3.105813
13748,2.355135,-0.547703
13749,-1.081154,-0.457713
13750,2.234169,-0.375925
13751,0.005904,-0.334624
13752,0.144477,0.660876
13753,-0.424827,0.153854
13754,0.935749,-0.496471
13755,-1.521818,0.310327
13756,-2.272488,-0.610455
13757,-1.023800,-0.992509
13758,-1.524718,4.042940
13759,-0.430747,0.445839
13760,0.763786,-1.091582
13761,-1.833902,-0.505538
13762,1.309881,-0.662580
13763,1.018718,-0.228144
13764,0.952103,-0.454346
13765,1.385794,-0.714758
13766,0.343081,-0.299044
13767,-1.942722,0.028307
13768,0.210654,0.010624
13769,0.547851,-0.673362
13770,-0.641080,0.235650
13771,-0.298392,0.003527
13772,-0.011372,-1.283490
13773,0.164311,1.224216
13774,1.744738,-0.349764
13775,-1.788997,0.159852
13776,-1.597181,-1.818381
13777,1.471213,0.030718
13778,1.568104,0.336647
13779,-0.369097,-0.097319
13780,0.116374,-0.772618
13781,1.469834,0.188747
13782,0.215236,0.142406
13783,1.202961,-0.125101
13784,1.008254,-0.475386
13785,-0.415230,-0.297224
13786,1.071878,0.705733
13787,-1.620429,-0.511866
13788,-1.896071,1.311193
13789,1.373819,0.023392
13790,-1.566356,0.917020
13791,-1.442317,-1.318097
13792,-0.911464,0.136413
13793,-2.519048,1.334351
13794,-3.105332,2.104461
13795,-1.680939,1.480526
13796,0.505478,1.462964
13797,-0.055088,-0.757165
13798,-0.484646,-0.290219
13799,0.123819,2.914816
13800,-0.672865,-0.411739
13801,-2.633165,-1.530480
13802,0.386112,0.300490
13803,-0.296784,-1.386087
13804,-0.032014,0.002788
13805,-0.477047,-0.451574
13806,1.907388,1.544703
13807,1.181276,1.141834
13808,0.348460,0.823572
13809,-0.501528,0.388327
13810,1.102797,0.717090
13811,-0.121822,0.361746
13812,-0.431276,1.061920
13813,1.048962,0.222380
13814,1.863042,-0.208813
13815,-0.130216,-0.409400
13816,-2.650774,0.881242
13817,0.098689,0.089104
13818,-0.571659,-0.388853
13819,-1.833547,-0.859000
13820,1.230410,-0.848503
13821,0.631885,1.918108
13822,-0.733425,0.839709
13823,-0.883437,0.144315
13824,-0.971464,-0.467189
13825,1.450389,0.694744
13826,0.979222,-0.605041
13827,1.307191,0.267713
13828,0.606308,-0.535968
13829,0.631904,-0.389456
13830,0.917985,0.029448
13831,-3.808467,-1.899465
13832,0.169049,-0.653634
13833,-0.919096,-0.456902
13834,-3.372948,-1.054380
13835,2.065470,0.585391
13836,-1.117231,-1.089507
13837,-0.785451,1.005279
13838,-0.634014,0.546519
13839,-2.881517,1.702095
13840,-3.319949,2.179438
13841,-0.823551,0.399447
13842,-0.805753,-1.350446
13843,1.315309,0.067278
13844,0.082315,2.063911
13845,-0.234598,0.361986
13846,-1.894066,-0.123510
13847,0.884742,-0.820419
13848,0.972442,-0.767892
13849,1.381390,0.389796
13850,0.570656,-0.164394
13851,1.055170,0.088685
13852,0.175066,0.224958
13853,1.672601,0.403023
13854,1.282224,-0.121663
13855,1.145281,3.258766
13856,0.461578,-1.138986
13857,-0.398470,0.159236
13858,1.062148,-0.329947
13859,1.991680,-0.828574
13860,0.300530,-1.110425
13861,-0.412612,0.273326
13862,0.694986,0.402355
13863,1.573836,0.388218
13864,-1.633397,-0.823897
13865,-0.500448,0.574871
13866,-1.789868,-0.730129
13867,0.575999,-1.968331
13868,-0.624715,0.633994
13869,-2.918701,-1.052265
13870,-0.144794,-1.080974
13871,0.077934,0.315959
13872,0.035146,-0.001418
13873,2.832450,-0.014269
13874,-0.681399,0.781092
13875,0.892324,0.741686
13876,0.199649,0.217861
13877,0.345578,0.015522
13878,-1.203240,0.227795
13879,-1.712260,-0.452525
13880,1.351741,-0.113859
13881,-2.383936,0.236814
13882,0.644228,-0.022902
13883,-2.091647,-0.816605
13884,-0.744879,-0.131440
13885,-0.502526,0.411447
13886,-3.146888,2.565649
13887,0.771578,-0.140168
13888,-1.529816,3.623621
13889,-1.855528,1.070429
13890,-0.061935,0.900161
13891,1.479782,0.197027
13892,-1.151365,0.993088
13893,1.140740,-0.363818
13894,-1.761646,1.294634
13895,-0.845088,0.656883
13896,0.402109,-0.513122
13897,0.707499,0.324894
13898,-2.164863,2.500909
13899,-0.362854,0.727062
13900,0.621089,0.906464
13901,0.402001,1.658476
13902,-1.028932,0.411465
13903,-1.044198,0.396107
13904,-0.211881,-0.039740
13905,1.316150,-1.145932
13906,1.933992,0.513172
13907,-0.395015,-1.067377
13908,-0.728157,-0.445502
13909,-0.628739,2.104356
13910,1.462955,1.019168
13911,1.244205,-0.410322
13912,-3.472903,-1.391015
13913,1.719420,-0.120064
13914,0.681799,-0.279350
13915,-0.283121,0.257107
13916,1.920185,-0.941876
13917,0.928769,1.716542
13918,0.481954,-0.186572
13919,0.327725,-0.812081
13920,-0.676149,0.722968
13921,-1.433034,-0.081124
13922,1.553022,-0.576947
13923,1.146857,0.198546
13924,-0.135638,1.411506
13925,-0.688916,0.723668
13926,-0.867334,-1.105097
13927,0.701557,-0.441476
13928,-1.905750,-1.029149
13929,0.212482,-1.329147
13930,2.454722,-1.134983
13931,0.030843,-0.417271
13932,1.640365,-0.712843
13933,-1.399181,0.315692
13934,1.600380,-1.159222
13935,1.875996,-0.529185
13936,0.471071,-0.563576
13937,-0.756193,-0.544727
13938,-0.386077,-1.301932
13939,1.278028,-0.776797
13940,-1.210056,0.444678
13941,-0.761636,3.518852
13942,1.683018,-1.251378
13943,1.900965,-0.898636
13944,0.864316,-1.609784
13945,-1.315552,-1.010744
13946,0.814060,0.059705
13947,1.639107,-0.785236
13948,1.136841,0.662132
13949,1.177898,-0.144585
13950,0.191137,0.023313
13951,-1.198166,-0.663570
13952,0.743976,-0.505207
13953,-1.972449,0.356891
13954,0.073904,-0.019625
13955,-1.083872,-0.055631
13956,-1.953464,-0.845404
13957,-1.730310,-1.913295
13958,1.157283,-1.127117
13959,0.721190,-0.870387
13960,0.917247,-0.197193
13961,1.556812,-0.116474
13962,-0.423034,0.247137
13963,1.348895,-0.456823
13964,1.863608,-0.487227
13965,0.773551,0.475758
13966,-0.522769,1.064764
13967,-0.903622,1.179115
13968,-2.110410,-0.526023
13969,-0.983454,-0.479806
13970,0.186969,-0.858947
13971,-1.783051,-2.402989
13972,1.549796,-0.541116
13973,0.805813,-0.191554
13974,-0.899517,-0.165806
13975,-0.472503,0.247938
13976,0.100087,0.190997
13977,-1.337072,0.843300
13978,-1.233824,-1.659469
13979,1.542107,0.208781
13980,0.190616,-0.106571
13981,1.306599,-0.942268
13982,0.685041,-0.836843
13983,1.605040,-0.732190
13984,-1.554272,0.437377
13985,1.926352,-0.752257
13986,-0.105237,-0.074345
13987,0.444977,-0.351730
13988,1.515679,-0.399035
13989,0.901219,-0.817602
13990,-0.527095,-1.027430
13991,-4.210421,-0.904802
13992,1.635359,-0.224883
13993,-1.992969,-0.747078
13994,0.486208,-1.311496
13995,0.640447,0.240894
13996,0.888665,-0.804297
13997,-0.955371,1.038998
13998,1.056884,-0.873324
13999,0.576055,-0.151637
14000,1.268495,0.004402
14001,1.226012,-0.293043
14002,1.428493,-0.546630
14003,1.741692,-0.354088
14004,1.972992,-0.278777
14005,-0.153630,0.119359
14006,1.181412,-0.329633
14007,-2.380895,1.742026
14008,-1.377321,-0.762825
14009,1.438873,-1.028033
14010,1.306494,-1.027454
14011,0.677354,-0.754708
14012,-1.422653,-0.651923
14013,0.604952,0.075066
14014,0.350794,-0.720256
14015,-1.578326,0.241875
14016,-0.955534,-1.248982
14017,-0.986867,-2.477172
14018,-0.280985,-1.374881
14019,1.027311,0.778159
14020,1.077775,1.341693
14021,1.353376,-0.241782
14022,1.766196,-1.184297
14023,0.931921,0.738568
14024,1.007494,-0.116470
14025,-1.413983,-1.180387
14026,-2.371595,-1.468094
14027,-1.807887,-2.284480
14028,-2.803191,-2.038328
14029,-1.957032,-2.725927
14030,-2.991642,-2.199546
14031,-1.003046,-2.225948
14032,-4.070733,-4.045073
14033,-0.544880,-2.537862
14034,-0.949989,-0.158036
14035,-0.134123,-0.896264
14036,1.812264,-1.327631
14037,0.161980,-1.580774
14038,-0.681658,1.458885
14039,0.730614,2.396526
14040,1.282004,-0.782274
14041,-0.200875,1.261207
14042,-0.205455,0.604901
14043,-0.667591,3.793749
14044,-0.671020,0.740878
14045,-1.369623,-1.277794
14046,2.291072,0.593032
14047,0.493563,0.505644
14048,1.119869,1.501476
14049,0.017505,-0.401047
14050,0.237849,-0.222121
14051,-0.337274,0.807552
14052,0.444018,-0.985548
14053,-0.543498,-0.197340
14054,-0.696379,-1.279037
14055,-2.099284,0.472651
14056,-0.315809,-0.639030
14057,0.384964,-0.241658
14058,0.619325,-0.742924
14059,-2.209225,-0.592898
14060,-0.857407,-0.621551
14061,1.747742,-1.031450
14062,-1.542803,-1.159016
14063,0.195650,-0.042961
14064,0.198065,-0.928215
14065,-0.361778,-1.006754
14066,-2.007477,0.492900
14067,2.008683,-1.311388
14068,1.236111,-0.890859
14069,-2.510274,1.799676
14070,0.666858,0.418879
14071,1.599969,0.582557
14072,0.479070,-0.663166
14073,0.375650,2.137447
14074,-1.792703,1.793476
14075,-1.183385,0.631486
14076,-0.606319,1.298509
14077,-1.239557,1.293506
14078,1.908888,0.132262
14079,-2.119891,4.038573
14080,1.850722,0.162347
14081,-2.014954,1.133486
14082,0.295249,0.766654
14083,0.199413,-0.562811
14084,-0.333746,0.980225
14085,0.019311,-1.050464
14086,-0.349665,0.138428
14087,-2.266199,-0.420298
14088,-2.419734,-1.084827
14089,-1.217110,0.733116
14090,-0.485898,1.458581
14091,1.143673,-0.882817
14092,1.190439,-0.956282
14093,-1.314876,-1.317480
14094,0.845665,0.112712
14095,1.182023,1.322093
14096,0.233699,-0.059316
14097,1.736015,0.117435
14098,0.499969,-0.917418
14099,1.718553,-0.012247
14100,0.145487,-0.593911
14101,1.388332,-0.623452
14102,0.038432,-0.561935
14103,1.654233,-0.741831
14104,-0.295522,0.160162
14105,0.572254,-0.368540
14106,-3.086191,0.534077
14107,-0.306469,1.116330
14108,-0.156876,-0.111582
14109,0.019696,0.172610
14110,0.765802,-0.434882
14111,1.235167,-0.588545
14112,-0.703970,-0.818665
14113,-1.858504,-0.248327
14114,2.157422,0.590231
14115,2.425836,1.708279
14116,0.716766,-0.826135
14117,-0.393138,-1.857425
14118,-2.409183,-2.523425
14119,-0.052142,-1.592893
14120,-0.581210,-1.542693
14121,-0.174439,-0.537375
14122,-2.720113,-0.924509
14123,-1.002827,0.231626
14124,-1.365385,-0.725411
14125,0.738795,5.360495
14126,0.064148,5.350219
14127,-0.791118,-0.358737
14128,0.350375,0.057928
14129,-1.281018,2.591791
14130,1.287473,0.071978
14131,-0.103364,-1.494888
14132,-1.414945,1.065736
14133,-3.213498,1.450585
14134,-0.505658,2.002744
14135,3.365514,-1.080114
14136,0.648685,0.348518
14137,0.433583,-2.218992
14138,0.961747,-1.584782
14139,-0.222341,-0.130835
14140,-0.554242,-0.083376
14141,-2.203563,0.082045
14142,2.213373,0.199225
14143,-2.281139,-0.416186
14144,0.451042,0.053532
14145,0.397912,2.126552
14146,1.056376,0.958797
14147,-2.664824,-0.254274
14148,-0.311632,0.738052
14149,-0.134701,-0.569091
14150,2.199166,-0.846594
14151,-0.070169,0.409742
14152,-3.617686,-0.131099
14153,-2.300041,0.890971
14154,1.268376,0.441725
14155,-1.834836,-0.211385
14156,-0.434090,-0.360386
14157,-0.885609,0.688448
14158,-1.061663,-0.933943
14159,2.116074,-1.189615
14160,0.402761,-0.747322
14161,0.645497,-0.932982
14162,-1.273532,-1.638523
14163,0.326693,-0.417456
14164,-0.995567,0.691800
14165,-0.083137,0.766281
14166,0.361179,-0.236587
14167,-1.696812,0.175228
14168,0.736218,-0.841295
14169,0.653592,-0.201862
14170,-3.736268,-0.125025
14171,0.429921,-1.374207
14172,-0.401289,-0.935134
14173,-0.079483,-0.608494
14174,1.136715,-0.746811
14175,-0.161433,-1.361728
14176,0.369029,-1.136752
14177,0.137153,-1.035113
14178,0.164491,-0.586804
14179,-0.490389,-0.067959
14180,-2.494315,1.527626
14181,-0.269775,-0.618535
14182,-0.133879,-0.880423
14183,1.135894,0.125455
14184,-3.612444,-1.904282
14185,-1.433637,-0.885306
14186,-0.083574,-1.561600
14187,0.669793,-0.617530
14188,-3.155844,1.196752
14189,-2.239022,-0.765780
14190,2.143955,-0.692982
14191,1.619126,-0.986812
14192,1.735649,-0.855808
14193,-0.971570,0.219474
14194,-2.644942,-1.606285
14195,-0.706361,0.503819
14196,1.036318,-1.315166
14197,-0.172635,2.226231
14198,-0.387502,-1.589933
14199,1.206622,0.644602
14200,0.900887,-1.730310
14201,1.281810,0.792213
14202,-2.438363,0.357989
14203,-0.485261,-0.663035
14204,1.757120,-0.629667
14205,1.754666,0.604853
14206,-3.880872,-2.331134
14207,0.092914,-0.224599
14208,1.388526,-0.562963
14209,-2.243062,-3.187720
14210,1.386957,-0.463908
14211,-1.972628,3.950692
14212,-1.393137,1.463279
14213,0.763824,-0.033796
14214,0.664615,-1.405171
14215,-1.017841,0.980526
14216,0.321422,-1.025879
14217,-0.238065,-1.405409
14218,-1.049186,-1.713021
14219,1.037266,-1.348145
14220,1.060541,-0.717160
14221,0.870018,-0.988055
14222,-0.231126,-0.795336
14223,-0.036949,0.713650
14224,-0.295778,-0.173480
14225,0.366462,-0.474888
14226,0.911871,-0.383377
14227,-3.057724,-0.736317
14228,-0.723722,-0.034269
14229,-0.097879,-0.247085
14230,1.132848,-1.488900
14231,1.061371,-1.044210
14232,0.367083,-0.720725
14233,-3.216744,-1.506651
14234,-1.203803,-1.423330
14235,-1.376037,-1.210444
14236,-1.370609,-2.760726
14237,-3.215929,-2.643682
14238,-1.900503,0.319322
14239,-2.248158,-1.098312
14240,-2.892850,-1.216392
14241,-2.721785,-1.906013
14242,-2.469741,-0.190497
14243,-1.623704,-0.006694
14244,-0.836333,-0.516371
14245,0.801274,1.030967
14246,0.331425,-1.138122
14247,-0.392638,-0.637323
14248,-2.774241,-1.505883
14249,0.652776,-0.498015
14250,0.301702,-0.951211
14251,-0.617077,-1.063706
14252,1.129470,1.472172
14253,0.223271,-1.212201
14254,-0.584555,1.300660
14255,-2.268269,0.909498
14256,2.042108,-0.722057
14257,0.840808,-0.098820
14258,-1.374945,-1.180914
14259,0.302174,-0.567190
14260,2.014730,-1.208467
14261,0.606797,-0.485169
14262,-0.343527,-1.275028
14263,1.462056,-0.261325
14264,0.751799,0.180688
14265,-1.420160,0.690394
14266,-2.729653,-2.047148
14267,-0.311901,-1.324839
14268,0.516366,1.093510
14269,0.802913,-0.010432
14270,-1.855833,-2.005152
14271,-0.062241,1.286284
14272,0.968186,-0.797091
14273,-0.520947,-0.278574
14274,0.693328,0.527862
14275,1.075006,-1.095671
14276,-2.368025,-1.520495
14277,0.467378,-0.171048
14278,-1.652051,-0.012549
14279,-1.651012,-1.328761
14280,1.734044,-0.210239
14281,1.159874,-0.909846
14282,-0.099407,-1.827334
14283,0.540257,-0.992742
14284,3.061719,-0.818456
14285,-1.047044,-0.388486
14286,1.015166,-1.128238
14287,0.362997,-0.051332
14288,0.971970,-0.019744
14289,-0.856978,-0.599983
14290,0.381568,-0.556760
14291,-1.438399,-0.731435
14292,-1.062923,-1.534352
14293,-3.494837,0.380821
14294,-0.596335,0.359679
14295,1.871352,-0.090555
14296,2.121379,-0.043754
14297,0.628595,2.109836
14298,-0.322856,3.006336
14299,0.244461,-0.159583
14300,-3.416126,-1.743354
14301,0.184872,0.347671
14302,-2.116405,-0.509447
14303,0.497790,0.532549
14304,0.779922,-0.620705
14305,0.739647,1.445442
14306,0.831532,-0.262444
14307,-1.304419,1.206730
14308,-0.730821,-0.001375
14309,1.356964,2.404005
14310,1.005003,-0.277316
14311,-0.015980,-1.056239
14312,1.430927,0.055552
14313,1.981553,-0.833915
14314,1.635375,1.477520
14315,1.975601,0.026583
14316,2.782670,-0.471092
14317,0.279215,-1.109437
14318,1.097663,-0.251338
14319,-0.053573,-1.333519
14320,0.453590,0.788729
14321,-1.746618,-0.230681
14322,-1.119202,-0.600731
14323,-1.860113,-1.938999
14324,-0.151233,-0.843088
14325,-1.227545,0.344115
14326,-2.487489,-1.426994
14327,-0.129501,0.988836
14328,0.776543,-1.431783
14329,0.243885,-1.411957
14330,1.941609,-0.604725
14331,-0.707061,0.820789
14332,1.231729,1.848572
14333,-2.133452,-0.090903
14334,0.461985,-1.937048
14335,-0.488996,-0.491094
14336,-0.888972,-1.629821
14337,0.353567,-1.426023
14338,-0.249018,-0.889317
14339,-2.598467,2.117979
14340,1.692570,0.660650
14341,-1.623813,-0.263611
14342,-3.472440,1.109002
14343,-0.000839,-1.415512
14344,0.664517,0.019401
14345,1.502483,-0.004444
14346,0.439875,-0.481148
14347,-0.298443,-0.596990
14348,-3.422071,-4.689607
14349,-0.694034,0.822608
14350,-1.445036,1.811819
14351,-2.390435,1.415463
14352,1.005151,0.061857
14353,-0.192795,0.204748
14354,0.500990,0.164876
14355,1.262060,0.035872
14356,-0.504518,0.901081
14357,0.065118,-0.002131
14358,-0.112506,2.598791
14359,1.004135,0.603840
14360,1.744159,0.682202
14361,1.029110,-0.811998
14362,-0.740487,2.267609
14363,1.008499,-0.147105
14364,-0.663582,0.092421
14365,-0.300299,1.082186
14366,1.676425,-0.797013
14367,1.869208,0.400960
14368,0.633927,0.210206
14369,0.168345,0.724042
14370,-0.269065,0.186615
14371,0.873680,1.261975
14372,0.544357,0.958025
14373,-0.033478,-1.437966
14374,-0.498612,-2.174251
14375,-1.527043,2.008033
14376,-0.824040,1.474016
14377,-1.098997,-0.268297
14378,1.466458,1.452954
14379,0.020051,-1.108521
14380,0.392655,0.383534
14381,0.273770,1.000882
14382,1.788925,-0.892160
14383,1.450303,-1.615540
14384,-1.844600,1.119751
14385,1.123581,0.338748
14386,0.963961,-0.084928
14387,-1.405489,0.136512
14388,-1.341841,0.660818
14389,-0.806782,-0.633585
14390,-2.182866,2.824241
14391,1.725173,-0.210300
14392,-0.883104,-1.715247
14393,0.098089,2.484668
14394,1.513283,0.837579
14395,1.015980,-1.681422
14396,1.859402,-0.081590
14397,1.482687,-0.805828
14398,-0.688758,1.067600
14399,1.089161,0.005433
14400,1.391508,0.516982
14401,0.689933,-0.350273
14402,0.740587,1.365048
14403,0.403664,4.208182
14404,-0.111926,0.205586
14405,0.879228,0.775119
14406,0.923839,-1.395774
14407,-0.053471,1.215600
14408,-0.333970,-0.631058
14409,0.019460,-1.339111
14410,-0.502186,0.493659
14411,-0.402115,-1.259762
14412,1.659895,-0.225069
14413,0.959650,-0.842642
14414,0.365138,-0.337236
14415,-0.744648,-0.672591
14416,0.803518,0.201174
14417,-1.276301,-0.022822
14418,-1.247409,-0.467439
14419,-1.693797,1.277087
14420,0.833582,1.052815
14421,-0.165131,1.776445
14422,1.203139,-0.940047
14423,0.869891,-0.024624
14424,-0.086787,-0.999469
14425,1.994818,1.172426
14426,-1.610435,-1.025260
14427,1.375016,0.181352
14428,-1.918288,0.501663
14429,-1.183956,-0.178942
14430,-1.133312,0.670861
14431,1.160715,1.759499
14432,-0.655576,-0.407377
14433,0.816757,0.013070
14434,-0.900141,-0.616445
14435,-0.706003,1.217444
14436,-1.917227,1.445071
14437,-0.428454,2.061332
14438,-0.986155,1.136293
14439,-0.587889,0.973655
14440,-0.228876,0.947367
14441,0.163106,0.336468
14442,-0.689844,2.236690
14443,0.256047,-0.202405
14444,-1.842905,1.627462
14445,1.563401,1.341247
14446,-1.191762,0.432889
14447,1.284698,-0.154101
14448,1.544560,-0.031195
14449,1.246096,0.312146
14450,0.829580,-0.790034
14451,-0.289372,0.322053
14452,-0.200016,-0.599947
14453,0.724802,0.217631
14454,-0.710404,0.934627
14455,0.992316,-0.009582
14456,0.377206,0.348691
14457,1.914747,-0.440137
14458,-0.607617,0.428851
14459,-0.130755,0.656962
14460,0.390634,3.747050
14461,1.341873,-0.194799
14462,-1.740936,0.295784
14463,0.301713,0.578769
14464,-0.971873,-0.462661
14465,2.638695,-0.653617
14466,-2.889715,-0.561117
14467,0.664931,3.434150
14468,-0.836375,-0.123770
14469,0.187915,0.805171
14470,-1.402581,1.206344
14471,2.011437,0.388984
14472,-1.708623,-0.894110
14473,-2.892376,1.732599
14474,-1.159621,1.250411
14475,-1.530019,0.919380
14476,-0.211494,3.230039
14477,-1.205383,-0.612223
14478,-0.021179,2.203723
14479,-1.746295,1.691673
14480,-3.261853,0.625289
14481,1.036323,-0.230552
14482,0.125509,-0.459263
14483,0.588663,1.852914
14484,2.213201,-0.473343
14485,1.868343,-0.790777
14486,-1.733126,1.083835
14487,0.624700,1.217751
14488,-0.558732,0.154943
14489,-1.571380,1.625145
14490,-1.430168,2.404954
14491,-1.330367,1.389829
14492,-2.591465,1.128041
14493,1.114025,-0.512331
14494,0.968635,-0.960316
14495,0.377850,0.733563
14496,1.006976,-0.172232
14497,-0.283305,-1.087804
14498,-1.945946,0.164493
14499,-0.146405,2.777372
14500,0.779703,-0.084140
14501,1.077834,-0.407538
14502,-2.351575,1.146615
14503,1.770942,0.757220
14504,0.372970,1.745669
14505,0.406656,0.796568
14506,0.836318,0.197749
14507,2.293812,-0.130640
14508,0.673550,0.653305
14509,0.131001,0.591863
14510,-2.207187,1.097533
14511,2.226734,-0.641964
14512,0.921131,-0.280960
14513,-1.176923,0.235026
14514,1.598442,-0.748410
14515,-2.072208,-2.024079
14516,-1.287134,-0.864932
14517,0.405265,0.129755
14518,-0.436852,-0.671769
14519,1.218036,-0.232004
14520,0.436646,0.146032
14521,0.473476,0.171251
14522,-1.030875,-1.569653
14523,-2.008429,0.132172
14524,-0.043103,-1.428448
14525,-0.081934,0.415301
14526,0.147500,2.747708
14527,-1.235778,-1.093323
14528,-1.056633,2.252753
14529,-2.150431,1.253118
14530,-0.514861,0.163162
14531,-1.370316,-0.015777
14532,-0.755229,-1.414407
14533,-1.651279,0.824371
14534,1.473619,0.044964
14535,0.662771,1.411547
14536,-1.518079,-2.831012
14537,0.463078,-0.321586
14538,0.776081,1.744917
14539,-0.800541,-2.149719
14540,3.037432,-0.325191
14541,0.474199,-1.650567
14542,2.699558,0.566881
14543,0.636445,-0.646571
14544,1.209804,-0.025015
14545,-0.394063,2.061333
14546,3.365514,-1.080114
14547,-1.075689,0.280355
14548,0.382052,-0.050292
14549,-1.866346,1.488939
14550,-0.088989,0.194656
14551,0.816285,-0.735209
14552,0.748025,0.370506
14553,-0.875438,0.690159
14554,2.210428,-0.903605
14555,0.502671,-0.034117
14556,-0.111192,-0.189539
14557,-0.502163,0.636751
14558,1.565279,-0.322679
14559,1.955483,-0.295339
14560,-0.053074,-0.160230
14561,0.162056,-0.609333
14562,2.112271,-1.252082
14563,2.540012,-0.337176
14564,0.406703,0.436110
14565,1.255667,0.419186
14566,0.551405,-1.039712
14567,-1.059276,0.485152
14568,1.093834,-1.014142
14569,-1.328024,-1.074497
14570,2.136773,-0.170789
14571,-0.245117,-1.373806
14572,0.424076,1.597839
14573,1.978605,-1.165571
14574,1.383846,-1.352440
14575,2.178649,-1.396053
14576,-0.921526,-1.002544
14577,1.445454,-0.846736
14578,-0.101900,-0.000877
14579,0.427852,-0.438477
14580,-0.156126,0.297551
14581,-1.426453,0.885354
14582,-0.227547,0.644136
14583,2.213741,0.632000
14584,-2.562530,-0.931173
14585,0.939400,1.218867
14586,-0.787151,1.022375
14587,-0.620777,1.664301
14588,-0.810951,0.605479
14589,-0.394161,0.057992
14590,1.440388,-0.887513
14591,0.811685,-0.831789
14592,1.252113,-1.084068
14593,1.131231,0.415262
14594,1.608307,-0.726911
14595,1.945182,-0.672571
14596,1.216198,-0.913862
14597,0.737815,-0.472499
14598,-0.646667,-1.650192
14599,0.679501,-1.908750
14600,-0.140547,-1.281476
14601,-1.017448,-1.459819
14602,1.434624,-0.173471
14603,1.069463,-0.910205
14604,1.344998,-1.060493
14605,2.110273,-0.692646
14606,-0.759990,-1.219683
14607,0.444336,1.840194
14608,-1.504237,0.349808
14609,-1.026018,1.100833
14610,-0.140056,-1.367810
14611,0.536996,-0.862585
14612,-1.171158,0.715793
14613,-1.697356,0.017562
14614,2.381213,-0.857772
14615,-1.805488,-1.875877
14616,2.490478,-1.090287
14617,-3.007107,-0.730301
14618,-0.068098,0.288179
14619,0.303621,-0.809687
14620,-1.816997,-1.051945
14621,0.834133,0.898937
14622,1.189093,1.007550
14623,0.956553,-0.204984
14624,0.923936,-0.497030
14625,2.067519,-0.312666
14626,0.193568,0.446131
14627,-0.389286,-1.147428
14628,0.473315,-1.450334
14629,2.629587,-1.381381
14630,1.760400,-1.577216
14631,1.712931,-0.959635
14632,-1.161635,-0.711533
14633,-0.444172,-1.090801
14634,-0.578094,-0.248169
14635,2.006027,-0.889632
14636,-1.611578,4.489945
14637,0.906560,-0.560024
14638,0.026566,-0.613884
14639,0.722834,0.293682
14640,1.154461,0.391092
14641,0.577030,-0.294084
14642,1.326790,-1.400725
14643,-2.773139,0.371859
14644,-0.444367,-1.081868
14645,-2.377716,3.578998
14646,-2.863050,-0.296130
14647,-0.901831,1.041554
14648,0.817678,-0.432597
14649,-1.344028,0.601533
14650,0.011572,-1.255841
14651,0.033552,-0.899661
14652,0.457856,-0.449371
14653,-0.380004,-0.820527
14654,-0.174720,-0.192742
14655,-0.178421,-0.535867
14656,1.262110,-0.812875
14657,-0.586234,-0.601102
14658,-1.499979,3.254451
14659,0.007609,3.211502
14660,0.483706,1.392557
14661,-0.750723,1.611193
14662,1.827643,-0.368958
14663,1.653338,1.349765
14664,-1.637872,1.138635
14665,-2.374324,-1.686569
14666,-0.983171,2.206501
14667,0.787702,1.164159
14668,-1.900450,2.667455
14669,1.473913,-0.066377
14670,0.166844,0.519190
14671,-1.650294,3.207301
14672,-0.622074,2.105508
14673,0.295328,0.162245
14674,0.578653,0.352690
14675,1.279104,-0.016956
14676,-1.181389,-2.577111
14677,-0.951131,-0.459431
14678,1.727925,-0.261177
14679,1.485049,-0.481636
14680,1.689306,-0.404636
14681,-0.770350,0.099571
14682,0.443426,-0.059799
14683,1.105739,-0.460273
14684,-0.838601,3.254103
14685,-0.486460,0.063148
14686,-1.735810,-0.506867
14687,0.534485,1.087441
14688,-0.478746,-0.837030
14689,-0.509467,2.647385
14690,-0.795825,-0.958962
14691,0.533774,1.694422
14692,1.341577,-0.023437
14693,2.337746,-0.647496
14694,1.104493,-0.647824
14695,1.317624,-1.140296
14696,1.090384,-0.119008
14697,1.531941,-0.987864
14698,1.932747,-0.923487
14699,1.398047,-0.950949
14700,0.538751,0.517736
14701,0.255919,-1.393452
14702,-0.015780,0.205658
14703,2.021635,-0.113086
14704,1.217923,-0.666556
14705,1.495434,-1.413275
14706,1.247446,-0.510101
14707,0.976928,-1.588450
14708,-2.245587,-2.647112
14709,1.128969,-0.781798
14710,-1.052473,3.794981
14711,1.472172,-1.405230
14712,2.055225,-1.234565
14713,0.768472,-1.992950
14714,1.942385,-1.199958
14715,0.841945,-1.635986
14716,-1.691996,-2.689207
14717,1.629678,-1.630898
14718,1.021194,-0.688191
14719,0.518063,1.836757
14720,-0.562592,-0.289895
14721,1.759188,-1.770946
14722,2.146477,-1.664286
14723,1.184856,-1.319683
14724,0.022960,-0.304151
14725,-0.215599,-0.708178
14726,-0.534738,-1.354151
14727,-2.142040,-0.471666
14728,-0.470146,0.032661
14729,0.848597,-0.857275
14730,-2.009558,-2.242768
14731,-0.620273,-1.236809
14732,1.341785,-1.505901
14733,-0.000350,-1.486167
14734,0.776962,-1.166351
14735,0.733443,-0.368977
14736,0.221501,-2.269760
14737,0.989065,-0.737423
14738,1.294529,-1.070320
14739,1.199059,-1.632131
14740,1.252959,1.018818
14741,1.069625,0.689956
14742,1.076994,-0.964573
14743,0.729126,-0.159757
14744,0.301175,1.129385
14745,2.110744,0.401777
14746,0.478314,-0.012736
14747,1.762285,-0.591105
14748,-1.040040,-1.098061
14749,2.281139,-1.254439
14750,0.603446,-0.415676
14751,-0.723927,-1.151176
14752,-1.518504,0.160828
14753,1.764410,-0.056027
14754,1.737203,0.194195
14755,-0.424990,-1.615473
14756,1.343315,-1.486349
14757,1.748673,-0.546943
14758,1.884124,-0.499815
14759,2.213189,-0.827292
14760,1.732568,-1.120369
14761,0.913155,-0.867980
14762,1.288593,-0.491810
14763,-1.697078,-0.176212
14764,-1.839844,-0.548400
14765,-1.599112,-0.427517
14766,-1.384728,-1.314796
14767,0.001360,-0.792823
14768,0.670051,-0.822496
14769,0.771335,-0.848969
14770,-0.785574,-0.592658
14771,0.321524,-1.073138
14772,1.378626,-0.361736
14773,-1.217959,-0.028176
14774,-1.780505,2.656422
14775,1.006303,-1.539986
14776,0.473274,0.251476
14777,0.163003,0.047727
14778,0.612609,-0.358516
14779,-1.115493,1.810365
14780,-0.922360,0.715801
14781,-0.873395,1.643685
14782,1.089318,4.166532
14783,1.644747,1.411946
14784,0.831533,0.600491
14785,-0.268907,1.470087
14786,-1.708361,1.008627
14787,-1.031204,1.333177
14788,-0.236593,1.860728
14789,1.740470,0.300988
14790,0.132309,0.477133
14791,1.376421,0.837548
14792,1.158031,0.034920
14793,-0.096697,1.263140
14794,-0.247661,1.688545
14795,1.868219,0.361124
14796,2.278413,-1.477889
14797,1.628831,0.958226
14798,-0.427720,1.409155
14799,-0.455124,-0.415916
14800,-0.476270,1.138004
14801,-0.314162,4.190655
14802,1.192848,-0.316396
14803,-1.850773,0.588749
14804,-0.052116,-0.809293
14805,1.740282,1.334960
14806,2.517212,-0.576709
14807,-0.130539,0.754856
14808,1.699376,1.894934
14809,1.044882,-1.172795
14810,-2.870331,0.186697
14811,-1.543874,0.264922
14812,-0.041694,0.360239
14813,1.233119,1.909669
14814,1.868506,0.763367
14815,-0.654009,1.003169
14816,-2.258550,0.060808
14817,-0.631814,1.226206
14818,2.013383,0.271705
14819,0.737351,0.104413
14820,1.219722,0.926359
14821,-1.775068,1.923910
14822,-0.271116,0.852593
14823,0.833481,1.694317
14824,1.412809,2.763390
14825,0.627731,-0.251393
14826,0.813297,-0.381411
14827,0.816981,0.333813
14828,1.204693,-0.666410
14829,1.424343,0.933983
14830,1.248982,1.175684
14831,1.698754,0.113535
14832,1.151929,-0.073640
14833,1.901520,-0.479466
14834,-1.502993,0.988729
14835,-1.917808,1.409753
14836,-0.455879,1.745600
14837,0.107244,1.738178
14838,0.363419,2.361858
14839,-0.017245,1.743181
14840,-4.846100,-0.729519
14841,0.720577,1.276901
14842,0.232717,-0.634680
14843,0.874307,0.619366
14844,-1.838597,2.492972
14845,0.839634,0.276993
14846,1.086997,2.385894
14847,0.571694,1.281151
14848,1.853544,0.117368
14849,0.415813,-0.846990
14850,2.038782,0.233485
14851,-0.536728,0.515500
14852,0.086095,0.883259
14853,0.931324,0.797503
14854,2.382851,-0.016472
14855,-0.615846,0.102008
14856,0.852827,-0.143469
14857,-0.277731,1.576129
14858,0.511099,-0.656388
14859,0.672663,1.587025
14860,-1.215419,1.929221
14861,-1.709452,0.558051
14862,-0.084718,0.575565
14863,-1.826621,-0.409861
14864,-1.540147,0.941958
14865,-0.425809,1.648379
14866,-0.896493,-0.321942
14867,0.732645,1.018257
14868,0.326821,2.636323
14869,0.323382,0.254908
14870,-2.366443,0.932765
14871,-1.429284,-1.041791
14872,-0.163395,-0.604832
14873,-0.878980,2.597085
14874,0.317001,0.438996
14875,-0.891610,0.607370
14876,0.235771,0.870142
14877,-1.286899,-0.888775
14878,0.747964,1.625106
14879,-1.710360,1.112935
14880,-0.243462,2.442853
14881,-2.126264,1.153078
14882,-0.737649,-1.199532
14883,0.605498,0.626314
14884,1.450624,-0.160964
14885,1.667999,-0.510812
14886,2.582556,-1.050903
14887,1.596407,-0.498968
14888,-0.729465,0.476926
14889,1.577357,-1.537492
14890,0.758287,-0.529109
14891,0.613353,-1.014826
14892,1.820456,-0.452917
14893,-0.727470,0.286503
14894,0.102555,-0.463225
14895,-1.244423,-1.194366
14896,-1.427230,0.735524
14897,2.139019,0.470452
14898,-1.559831,-0.187978
14899,-1.890176,1.999138
14900,-0.926416,-0.473941
14901,2.214654,0.148373
14902,1.859697,-0.268823
14903,-1.160032,0.631691
14904,-1.654235,2.822002
14905,-3.316057,-0.569377
14906,-2.700099,-1.581674
14907,1.820014,-0.421826
14908,2.199887,-0.827823
14909,1.244404,-0.139211
14910,-1.660588,0.260018
14911,0.018976,0.978862
14912,0.102907,-0.957559
14913,1.103181,-0.073330
14914,2.101180,-1.701248
14915,1.974677,-1.082583
14916,1.098998,-0.101021
14917,0.075071,2.082610
14918,0.826636,0.462708
14919,1.185904,-0.661490
14920,1.555905,-0.878841
14921,1.413334,-1.239369
14922,1.651160,-0.172041
14923,0.975084,-0.698933
14924,1.709410,-0.726646
14925,-0.007888,-0.569834
14926,-0.317676,-0.258305
14927,1.263538,-0.278723
14928,0.124475,-0.553788
14929,-0.463168,1.341738
14930,-0.906437,-1.362787
14931,1.360274,0.129446
14932,1.594761,0.182246
14933,1.042952,-0.493967
14934,1.611757,-0.802753
14935,-1.239414,-1.553155
14936,1.043731,-0.605547
14937,1.062711,-1.025058
14938,1.480777,-0.183508
14939,1.584557,-0.903353
14940,-1.515676,-0.405872
14941,0.468839,-0.719133
14942,0.919381,-0.792622
14943,-1.795527,-1.302490
14944,1.867011,-0.136245
14945,-0.843349,2.654114
14946,-1.695997,-1.276262
14947,1.441881,-0.273398
14948,0.577888,-0.934378
14949,1.287456,-0.668153
14950,-1.944208,-0.313518
14951,-1.562990,-0.562944
14952,1.377411,-0.521992
14953,-0.713277,0.247950
14954,-2.923203,-1.365327
14955,0.214991,0.122732
14956,0.780001,-0.006976
14957,0.552914,-0.412880
14958,1.111672,-1.428226
14959,-1.718307,-1.311190
14960,-0.332588,-0.995925
14961,-2.408610,-0.472914
14962,-1.268519,0.876103
14963,-1.194384,-1.472302
14964,-1.694641,-1.915435
14965,-1.404557,-1.425989
14966,1.458286,-0.014169
14967,1.291789,-1.059026
14968,1.878989,-0.694263
14969,-1.233007,-1.570983
14970,1.119311,-1.414468
14971,2.390836,-1.454746
14972,-0.393035,-1.620594
14973,-0.827007,-1.349671
14974,0.861862,-0.163934
14975,1.529258,-0.010961
14976,-3.519211,0.806860
14977,-1.495991,0.098469
14978,-0.562272,-0.592082
14979,-0.902462,-0.437024
14980,-1.558234,-0.951061
14981,-0.762609,-0.879604
14982,-1.703153,-1.755924
14983,-0.254433,0.093742
14984,0.160880,0.241843
14985,-0.260040,-0.411279
14986,-0.642349,-0.271504
14987,0.006330,0.142242
14988,0.566731,-0.529357
14989,-1.586174,-0.564819
14990,0.763187,-0.414529
14991,2.328974,0.034247
14992,-1.973578,-2.810040
14993,1.219697,-0.422424
14994,-2.138167,-1.163234
14995,-1.427308,-0.094680
14996,0.678631,0.466407
14997,-0.070781,-1.374688
14998,-0.846213,-0.949676
14999,-0.796535,-1.382418
15000,0.339840,-0.978980
15001,-2.521796,0.069703
15002,0.614109,-0.680087
15003,-0.801379,-1.071391
15004,-1.301119,0.274914
15005,-2.152200,0.334246
15006,-0.808418,0.070236
15007,2.442740,-0.841528
15008,-2.750164,-2.810733
15009,1.039500,-0.799819
15010,-0.239094,-1.836137
15011,-0.749933,-1.361621
15012,1.645292,-0.753795
15013,-0.797297,-1.029801
15014,-2.684814,0.094228
15015,-1.926126,-0.624356
15016,-1.077043,-1.485939
15017,0.981509,-0.885343
15018,0.059281,-0.446442
15019,-1.542451,3.832395
15020,1.277092,-0.252305
15021,-0.265871,0.590504
15022,-1.937918,-1.413421
15023,-1.134194,-0.274029
15024,-0.263432,0.731121
15025,0.755485,-0.983811
15026,-2.632038,0.246544
15027,-1.124207,-0.126273
15028,-0.861239,-0.218249
15029,-1.805527,-2.084316
15030,-0.220167,-1.461853
15031,-1.121442,-1.724018
15032,2.084711,-0.630317
15033,0.392406,-1.648952
15034,-0.855653,-1.984213
15035,-1.224265,-0.563733
15036,-2.768618,2.361139
15037,-1.424621,0.579876
15038,-2.231233,0.455380
15039,-1.623320,-0.053866
15040,1.567583,0.735605
15041,1.113453,0.121965
15042,0.278821,0.401922
15043,-2.803323,0.654191
15044,-2.026301,0.217121
15045,-1.240217,-0.126555
15046,-0.540275,-0.099809
15047,0.434945,0.239513
15048,-1.878484,-1.154106
15049,1.291046,1.048810
15050,-1.218491,0.400178
15051,0.274543,1.010699
15052,-0.152581,0.843899
15053,-1.335880,-2.178539
15054,-0.634288,1.724653
15055,1.375561,2.991316
15056,-2.492817,0.565361
15057,-2.255389,0.607223
15058,-0.025596,0.119277
15059,-0.531130,-1.686904
15060,-2.670777,-1.235714
15061,-0.119369,0.820588
15062,0.382118,-0.783687
15063,-0.784003,0.661778
15064,1.263776,-0.334883
15065,0.577319,0.574104
15066,-0.353008,-0.737360
15067,-0.330521,0.896957
15068,-0.978371,0.235591
15069,-2.476417,-0.543223
15070,0.330566,1.509076
15071,-0.397373,0.678423
15072,0.534825,0.568134
15073,-2.607408,0.553424
15074,-0.272050,-1.159302
15075,-0.803795,-1.469205
15076,0.225026,-0.200355
15077,-1.820134,-0.730306
15078,-1.178496,1.061666
15079,-0.701364,0.092172
15080,-2.075988,0.057666
15081,-1.363166,0.571314
15082,-0.428767,-1.128513
15083,0.310849,-0.758420
15084,0.085058,-1.645703
15085,-0.204335,-1.190537
15086,0.160271,-2.281624
15087,-1.159591,-2.375489
15088,0.212925,-0.931902
15089,-0.605181,-1.160576
15090,-0.861667,1.170074
15091,2.809109,-1.214792
15092,0.077843,0.747929
15093,1.234433,-0.035569
15094,-0.672181,-0.637430
15095,-2.420876,-1.255705
15096,-2.674605,-1.277516
15097,-1.304801,-1.926295
15098,-2.107300,-1.667963
15099,-0.247917,0.735781
15100,-2.884506,-0.218694
15101,0.760219,1.000952
15102,3.190689,-0.639617
15103,0.950636,-1.275685
15104,0.794477,-0.065068
15105,-1.574232,-1.143683
15106,-3.595528,-2.148419
15107,0.233713,-0.134512
15108,-0.363303,-0.124894
15109,0.732420,-0.234973
15110,0.036991,-1.312749
15111,0.456128,-0.131566
15112,-0.367530,-0.916904
15113,-1.657606,-0.648955
15114,-0.917870,-1.439498
15115,-2.058153,-1.231644
15116,-0.690139,-0.177708
15117,-3.323959,1.134803
15118,-0.287148,-1.148316
15119,1.057888,-0.495528
15120,0.946939,-0.796362
15121,0.906451,0.075946
15122,-1.161050,1.115644
15123,-2.535241,2.091761
15124,-0.476264,0.402768
15125,0.329689,-0.170362
15126,0.100832,-0.414233
15127,-0.110613,-0.545328
15128,-0.171252,0.134474
15129,-0.537501,-0.149298
15130,-1.499487,0.310783
15131,-4.859506,-1.283240
15132,-2.446823,-0.828770
15133,0.685834,-0.128092
15134,2.096574,-0.445830
15135,0.904065,-0.143272
15136,-4.477172,-1.351738
15137,1.018423,0.445441
15138,0.077279,-1.044422
15139,-2.686377,0.785717
15140,0.624708,0.967795
15141,0.685329,-0.672653
15142,0.246086,0.380799
15143,-0.211769,0.347794
15144,0.281076,-0.294428
15145,-0.275103,1.036873
15146,-0.642117,0.045780
15147,-3.709785,-2.710110
15148,1.335035,0.013849
15149,-1.674675,0.167405
15150,0.537637,-1.136823
15151,1.132865,-1.102452
15152,-0.158355,-1.780555
15153,-0.030522,-0.682246
15154,0.086815,-0.560633
15155,-1.438695,-1.378271
15156,-2.916172,0.810679
15157,1.132301,-0.362705
15158,-0.288677,-0.285872
15159,-1.202952,-0.584129
15160,-1.130036,-0.434436
15161,-0.498861,-0.089741
15162,0.263852,0.688382
15163,0.055538,-0.373313
15164,0.714410,-0.902146
15165,-0.009887,0.632375
15166,-0.300262,0.009232
15167,-0.904772,-0.683531
15168,0.680468,-0.077983
15169,-1.130775,2.419040
15170,-1.149618,0.416524
15171,-1.189823,1.446541
15172,-1.789228,-0.447392
15173,1.651614,-0.525519
15174,1.484940,-0.130390
15175,-0.689058,1.708057
15176,-0.130085,0.656353
15177,-0.054636,-0.131229
15178,0.690098,-0.179782
15179,1.352486,-0.934445
15180,0.234792,0.463903
15181,0.958344,0.027194
15182,1.421760,0.126586
15183,-1.201689,-1.268619
15184,0.154471,-0.065336
15185,-0.422981,-1.219895
15186,-0.301130,1.339786
15187,-0.627126,0.009106
15188,1.501780,-0.548078
15189,-0.325171,0.926839
15190,-0.249751,2.322314
15191,-1.508154,0.736202
15192,-1.376949,0.112993
15193,-0.067941,-0.691675
15194,-0.602817,-1.187595
15195,-0.264098,-0.403571
15196,0.334498,-0.026470
15197,-0.906605,0.434794
15198,-1.264900,-0.114586
15199,0.021996,0.084633
15200,1.120978,-0.905864
15201,0.158456,-1.014992
15202,-0.652123,0.033876
15203,0.325862,0.572799
15204,-0.883988,1.656351
15205,0.026107,-0.761104
15206,-0.354215,0.767368
15207,-0.321899,1.097908
15208,-0.089251,-0.289152
15209,0.258150,-0.462783
15210,1.034261,-0.766151
15211,-0.173027,0.158684
15212,-1.744362,-2.615973
15213,1.235789,-0.290825
15214,-1.245098,-0.785399
15215,-2.621462,0.324478
15216,0.522057,-0.355862
15217,0.473927,-0.945552
15218,-0.007912,0.216676
15219,1.416744,-0.661248
15220,1.317333,-0.500352
15221,-0.422281,1.271618
15222,-1.357971,0.136666
15223,-0.643948,-1.037626
15224,-1.165774,1.229442
15225,0.768795,-0.460898
15226,-0.792556,-0.512011
15227,-0.977999,0.621051
15228,0.509405,-0.497587
15229,1.217673,-0.275358
15230,-0.818064,0.051976
15231,0.115068,-1.879248
15232,-1.987265,0.046722
15233,1.019235,-1.104645
15234,-0.051031,-0.428172
15235,1.109970,-0.549069
15236,-0.631773,0.217492
15237,-0.319155,-1.055820
15238,-0.435133,-1.534770
15239,0.272655,-0.770704
15240,-0.058112,-0.920114
15241,1.086269,0.486790
15242,0.682113,0.228623
15243,-0.133295,-0.690868
15244,0.439563,-0.022681
15245,-1.272706,-0.554814
15246,-0.820063,1.790266
15247,1.377977,-0.630623
15248,-0.354939,-0.279205
15249,1.307343,-0.774071
15250,-1.074643,-0.129664
15251,0.088080,-0.610020
15252,1.064323,0.060322
15253,0.334742,0.220024
15254,0.244186,3.071751
15255,-0.738261,-0.397449
15256,-2.042896,1.319929
15257,0.416727,-0.627412
15258,-1.663898,1.101147
15259,0.754344,-0.119663
15260,-0.077557,2.099419
15261,0.351307,-0.267409
15262,0.213723,0.102950
15263,-0.357025,1.196670
15264,0.629223,0.625959
15265,0.499866,-0.029827
15266,-1.611370,0.611079
15267,0.192197,2.922867
15268,-0.427695,-2.058561
15269,-2.668320,0.368525
15270,0.269743,1.299171
15271,0.745198,1.459709
15272,-0.842908,-0.482554
15273,0.204215,-0.621453
15274,1.280092,0.993732
15275,1.545443,1.356064
15276,1.006407,0.680482
15277,-2.378118,-0.259177
15278,-0.001974,-0.345108
15279,-1.999019,0.859584
15280,0.823233,0.879111
15281,0.369682,-0.565396
15282,0.471471,1.586470
15283,0.500502,0.294938
15284,-1.290420,0.698519
15285,0.089661,-0.451151
15286,-2.075694,-3.016565
15287,-0.660228,1.688332
15288,1.146253,-0.214625
15289,-0.905075,-1.166705
15290,2.065346,-0.678840
15291,1.168997,0.315163
15292,0.142625,0.535382
15293,-0.480297,0.994443
15294,0.089167,1.295510
15295,-2.157867,1.039395
15296,0.690942,-0.050718
15297,1.037180,0.609060
15298,1.315016,0.126651
15299,-0.866665,-0.261113
15300,-2.970913,0.206615
15301,-0.987798,0.324566
15302,0.417450,-0.415505
15303,0.860845,1.378691
15304,-1.220791,1.024316
15305,-0.453055,-0.527763
15306,-0.053291,-1.120986
15307,-1.945567,0.522770
15308,0.400319,-0.637737
15309,-0.920562,-0.558617
15310,1.200664,0.490346
15311,-1.269665,0.500976
15312,1.661585,0.721560
15313,-1.788374,-0.849202
15314,1.961183,0.372063
15315,0.386302,0.309865
15316,0.750391,-0.568127
15317,0.096075,-0.402332
15318,-0.201948,-0.885147
15319,1.085794,0.005328
15320,-2.595755,1.505713
15321,1.308167,-0.033747
15322,1.239483,-0.650192
15323,1.203189,-0.548925
15324,-1.544597,0.422473
15325,-1.695075,0.899923
15326,0.994131,-0.677708
15327,-0.194313,-0.610866
15328,-1.226112,0.693101
15329,-2.617405,-0.524343
15330,0.550385,0.765442
15331,-1.123581,1.797201
15332,0.074570,0.254117
15333,-3.524343,-0.665859
15334,-0.410463,-0.479753
15335,-1.763847,2.059537
15336,-2.182019,0.607453
15337,-0.177328,0.211126
15338,2.242424,-0.464280
15339,-0.020908,0.582012
15340,0.659847,1.501914
15341,-3.002621,-0.337846
15342,1.772915,0.058276
15343,-0.888062,0.305530
15344,-0.410552,-0.130538
15345,-1.115604,1.943315
15346,0.347275,-0.283127
15347,-2.202410,0.477873
15348,0.725161,-0.386841
15349,0.368352,-0.333236
15350,-0.204343,-0.529835
15351,0.715567,0.275865
15352,-2.071239,0.695930
15353,-0.946371,-0.335148
15354,-1.394925,-1.033357
15355,-0.703136,0.033852
15356,-1.991908,0.205459
15357,-1.921843,0.703037
15358,-0.257596,-0.089704
15359,-1.454479,0.375286
15360,-2.799278,-1.500487
15361,0.744236,-0.626502
15362,1.395188,-1.124539
15363,1.237722,-0.390046
15364,1.459133,-1.229235
15365,1.766899,-1.048150
15366,0.617235,0.086840
15367,0.887745,-1.239429
15368,1.432799,-0.088325
15369,0.878540,0.236194
15370,-0.197425,-0.477743
15371,0.685765,-0.911610
15372,-0.496008,-1.074526
15373,-1.643566,-1.166067
15374,-2.200097,-1.414815
15375,-0.268097,-0.794012
15376,-2.282833,0.705507
15377,0.642369,-0.354993
15378,1.661293,-0.831308
15379,0.351454,-0.696847
15380,-0.018504,-0.669902
15381,-0.032114,0.400269
15382,-0.217739,-1.301430
15383,-1.293240,-0.223726
15384,-2.205872,1.992582
15385,-1.517069,-0.107731
15386,-1.119837,-0.344460
15387,-0.688944,0.632240
15388,-0.586565,-0.349658
15389,-2.047094,-1.271318
15390,0.744116,0.302531
15391,0.337554,-0.324455
15392,2.539974,0.480370
15393,0.303495,1.608211
15394,-0.079030,0.379443
15395,0.427542,0.480880
15396,-1.783965,-1.565845
15397,0.334347,1.427783
15398,-1.373549,-0.192253
15399,-0.729832,0.643619
15400,0.634840,0.456072
15401,0.077063,0.073478
15402,-1.147186,-0.705457
15403,-2.231917,0.498241
15404,-0.799970,0.090610
15405,0.584117,4.258196
15406,0.606720,0.436527
15407,-2.221530,0.586988
15408,-0.378607,-0.357440
15409,0.948340,0.068956
15410,-2.173864,1.060690
15411,-0.372897,1.983393
15412,1.717721,1.159336
15413,-0.407243,0.316717
15414,0.314524,0.088294
15415,2.131806,0.727477
15416,2.676927,-0.373649
15417,-0.907354,0.933363
15418,0.339076,0.377867
15419,0.871755,-0.001896
15420,-0.133352,-1.168065
15421,-0.003670,0.001046
15422,0.366212,-0.183163
15423,0.553577,-0.884983
15424,0.272658,3.122307
15425,-0.657204,-1.654919
15426,-2.854960,2.407081
15427,-0.207244,0.117156
15428,-0.694305,0.026568
15429,-1.825939,-0.229364
15430,1.892345,-0.270216
15431,0.139805,-0.816213
15432,1.509674,0.247540
15433,-0.592179,-0.893777
15434,0.346545,0.830433
15435,0.124687,-0.732839
15436,1.948037,0.020621
15437,-1.963299,0.637700
15438,0.421269,1.185687
15439,-2.535617,0.857282
15440,0.668726,-0.739034
15441,-1.437615,-0.804032
15442,1.443925,0.663692
15443,-0.569104,0.549773
15444,1.301659,0.347450
15445,-0.057798,1.120140
15446,-1.692549,-0.362752
15447,0.196722,0.896875
15448,0.139632,0.620064
15449,-2.136934,1.590692
15450,0.539628,1.571846
15451,0.632624,0.327189
15452,-0.247917,0.735781
15453,-1.170667,-0.222848
15454,-2.800322,0.318454
15455,0.753625,0.493886
15456,0.462117,0.376208
15457,1.097861,-0.598443
15458,-1.561061,0.313172
15459,1.575959,0.187342
15460,1.153935,0.425882
15461,-1.470721,0.772778
15462,-0.583279,0.287566
15463,-0.103286,-0.434831
15464,-2.503049,0.077089
15465,1.746583,-0.015788
15466,-1.295383,3.485729
15467,-3.439383,-1.326883
15468,1.619396,-1.158635
15469,1.034541,0.187164
15470,-0.284896,-1.515900
15471,1.900382,0.172191
15472,1.446320,-0.325391
15473,1.863819,-0.417675
15474,-1.372206,0.272330
15475,0.379570,-0.136999
15476,-1.481567,-0.672937
15477,-2.189221,-0.201567
15478,-1.540548,-1.158535
15479,-1.223104,0.103040
15480,0.592294,-1.206123
15481,1.237845,-0.179003
15482,1.152860,-0.398014
15483,0.620287,0.435028
15484,-0.805908,-0.038494
15485,-0.724293,-1.642286
15486,-2.172131,-0.752427
15487,-0.502228,0.780554
15488,-0.884589,0.804390
15489,-0.580270,-0.195839
15490,-0.800161,1.197795
15491,-1.377354,1.765946
15492,1.140951,-0.412335
15493,1.305853,-0.802539
15494,-2.446154,3.121343
15495,1.429448,0.592641
15496,0.444517,0.593708
15497,-1.501133,2.143636
15498,1.239583,0.198677
15499,1.676976,-0.067260
15500,1.358372,-0.327706
15501,-1.935972,1.400373
15502,-3.775380,-2.651411
15503,1.682084,-0.842715
15504,2.023146,-0.797154
15505,0.028002,-0.432898
15506,-0.109447,-1.062897
15507,0.424553,-0.836337
15508,-2.161964,0.678926
15509,-0.898316,0.526861
15510,1.095495,1.919147
15511,1.019596,-0.468774
15512,1.299567,-1.096119
15513,0.931621,1.387821
15514,-0.048009,-0.504647
15515,0.380203,-0.418894
15516,2.214996,-0.228691
15517,0.986488,0.028549
15518,1.947634,0.013504
15519,1.460475,0.227957
15520,-0.388937,0.680221
15521,0.080466,1.615948
15522,0.830074,0.530314
15523,-0.880833,0.825129
15524,0.339345,-0.531321
15525,0.915634,0.489565
15526,0.110952,1.896748
15527,0.188106,0.328370
15528,-0.176850,0.566911
15529,0.716851,-0.399445
15530,0.890576,-0.183766
15531,0.145870,-1.303711
15532,1.697014,0.062555
15533,2.091994,0.085709
15534,0.622058,-0.084319
15535,1.117640,-0.964307
15536,1.220384,-0.356923
15537,-3.021892,-0.509191
15538,-0.119834,0.749206
15539,-1.827305,-0.456933
15540,-1.750242,-1.688427
15541,0.416086,-0.337920
15542,0.562189,0.288852
15543,0.920626,0.069494
15544,0.179291,1.921699
15545,0.360818,0.195122
15546,0.440540,2.415391
15547,0.627319,0.385639
15548,0.382540,-0.173383
15549,-0.296303,-0.391901
15550,0.171695,-0.237983
15551,0.617178,-0.376778
15552,-0.635036,-0.375473
15553,-0.467909,0.083366
15554,-0.396258,-0.029688
15555,-0.903893,-0.339189
15556,1.010545,-0.859465
15557,0.404227,-0.290296
15558,0.803926,-0.258963
15559,0.784552,0.154000
15560,-1.615892,-1.054991
15561,-0.006149,-0.335951
15562,1.068526,-0.128696
15563,0.215171,-0.616974
15564,0.823533,-0.575496
15565,-1.530274,2.044044
15566,2.683048,-0.362051
15567,0.985327,-0.482366
15568,1.783672,-0.551494
15569,-1.611265,-1.050776
15570,0.871116,-0.453034
15571,-0.968754,0.145046
15572,-0.206508,0.770437
15573,1.408845,0.327996
15574,0.653314,0.282704
15575,1.529993,1.110284
15576,-0.103935,-0.799037
15577,-1.543533,0.682131
15578,-0.247414,-0.397329
15579,0.139952,1.339048
15580,-0.462845,-0.709774
15581,-1.669340,-0.467811
15582,1.320217,-1.579167
15583,-0.186781,0.120943
15584,0.944212,0.361696
15585,-0.933499,0.788581
15586,3.365514,-1.080114
15587,0.244227,-0.360762
15588,0.396007,-0.139041
15589,0.222107,-1.135811
15590,0.209366,-0.431606
15591,0.876187,-0.519066
15592,-0.299367,0.500870
15593,-1.412313,2.304406
15594,-1.664736,0.886228
15595,-0.311786,-0.217533
15596,0.415851,-0.719940
15597,-0.137021,-0.563424
15598,0.104808,-1.163244
15599,-0.623799,-1.982474
15600,1.703615,-1.324435
15601,-0.410756,0.224446
15602,-0.160279,0.897729
15603,0.824367,-1.580458
15604,1.121414,-0.846937
15605,1.335319,-0.915452
15606,1.081011,0.269357
15607,0.871747,-0.755372
15608,-0.005352,-0.004044
15609,-1.045243,-1.094781
15610,1.030965,-0.734019
15611,1.686575,-0.860737
15612,1.345081,0.157275
15613,0.444152,0.826127
15614,-0.587506,0.415055
15615,-1.298065,1.176327
15616,0.897778,2.080696
15617,-1.456233,1.097258
15618,-0.098723,-0.330695
15619,0.165763,0.840259
15620,2.177741,-0.643470
15621,-2.162090,-1.141149
15622,0.402730,-0.371125
15623,2.207445,2.112545
15624,-0.748403,2.231582
15625,-2.821878,0.255871
15626,1.135484,0.737215
15627,1.845178,0.933408
15628,-0.523239,-0.370114
15629,-0.002537,1.019994
15630,-1.526542,-0.947114
15631,-1.061615,-0.854962
15632,0.440271,-0.401911
15633,0.205984,0.544470
15634,-0.627300,3.295323
15635,1.278320,2.830564
15636,-0.120352,0.656940
15637,-0.389505,2.999251
15638,1.967453,1.315101
15639,0.621883,0.766180
15640,-2.325814,0.328976
15641,0.497095,1.343502
15642,-1.209547,3.234608
15643,-1.076819,-0.336617
15644,-1.103815,-0.914724
15645,0.412387,0.737840
15646,2.002190,0.630899
15647,-1.554766,-0.050150
15648,-0.489891,0.357151
15649,0.856695,-0.734609
15650,0.176259,-0.754917
15651,-0.176929,0.040607
15652,0.001670,1.046798
15653,-0.984833,0.659754
15654,-1.534346,2.621569
15655,-0.961544,1.892379
15656,2.063508,1.752708
15657,1.160744,0.584100
15658,0.734121,0.011657
15659,1.414431,-0.053392
15660,0.406309,1.723939
15661,-1.961114,0.075065
15662,-3.012177,1.451470
15663,0.607716,0.601681
15664,0.086771,0.873044
15665,-0.271908,0.964781
15666,-0.016808,2.785724
15667,1.196835,1.565199
15668,0.905636,3.131329
15669,0.080835,-0.339438
15670,1.021027,1.459985
15671,-0.062964,-0.205363
15672,2.445106,-0.431719
15673,2.152081,-1.121871
15674,0.596944,2.602684
15675,2.314902,0.485300
15676,2.451846,-0.222815
15677,0.912954,0.234051
15678,0.286790,1.357792
15679,0.774986,1.078979
15680,-0.377661,0.439922
15681,0.674518,-0.428306
15682,-0.010070,0.602576
15683,0.733331,4.549664
15684,1.364394,1.020635
15685,-0.411585,2.499697
15686,0.601109,1.406422
15687,0.431609,3.072708
15688,0.235472,3.121136
15689,0.393170,2.352633
15690,2.196285,0.008340
15691,-1.133815,1.408392
15692,-0.138851,1.276524
15693,-2.264869,-0.297215
15694,0.536103,3.013855
15695,-0.756322,0.675947
15696,1.396224,0.961473
15697,-1.883232,0.657663
15698,1.447716,1.886697
15699,-0.543488,0.685174
15700,1.977125,0.249915
15701,-1.553656,0.718027
15702,-1.500191,0.164791
15703,1.042310,0.157712
15704,-0.308528,-1.026133
15705,-2.131622,-1.084300
15706,2.620766,-0.671514
15707,1.982486,0.478957
15708,0.682184,-0.261908
15709,-1.234280,2.587280
15710,-2.421745,0.775857
15711,0.792604,1.026426
15712,-1.549647,1.030853
15713,-0.825266,1.541794
15714,0.296341,3.825974
15715,1.192025,1.307802
15716,-0.838556,1.108051
15717,0.380323,1.027696
15718,0.184696,2.265082
15719,1.409884,1.079563
15720,-1.561451,0.222892
15721,0.186234,1.414121
15722,2.394479,-0.007692
15723,0.596554,4.498445
15724,1.348798,-0.981728
15725,-1.142273,0.424504
15726,0.423938,5.094032
15727,-0.455992,1.133483
15728,-1.285687,1.467707
15729,0.984153,0.532167
15730,-0.649542,2.017319
15731,1.181955,-0.629607
15732,2.206481,0.076486
15733,2.656780,1.022978
15734,-0.158132,1.068899
15735,-0.882715,-0.518201
15736,0.796000,2.141420
15737,-1.513576,1.644629
15738,-1.208706,1.781328
15739,1.548966,-0.046277
15740,0.662104,-0.309616
15741,1.259803,3.649801
15742,-0.807745,1.041584
15743,-1.627105,1.144401
15744,-0.317951,0.572100
15745,2.005722,2.954921
15746,-0.670161,2.417530
15747,1.626921,0.190701
15748,-0.723298,1.435905
15749,-1.771973,3.676653
15750,0.409447,1.061272
15751,-0.151977,0.380053
15752,-0.492979,1.679697
15753,-0.746619,1.936580
15754,0.183839,-0.269077
15755,0.787349,-0.588926
15756,0.089752,-1.022100
15757,0.898522,4.197416
15758,-2.210382,1.624445
15759,-0.070067,3.536781
15760,-2.268326,-1.211942
15761,0.775805,3.736228
15762,1.722975,0.218673
15763,-0.216251,-1.412586
15764,0.640161,2.222988
15765,-0.206371,0.613718
15766,-2.179469,0.751985
15767,1.513771,2.747282
15768,2.308734,0.412808
15769,1.522798,0.529565
15770,-0.453317,0.407271
15771,0.874331,0.871107
15772,-0.194576,0.520472
15773,1.649138,-0.191560
15774,0.105904,-0.237016
15775,0.632123,-0.334218
15776,1.137194,2.362359
15777,0.724492,-0.444334
15778,-1.154647,1.663857
15779,-0.682778,0.690194
15780,-1.358795,0.486021
15781,1.936805,0.072194
15782,0.828832,0.680186
15783,1.233245,0.777918
15784,1.479730,0.920385
15785,2.063326,0.847499
15786,1.227987,0.882897
15787,-0.281131,0.394025
15788,0.127378,1.551700
15789,0.112485,4.102508
15790,0.703228,-0.214570
15791,-0.354920,2.587764
15792,0.861957,0.202488
15793,-0.798729,2.272134
15794,0.294905,1.455093
15795,-0.623029,-1.826322
15796,1.083979,0.834764
15797,-2.608041,1.220249
15798,-0.301451,0.047719
15799,0.496865,2.722056
15800,-1.146848,1.587656
15801,1.365312,-0.204279
15802,0.689347,1.987288
15803,1.162337,1.273343
15804,-0.127168,1.600910
15805,1.890959,2.562238
15806,1.875966,-0.236088
15807,2.161476,1.292564
15808,1.905071,-0.304249
15809,-0.117338,1.166885
15810,0.628482,0.309414
15811,-1.151734,2.450901
15812,-0.539981,-0.066306
15813,0.192831,1.451210
15814,0.201136,2.334895
15815,-0.036407,-1.746084
15816,1.738529,1.799380
15817,-1.774879,0.866600
15818,-1.961987,2.384663
15819,0.171879,1.763665
15820,0.491059,1.734878
15821,1.222323,0.216210
15822,0.145451,0.267363
15823,-0.874556,0.964458
15824,1.419701,0.035280
15825,0.907598,0.428296
15826,-1.753032,0.071676
15827,-0.883521,1.076218
15828,-0.657402,1.450765
15829,2.705937,0.277022
15830,-0.927835,0.933905
15831,1.901296,0.376653
15832,1.175930,1.474631
15833,-0.839846,1.962303
15834,0.994145,0.750097
15835,0.807815,2.685671
15836,-1.680964,1.034672
15837,0.993635,1.103322
15838,2.155036,0.228457
15839,0.969743,1.337384
15840,-2.094333,1.463185
15841,-1.906258,-1.850960
15842,-2.849344,-3.312301
15843,-1.516921,0.396603
15844,2.024980,0.725981
15845,-1.247020,2.149181
15846,0.324013,1.406123
15847,1.752819,0.590725
15848,1.245215,1.116323
15849,-3.789875,0.999002
15850,0.307618,-0.913171
15851,0.406887,0.995369
15852,0.198331,1.231940
15853,-0.717076,0.326490
15854,-0.516390,-0.192815
15855,0.038109,0.455608
15856,0.417297,0.681862
15857,-0.122741,-0.938960
15858,1.022897,-0.772339
15859,1.549290,-0.667180
15860,-0.635168,-1.420421
15861,0.416609,-0.438841
15862,0.543810,-0.572984
15863,1.282717,-0.254991
15864,0.918842,0.342964
15865,1.807315,0.643369
15866,-1.479553,-0.677454
15867,1.866166,-0.480429
15868,-1.936793,1.800890
15869,1.462041,0.018664
15870,0.552326,0.536862
15871,1.029114,0.887524
15872,-2.448581,2.208158
15873,-0.814816,1.212174
15874,0.005438,-1.268039
15875,-0.735076,0.479584
15876,2.158042,1.139605
15877,0.809492,0.516301
15878,1.016739,0.005040
15879,0.945765,0.007853
15880,0.327609,-1.283716
15881,0.858807,0.898347
15882,-1.310610,-1.099058
15883,-0.413833,1.809366
15884,1.249683,2.021419
15885,0.451297,0.873129
15886,-1.086269,-0.397641
15887,0.662539,-0.271289
15888,-1.550245,-1.530494
15889,0.400414,0.820562
15890,0.854066,1.283250
15891,-0.386199,0.387274
15892,1.131030,-0.286786
15893,0.699007,0.392507
15894,1.989032,0.342070
15895,1.077973,2.010961
15896,-0.084266,0.677144
15897,1.571670,2.838519
15898,1.286268,-0.241288
15899,-0.163906,2.521735
15900,-1.342791,-1.000975
15901,1.578333,0.644513
15902,1.570931,1.658035
15903,-0.188029,-0.441553
15904,-0.868761,-0.271658
15905,0.657591,-0.496078
15906,1.610186,-0.267868
15907,0.932855,-0.235148
15908,0.252863,-0.099178
15909,0.183878,-0.307724
15910,1.259149,0.393977
15911,1.157702,-0.164188
15912,0.619895,0.901363
15913,-0.199052,0.094830
15914,0.308781,0.845225
15915,0.327396,-0.091113
15916,-1.509301,-1.507316
15917,-2.565334,1.227525
15918,-1.280121,0.685142
15919,0.039380,-0.157662
15920,0.007848,-0.630279
15921,2.548750,-0.513450
15922,1.955795,-0.577571
15923,-0.246873,1.125495
15924,0.527036,1.077726
15925,0.476552,5.145426
15926,2.855829,0.112855
15927,0.036441,-0.136214
15928,1.162883,-1.120000
15929,3.365514,-1.080114
15930,1.461806,0.813180
15931,-0.294726,0.537044
15932,1.415051,0.443848
15933,2.079257,-0.007034
15934,2.201149,0.169426
15935,-0.467103,1.960057
15936,1.089555,0.147160
15937,2.330678,-0.795135
15938,2.861570,-0.866599
15939,1.637045,1.718200
15940,2.645902,-0.379591
15941,2.616215,-0.600383
15942,-3.240874,1.879767
15943,2.073079,-0.593748
15944,-2.340716,1.427483
15945,-1.424040,0.978875
15946,1.520619,0.111234
15947,0.755972,0.342655
15948,0.359001,0.146400
15949,0.900478,-0.180031
15950,1.313929,1.278730
15951,1.744895,-0.303172
15952,0.063024,-0.459588
15953,-1.046144,-0.310395
15954,2.621937,-0.489702
15955,1.719439,0.675341
15956,0.011651,-0.562737
15957,1.789025,-1.014975
15958,0.624167,0.578989
15959,1.930123,-0.402510
15960,-1.619526,0.537445
15961,0.802351,-0.833671
15962,1.635613,-0.664961
15963,1.657809,-1.049159
15964,1.722155,-0.254820
15965,-1.055892,1.167081
15966,-1.303585,1.070557
15967,1.128538,0.705352
15968,-0.607398,-0.066002
15969,-1.037739,1.965312
15970,0.113007,-0.038732
15971,0.172227,-1.932099
15972,-0.004516,0.644432
15973,1.055896,-0.304097
15974,-0.904071,-0.163247
15975,0.660345,-0.892342
15976,0.837800,0.344864
15977,0.348624,0.516754
15978,0.169737,-0.675797
15979,2.183835,0.049996
15980,-0.730910,-1.078814
15981,-0.192503,0.078982
15982,-0.049172,0.144027
15983,0.854833,-0.328198
15984,-2.386239,-1.611002
15985,1.515580,-0.052420
15986,1.901448,-0.368963
15987,2.189430,-0.651746
15988,0.919867,0.028740
15989,-0.281097,-0.245816
15990,1.175877,-0.558906
15991,0.919865,-0.769898
15992,-1.366161,-0.630374
15993,0.243564,-0.351515
15994,1.357044,-0.932108
15995,-0.451400,0.376525
15996,0.189530,-0.287806
15997,1.683127,0.634021
15998,-1.514714,0.812436
15999,1.392506,-0.754566
16000,-0.003279,-1.184729
16001,-0.628312,1.103575
16002,1.040909,-1.955464
16003,1.150768,-0.354268
16004,-0.549972,0.436824
16005,-0.221143,0.209631
16006,1.404513,-0.273464
16007,0.245229,-1.974589
16008,0.385161,0.698040
16009,-0.177965,0.070621
16010,-3.399861,-0.318448
16011,-1.408333,1.344412
16012,0.581024,-0.566633
16013,-1.546424,2.376312
16014,1.325502,-1.725352
16015,1.922788,-0.398302
16016,1.333775,-0.373292
16017,0.390382,-0.089030
16018,0.712845,-0.799242
16019,1.168828,-0.074741
16020,1.470674,-0.637869
16021,-0.494914,2.507617
16022,1.299819,-0.295668
16023,1.675311,-0.623285
16024,-0.061595,-1.857006
16025,-1.922697,-0.152427
16026,1.894659,-1.890413
16027,-0.071018,1.630056
16028,0.641344,-1.331925
16029,0.526991,-1.941982
16030,0.578857,-0.781742
16031,-1.295455,0.087347
16032,0.548263,-1.247431
16033,1.541843,-0.134062
16034,0.083134,-0.163978
16035,1.954087,0.555482
16036,0.772380,1.389496
16037,-1.064924,0.216697
16038,0.042028,1.961072
16039,0.106324,1.245785
16040,0.316292,-0.759956
16041,1.120908,-0.249776
16042,1.354537,-0.360597
16043,-2.225244,0.065431
16044,-3.045405,0.889254
16045,0.480881,-0.843961
16046,-0.011151,-0.205086
16047,-4.101088,-0.267750
16048,-1.602706,0.532683
16049,-2.116968,0.350967
16050,-0.022479,1.057107
16051,1.486931,0.730220
16052,-2.643339,0.902376
16053,1.210586,1.011855
16054,-0.550278,3.244902
16055,-2.020267,0.259745
16056,0.175726,0.124525
16057,0.832003,0.220948
16058,-2.766239,-0.619083
16059,-1.175602,0.432673
16060,-1.326078,0.633642
16061,-1.337691,-1.007609
16062,-1.624610,-0.184245
16063,0.990123,-1.021198
16064,0.721480,-1.013109
16065,-0.584681,0.632130
16066,-2.199690,0.747465
16067,1.093820,-0.111276
16068,1.102933,-1.072363
16069,0.116520,-0.994228
16070,0.396936,0.147612
16071,0.261011,-0.310546
16072,1.490521,-0.483699
16073,-1.207012,0.107091
16074,0.001911,-0.823405
16075,1.388740,-0.169337
16076,0.818954,-0.034871
16077,-1.128338,1.130839
16078,0.264346,1.325420
16079,0.128330,0.250236
16080,1.022783,0.906418
16081,-2.295067,-0.701291
16082,-0.095535,0.635988
16083,1.276188,-0.183929
16084,-2.613964,0.928175
16085,1.220650,-0.191655
16086,1.613730,0.833211
16087,-0.234467,-1.188933
16088,0.522521,1.418796
16089,-1.661651,0.829406
16090,-0.436201,-0.587406
16091,-2.207420,-1.064977
16092,-1.704580,-0.749611
16093,-2.434927,-0.056595
16094,1.498969,-0.532237
16095,-0.375420,2.864366
16096,-1.672244,-2.462318
16097,-1.659654,-1.043835
16098,0.460135,-0.516129
16099,-1.323204,0.406618
16100,0.733819,-0.340767
16101,1.039816,-0.293833
16102,-1.191315,1.597828
16103,0.173126,-0.909720
16104,0.924412,0.294648
16105,-0.699754,-0.230710
16106,0.077629,-1.168617
16107,-0.923935,0.759088
16108,1.883036,0.016633
16109,0.528040,0.865166
16110,-1.562617,0.044740
16111,-1.257756,-1.910970
16112,-3.301235,0.406967
16113,-2.577973,1.037979
16114,0.688258,-0.139463
16115,0.560165,1.289202
16116,-0.437010,1.744568
16117,-1.666419,-0.673236
16118,-2.298765,0.671724
16119,-0.398110,1.886645
16120,-1.770332,-1.092457
16121,1.765721,-0.648294
16122,0.532108,0.338625
16123,0.374179,-0.202616
16124,-0.332861,-0.273193
16125,1.127307,1.387650
16126,0.652686,-0.061996
16127,0.636857,-1.710177
16128,-4.179933,-2.020733
16129,2.990881,-1.245191
16130,2.410102,-0.707174
16131,-0.693484,0.036233
16132,-0.361123,0.842418
16133,1.725158,-0.041230
16134,1.107016,-0.438717
16135,0.641830,0.079221
16136,-0.693958,0.643151
16137,2.300556,0.107866
16138,0.866577,-0.996747
16139,1.634976,-1.025564
16140,-0.739164,0.935834
16141,1.606863,1.396324
16142,-0.336667,1.248324
16143,-0.130095,1.997611
16144,2.130214,0.233016
16145,1.525424,-0.832823
16146,2.424578,-0.875490
16147,-1.478693,0.421431
16148,0.926529,0.257220
16149,1.800837,-0.538424
16150,-0.192452,0.697264
16151,0.858336,0.732834
16152,-0.299096,0.264194
16153,-1.326154,-0.326438
16154,-1.436407,-1.300187
16155,1.778265,0.451224
16156,-0.389745,1.113989
16157,-2.076145,0.384844
16158,1.147467,0.251490
16159,0.629088,1.236627
16160,0.992867,-0.406774
16161,1.680329,-0.087242
16162,0.053305,0.470689
16163,-1.664897,0.368712
16164,0.634492,0.961258
16165,-1.055058,1.234074
16166,1.532218,-0.808153
16167,1.644941,-0.482899
16168,-0.087992,-0.032138
16169,-0.788278,0.091333
16170,0.948948,0.584955
16171,-1.173827,1.041114
16172,1.222816,1.278049
16173,0.573360,0.039719
16174,-0.934588,-0.703546
16175,-0.091428,1.967831
16176,-0.111432,-0.328500
16177,0.723415,-0.507858
16178,-0.330063,3.592890
16179,-0.685489,1.558380
16180,-2.969025,1.272248
16181,-0.128707,0.826686
16182,-1.394386,0.282603
16183,0.575387,0.959951
16184,-2.041806,0.046565
16185,0.171205,0.725056
16186,0.452347,-0.235898
16187,0.360375,0.198389
16188,0.947087,0.742812
16189,-0.299075,-0.871940
16190,-4.480192,-2.504848
16191,-2.653283,0.204067
16192,-2.804823,-1.521829
16193,-0.421074,0.861372
16194,-0.405818,-0.924579
16195,-0.829907,-1.617640
16196,0.922072,-1.013321
16197,0.418626,0.613614
16198,1.609806,-0.760367
16199,-2.231309,1.012130
16200,0.334066,-1.227986
16201,-1.948876,0.189111
16202,0.278729,-0.368369
16203,0.957086,-1.252535
16204,-2.362231,-0.765283
16205,1.057069,1.212029
16206,-1.800095,0.949817
16207,0.459124,-0.749879
16208,1.545244,-0.368457
16209,0.252498,-0.149733
16210,-1.890553,-0.985403
16211,0.189018,-0.590543
16212,0.285611,0.904098
16213,0.721742,1.516937
16214,-1.720448,2.123528
16215,0.597617,0.287686
16216,-0.293838,0.116053
16217,-1.601123,0.201169
16218,2.153426,-0.148218
16219,1.130032,0.139901
16220,0.460004,-0.334128
16221,-3.867721,-0.723153
16222,1.453658,-0.626607
16223,0.657456,0.503424
16224,0.223403,-0.293200
16225,0.879991,0.600186
16226,2.892020,-0.867562
16227,1.472514,0.242666
16228,-1.002766,-0.534441
16229,-0.262988,1.758036
16230,-2.013988,-1.227671
16231,1.751740,-0.454384
16232,-1.743212,-0.738706
16233,0.859066,0.071217
16234,-0.506613,1.571487
16235,-0.693511,-0.678435
16236,-1.866379,0.694016
16237,0.843207,0.214630
16238,-0.046542,1.217850
16239,-0.517581,1.072119
16240,0.499097,-0.581997
16241,0.807825,-0.443493
16242,0.096553,-0.237529
16243,0.671511,0.132963
16244,-0.716604,0.242431
16245,-0.480928,0.059346
16246,0.760731,-1.151686
16247,-0.568559,0.631386
16248,1.048011,-0.265434
16249,-0.522471,1.480744
16250,1.828343,-0.695585
16251,-2.048893,-1.259113
16252,1.191531,-0.273923
16253,1.295671,0.684671
16254,0.206753,0.655865
16255,0.638571,-0.387514
16256,0.616623,0.462276
16257,-0.304728,0.435003
16258,2.316831,-0.853839
16259,-1.042968,0.169243
16260,0.234514,-0.535279
16261,-1.524882,0.010105
16262,0.080813,-1.312432
16263,0.831943,-0.631896
16264,0.772505,0.400976
16265,1.126584,0.282334
16266,1.121458,-0.176656
16267,-0.553469,0.216004
16268,0.648481,-0.053216
16269,0.274988,-0.512363
16270,0.438546,-0.757726
16271,0.477394,-0.343221
16272,0.676179,-0.442827
16273,0.485089,-0.291164
16274,0.627691,0.066548
16275,1.848675,-0.775577
16276,1.845573,-0.669718
16277,-0.237455,0.579431
16278,1.422912,-0.724901
16279,-0.557315,-0.270489
16280,-0.001038,0.907695
16281,1.048409,3.132935
16282,-0.992467,-0.552522
16283,0.566779,0.550442
16284,0.663399,-1.151071
16285,0.685078,0.020149
16286,0.691164,-0.522561
16287,1.835281,-1.037227
16288,0.732631,-0.955843
16289,0.492566,0.003324
16290,1.622916,-0.420618
16291,1.149983,-0.739341
16292,-2.384142,-0.643366
16293,0.423358,1.104844
16294,0.585019,0.253479
16295,0.492108,-0.785281
16296,-0.101566,1.145944
16297,-1.490471,-0.845881
16298,-0.632206,2.756029
16299,2.335809,-1.191617
16300,0.002002,0.549407
16301,-0.930564,0.554088
16302,0.987096,-0.518207
16303,-0.870961,-0.187536
16304,0.061692,-1.158799
16305,-0.266874,-0.102770
16306,-0.846664,0.863480
16307,-1.333732,-1.121960
16308,-1.086989,0.811686
16309,0.563236,0.092874
16310,0.449087,0.138070
16311,-0.059999,0.203682
16312,1.065794,-0.445781
16313,0.544027,1.140727
16314,0.989014,1.085125
16315,-1.155377,-0.842536
16316,0.749509,-0.776403
16317,-1.374019,-1.079081
16318,0.579174,-2.768339
16319,0.570690,-0.889198
16320,0.152486,-2.086066
16321,-0.447114,-2.595670
16322,0.007679,-0.699488
16323,-1.103666,-1.352328
16324,2.487330,-0.599816
16325,0.178437,0.137685
16326,-0.724345,0.496290
16327,0.618336,-0.141579
16328,-0.211009,-0.765653
16329,0.109961,0.612085
16330,-0.051288,2.027503
16331,-0.945852,-0.836581
16332,-1.612231,0.205717
16333,-2.810803,-0.037745
16334,-0.819113,0.802400
16335,-0.518554,-0.738315
16336,-3.460375,0.305978
16337,-0.423127,0.605196
16338,0.920995,-1.198412
16339,1.247606,-1.435134
16340,1.272314,-0.664832
16341,0.135133,2.051928
16342,1.587394,-0.703113
16343,-0.347379,-0.447635
16344,0.323359,0.361564
16345,-0.029219,0.690681
16346,0.963555,2.490698
16347,-1.740080,1.171413
16348,1.316747,0.190496
16349,-3.526466,-0.023926
16350,-0.521276,0.778135
16351,1.660494,-0.083653
16352,-1.171940,1.499471
16353,-0.740884,0.740228
16354,-0.905133,0.075180
16355,1.688927,-0.978102
16356,-1.754843,2.600615
16357,1.727284,-0.221504
16358,1.144292,-0.405399
16359,1.188660,-0.242973
16360,1.994032,0.062440
16361,0.269436,0.524332
16362,0.835003,-0.061631
16363,-0.260641,0.418789
16364,2.726877,0.014619
16365,2.998604,-0.374219
16366,-1.083171,0.591639
16367,-0.898694,0.110911
16368,1.474353,0.280556
16369,2.109480,-0.505789
16370,0.991990,5.963061
16371,0.919248,-0.683361
16372,0.998131,-0.208246
16373,2.432106,0.482977
16374,0.842184,1.111077
16375,1.754013,-0.510893
16376,1.119893,2.361350
16377,1.554753,-0.108722
16378,0.021198,-0.392357
16379,-1.755332,1.574784
16380,-0.401848,0.752047
16381,1.312879,0.878869
16382,1.668102,1.104780
16383,0.041951,0.392284
16384,0.912450,-1.649071
16385,1.856728,-0.096172
16386,2.158572,-0.618638
16387,1.277268,0.155444
16388,-0.628606,2.546184
16389,-2.348391,1.915396
16390,1.957881,-0.986756
16391,2.601826,-0.468716
16392,3.306413,-0.904739
16393,1.059392,-1.093341
16394,2.683939,-0.716146
16395,0.201949,1.478581
16396,-1.194649,0.248460
16397,1.690872,-0.220864
16398,-0.385089,-0.190600
16399,1.334077,-0.654508
16400,1.706900,-0.705880
16401,0.206257,-1.006289
16402,2.027041,0.219379
16403,-2.140929,-0.725532
16404,-1.025330,0.931295
16405,0.777787,-0.949319
16406,-1.372948,-1.408824
16407,-1.705207,0.190581
16408,1.043768,0.966490
16409,1.543463,-1.220836
16410,2.276448,0.099502
16411,-0.681682,-0.741528
16412,2.805125,0.582779
16413,-0.885971,0.798365
16414,1.420524,-0.307774
16415,0.734236,-0.085633
16416,1.328839,0.722795
16417,2.363057,-0.207394
16418,-0.631027,1.382008
16419,0.948456,-0.038498
16420,0.436474,-1.372876
16421,-0.161741,-0.990872
16422,0.517694,0.934772
16423,-1.482157,-0.351042
16424,-0.167227,1.383708
16425,1.263465,0.580114
16426,-0.896413,-1.881665
16427,-2.287119,0.537071
16428,0.753525,-1.521819
16429,1.782106,-0.128479
16430,1.445533,0.105456
16431,-0.169187,0.589463
16432,-0.231291,-0.931876
16433,-0.187967,1.005861
16434,-0.200292,1.858168
16435,0.527275,-0.370775
16436,1.194739,-0.195502
16437,1.951039,-1.634478
16438,0.267616,1.800026
16439,-0.724160,1.659755
16440,-0.189741,0.000145
16441,-1.804991,2.014001
16442,-1.079097,-0.069319
16443,-1.257670,0.323072
16444,0.437555,0.186404
16445,-0.403055,-0.208441
16446,-0.715453,-0.826621
16447,1.310858,-0.373022
16448,0.776715,0.163310
16449,1.074539,-0.206901
16450,0.637108,-0.791302
16451,-0.431483,-0.311886
16452,-0.047492,-0.315301
16453,-0.135304,-0.042480
16454,1.004565,-0.628002
16455,-0.167670,1.535642
16456,-2.400448,3.437741
16457,-3.746144,1.302795
16458,1.179136,-0.524886
16459,-1.453743,1.104994
16460,1.558904,-0.646667
16461,-1.565466,0.228495
16462,1.412196,-0.508574
16463,-2.950914,-1.228181
16464,1.227123,0.705547
16465,-1.013759,0.464160
16466,1.188090,-0.697271
16467,0.147267,-1.222336
16468,-0.634924,0.249542
16469,0.054949,0.164502
16470,-0.399029,0.203528
16471,-0.132208,-0.830306
16472,0.266958,0.128789
16473,0.002712,-0.865796
16474,0.375300,-0.677453
16475,-0.383757,-0.677758
16476,-0.858346,-0.089544
16477,0.009403,-0.253102
16478,0.766772,-0.548586
16479,0.561427,-1.073310
16480,0.056345,-0.652137
16481,-0.346021,1.228592
16482,-0.598642,0.717957
16483,1.068877,-0.813928
16484,-0.012998,-1.307553
16485,1.371702,-0.402846
16486,-1.157605,-0.051846
16487,-0.127559,-0.940394
16488,-0.683569,-0.666141
16489,1.216486,-1.329307
16490,-0.039611,-1.116761
16491,0.621481,-0.857412
16492,-0.111205,-1.072725
16493,-0.235343,-0.892985
16494,-0.755232,0.537056
16495,-1.716315,-0.840329
16496,0.243269,1.046205
16497,1.767096,1.408164
16498,-1.709913,-0.003891
16499,-0.470124,1.211273
16500,-0.393288,1.112018
16501,0.163707,0.076967
16502,0.818074,-0.056518
16503,-0.862112,1.756860
16504,1.050683,1.118768
16505,-0.478955,0.626683
16506,-2.521299,0.017666
16507,-0.009573,1.143808
16508,0.301024,0.122311
16509,1.235258,1.419145
16510,0.717283,-0.524486
16511,1.418505,0.798445
16512,-0.279881,0.299949
16513,-1.343190,-0.376229
16514,0.562217,0.521569
16515,-0.812586,1.246606
16516,-0.668670,-0.417038
16517,-2.632006,1.087488
16518,-0.701440,0.256068
16519,-3.553294,-0.228026
16520,-0.228198,-0.272606
16521,-0.215507,0.350917
16522,1.017017,-0.416826
16523,-1.476869,-0.627017
16524,-1.272876,0.002051
16525,-2.013018,1.604784
16526,-1.114661,1.060545
16527,-1.999362,1.245722
16528,0.029691,1.863832
16529,0.417880,0.719422
16530,-1.502137,-0.428039
16531,-0.669672,-0.129235
16532,-2.752784,-0.918753
16533,-0.819485,-0.655170
16534,-2.462137,1.901030
16535,0.520459,0.095278
16536,-2.279585,-1.072704
16537,-1.581719,2.222179
16538,0.001940,-1.204958
16539,-1.098188,0.238025
16540,-0.307749,2.606499
16541,-0.217190,-1.011054
16542,0.838154,-0.188116
16543,-2.031210,0.981740
16544,-3.105562,1.644481
16545,-0.548931,2.195875
16546,-0.171956,-0.289538
16547,1.803641,-0.515928
16548,0.965918,0.186349
16549,0.894528,0.121275
16550,-1.193827,1.999136
16551,0.039016,-0.157406
16552,0.917471,1.743793
16553,0.261543,1.423955
16554,0.236775,-0.728912
16555,0.899089,0.459390
16556,2.810437,-0.822932
16557,-1.470716,-0.583928
16558,0.986993,0.078120
16559,1.959798,0.298141
16560,0.442700,1.013956
16561,1.928192,-0.150195
16562,0.428349,0.681715
16563,-2.523945,1.705461
16564,0.503902,-0.091236
16565,1.824647,-0.269057
16566,2.175528,-0.481206
16567,-1.728049,-0.554186
16568,0.226104,-1.093475
16569,0.060776,-0.555556
16570,1.396655,-0.845223
16571,1.171338,0.832217
16572,2.142298,-0.428838
16573,1.709853,-0.657502
16574,-1.048629,-0.666091
16575,-3.181299,-0.856500
16576,2.577833,-0.457343
16577,-0.390185,0.354964
16578,1.685106,-0.415839
16579,0.942289,1.185020
16580,0.303564,0.981350
16581,-1.553565,3.000784
16582,-1.713801,1.063089
16583,-0.396859,-0.480008
16584,-0.806918,1.581643
16585,1.802760,1.231401
16586,1.545152,3.722119
16587,-0.589518,1.786191
16588,0.840435,1.060037
16589,0.544410,0.962383
16590,0.223367,3.191907
16591,1.619055,0.500788
16592,1.936783,0.061003
16593,-1.048074,0.294257
16594,-2.585179,0.470897
16595,-2.635135,-0.123709
16596,0.367855,-0.588745
16597,0.906276,0.758753
16598,2.039067,-0.279994
16599,-2.374677,-0.954536
16600,-0.181792,0.461937
16601,0.057849,-0.450536
16602,-0.489827,-1.344582
16603,-0.006250,-0.091964
16604,-0.296625,0.460014
16605,0.652378,0.366336
16606,-0.362269,0.458489
16607,-1.032740,0.954300
16608,0.967428,-0.473058
16609,0.713769,0.256124
16610,-1.883841,-0.267747
16611,1.089739,2.657898
16612,-0.103294,0.289654
16613,-1.909207,-1.154976
16614,0.422005,0.728466
16615,-0.947274,-0.965313
16616,2.047983,0.431509
16617,0.257415,1.246488
16618,-0.189213,2.134977
16619,1.803484,0.206193
16620,-0.727004,0.199847
16621,0.877428,0.395650
16622,1.830833,-0.325228
16623,1.647054,0.497419
16624,1.386686,1.619948
16625,1.318981,-0.134834
16626,1.551965,1.608651
16627,-1.280007,0.152438
16628,-3.965815,-1.016946
16629,0.764138,0.055272
16630,-3.631519,0.619868
16631,-2.757049,0.817213
16632,0.570718,0.325948
16633,-0.660956,-0.973858
16634,0.852270,-0.123149
16635,-0.802940,0.987914
16636,-1.849533,1.885877
16637,1.698159,-0.992771
16638,-0.369005,0.903697
16639,0.885739,-0.659168
16640,0.322232,-0.777329
16641,1.009221,1.339089
16642,-0.304396,0.573748
16643,-3.401734,1.215089
16644,0.462490,0.485801
16645,-0.696823,0.057505
16646,1.056836,-0.660062
16647,-0.149287,-0.601476
16648,1.126195,-0.162740
16649,-0.578741,-0.226471
16650,0.990553,0.111846
16651,1.558295,0.147966
16652,-1.718686,1.307818
16653,-1.171376,3.594596
16654,-0.558592,0.230003
16655,-0.875214,1.472918
16656,0.864450,-0.786188
16657,-0.938437,0.402972
16658,1.695083,-0.414782
16659,1.586432,-0.749498
16660,2.550362,-1.111777
16661,-0.614240,1.192261
16662,0.665249,-0.355235
16663,0.167125,-0.922640
16664,1.011681,-0.004253
16665,-3.379561,0.058903
16666,-1.677252,1.073565
16667,-2.434743,0.547573
16668,1.402446,-0.897434
16669,1.218289,-0.292142
16670,0.478952,-0.902258
16671,0.122483,0.667543
16672,-1.395910,4.129037
16673,-1.463806,0.101279
16674,-1.770124,0.156454
16675,-0.171988,-0.817631
16676,0.500497,-1.190715
16677,-1.382527,0.280328
16678,0.318823,-0.361832
16679,0.612810,-0.198508
16680,-1.613659,-0.736128
16681,-0.523919,-0.184546
16682,-0.660397,0.496102
16683,-0.440921,0.932257
16684,1.006929,-0.117124
16685,1.944456,0.122749
16686,0.300441,0.325312
16687,0.870640,1.698587
16688,0.960731,-0.558938
16689,1.440890,-0.446748
16690,0.579622,-0.262695
16691,1.793833,-0.328065
16692,0.655412,-0.384452
16693,-1.862935,-1.070593
16694,0.365522,0.232099
16695,0.849151,0.113223
16696,1.488466,0.023123
16697,-0.052648,0.581836
16698,0.784162,-0.260295
16699,0.349371,0.710092
16700,-3.101533,0.385218
16701,0.002786,-1.080252
16702,0.416267,-0.755435
16703,0.666709,-0.355162
16704,0.135075,-0.265720
16705,2.135362,-0.232247
16706,1.253403,-1.114524
16707,-2.167011,-0.401742
16708,1.058462,-0.329436
16709,1.163621,-0.154546
16710,0.326003,-0.887638
16711,0.910211,-0.788093
16712,0.174046,-0.586842
16713,-1.041538,-0.970772
16714,-0.604240,-0.612333
16715,0.045785,-0.192346
16716,-0.034112,-0.761158
16717,-0.621162,-0.304592
16718,-0.752066,-1.703632
16719,-1.184896,-2.813324
16720,-0.508362,-0.478567
16721,1.179726,-0.343788
16722,0.719675,0.306123
16723,-0.197596,-1.167890
16724,-1.260155,-0.251031
16725,0.915162,-0.904210
16726,1.088069,0.101814
16727,1.933148,-1.803310
16728,0.778767,0.329235
16729,1.311370,-1.289328
16730,1.392121,-0.338294
16731,2.352756,0.131451
16732,1.153603,-0.874127
16733,-1.763259,-2.210327
16734,-0.769815,-0.978694
16735,0.530793,0.323289
16736,1.269187,-0.122974
16737,-0.249186,-0.300305
16738,-0.187463,-0.416625
16739,-3.543850,0.549871
16740,-1.627819,0.537947
16741,1.753571,0.342279
16742,1.728142,-0.235286
16743,-1.154996,-0.180246
16744,0.856064,0.085461
16745,1.950448,-0.552071
16746,-2.048164,0.411546
16747,1.462161,-0.719027
16748,0.514076,-0.275386
16749,-1.426213,-0.354829
16750,1.039055,0.191844
16751,-0.319337,0.559147
16752,-0.961186,-0.366113
16753,0.751628,-0.146172
16754,-2.507793,-1.492577
16755,0.793124,-0.260771
16756,-1.057054,0.964004
16757,-0.625951,-0.207382
16758,0.558009,0.362072
16759,-0.418869,-0.265830
16760,-0.538185,-0.297885
16761,-3.417060,-2.440554
16762,-0.810032,0.316622
16763,-1.927302,1.219964
16764,1.484041,-0.572637
16765,1.131083,-0.358443
16766,1.683102,-1.071440
16767,-1.044963,-0.896425
16768,-0.749184,0.694433
16769,-3.064727,0.272694
16770,-3.221167,1.589224
16771,-0.598768,0.404464
16772,-1.807567,1.131786
16773,-2.727278,-0.389811
16774,0.975417,0.706344
16775,0.252234,-0.597724
16776,1.516771,-0.575218
16777,0.153386,0.080469
16778,-0.529441,0.434501
16779,-0.495294,-0.420489
16780,1.385780,-0.166237
16781,1.351366,-0.014426
16782,0.073544,-1.334919
16783,1.043582,0.589352
16784,-0.391394,0.906716
16785,0.657968,-1.140310
16786,-0.778065,0.266008
16787,-0.658336,-0.091801
16788,-2.664339,-2.428595
16789,-4.634731,-5.018866
16790,-2.274379,3.551809
16791,0.198141,0.132701
16792,-0.344379,0.802557
16793,0.791403,-0.722039
16794,0.033686,-0.952579
16795,1.281487,-0.381298
16796,1.237156,-1.027966
16797,-3.899738,-0.064623
16798,1.935374,-0.652381
16799,-0.802740,0.292679
16800,-0.999378,1.057822
16801,0.530964,1.009556
16802,-1.199232,-0.389744
16803,-0.052206,0.051622
16804,0.944198,-1.193046
16805,2.009258,-1.292270
16806,1.653626,-1.178485
16807,0.966797,-1.195676
16808,1.268985,-1.124216
16809,1.557460,-1.183778
16810,1.627642,-0.890873
16811,1.301669,-1.030965
16812,1.138643,-0.724691
16813,-1.207547,0.010832
16814,-0.593933,-0.226329
16815,-0.137870,-1.161615
16816,1.791671,-0.684790
16817,1.021809,-0.903974
16818,0.952063,-1.804067
16819,-0.061608,-1.073704
16820,-1.561902,-1.882096
16821,-1.105915,-1.663676
16822,1.025419,-1.608089
16823,1.851345,-1.570927
16824,-1.868767,1.785692
16825,1.551263,-0.956436
16826,0.179985,-1.790013
16827,0.277382,-0.486979
16828,0.695322,-0.717236
16829,-0.476428,0.307930
16830,0.700555,-0.388230
16831,-0.876976,-0.464883
16832,-0.055301,-0.946640
16833,-3.546213,-1.439717
16834,1.028623,-0.314803
16835,-0.953687,1.021078
16836,0.770213,-0.808342
16837,0.894694,-0.855079
16838,-0.646258,-0.463809
16839,-3.123489,1.369663
16840,-0.054926,-0.876028
16841,-0.340825,0.083988
16842,-1.629850,1.275041
16843,-1.140685,-0.532191
16844,0.288358,-0.604144
16845,0.469055,1.523365
16846,0.418900,-0.081965
16847,1.206043,0.981488
16848,0.087377,-0.351179
16849,-1.906482,0.640911
16850,-0.045151,1.185496
16851,1.155215,-1.856206
16852,-2.209953,0.449245
16853,0.521206,-0.330663
16854,-0.266013,-2.073612
16855,0.294369,-1.558246
16856,-0.719173,-1.551540
16857,-0.772201,0.077630
16858,-0.240064,-1.034046
16859,-1.389269,1.500174
16860,0.640622,-0.127158
16861,0.144972,0.244511
16862,0.753999,-0.287557
16863,-0.703144,1.179700
16864,0.992897,-0.537593
16865,-1.863898,-0.454813
16866,0.784415,-0.679734
16867,-0.655274,1.025923
16868,1.155108,-0.323869
16869,0.929214,-0.886333
16870,0.801860,-0.168254
16871,-0.251764,0.726298
16872,1.963932,-0.362350
16873,1.207360,-0.164644
16874,1.658399,0.821284
16875,1.587417,0.034888
16876,-1.572204,-1.049770
16877,-0.360291,-1.161897
16878,1.411457,-1.026139
16879,0.207744,-0.691906
16880,1.436651,-1.030012
16881,1.617295,-0.979539
16882,-2.052892,-0.645624
16883,0.753819,-1.150090
16884,-0.289974,1.670661
16885,1.075247,2.050952
16886,0.083994,-0.061002
16887,0.626727,-0.532116
16888,-1.491245,1.360667
16889,2.172240,0.471210
16890,2.526163,0.492705
16891,2.526266,-0.167893
16892,1.621644,-0.087685
16893,0.057451,2.037016
16894,2.315850,-1.151705
16895,2.101465,-1.167055
16896,-0.691000,2.906549
16897,-1.432537,1.153506
16898,-1.776602,-0.616432
16899,-1.369968,-1.358012
16900,-0.734875,-1.136606
16901,-0.593818,-0.495829
16902,-0.399330,-0.396887
16903,-1.230124,-0.423274
16904,-1.952139,0.314927
16905,-4.764196,-3.048228
16906,-0.317127,1.345684
16907,1.643534,-0.324007
16908,-1.044340,-1.162681
16909,2.464118,0.562616
16910,0.996254,-0.733131
16911,0.346309,0.442051
16912,1.001829,-0.376371
16913,1.765220,-0.564273
16914,0.161132,-0.073078
16915,0.603269,-0.464697
16916,0.955979,-0.409752
16917,0.371521,0.382848
16918,-0.763946,3.301599
16919,-0.531916,0.680447
16920,1.833848,0.422457
16921,0.316443,3.115587
16922,-0.438748,1.778331
16923,-2.604720,0.470313
16924,-0.076485,2.888790
16925,2.005411,0.794535
16926,1.740221,-0.412706
16927,0.653249,-0.576497
16928,0.338037,-0.260542
16929,1.592087,-0.672259
16930,3.036989,-0.438159
16931,1.876743,-0.491387
16932,-0.915467,0.280462
16933,0.979287,-0.481529
16934,-0.033112,0.288253
16935,1.035629,0.128080
16936,-1.234205,0.131503
16937,0.131892,0.330002
16938,1.195574,2.106466
16939,0.884256,0.119165
16940,2.028863,-0.547135
16941,1.115640,0.252423
16942,-0.787516,0.052728
16943,0.930488,2.596629
16944,-1.385995,0.011966
16945,-1.024464,0.297187
16946,-2.020423,0.511779
16947,-0.247917,0.735781
16948,-0.639522,0.378242
16949,0.183078,1.525446
16950,0.943012,-0.756453
16951,0.952104,-0.102686
16952,0.919135,0.125513
16953,-3.166494,0.100155
16954,0.618861,-0.535801
16955,0.073608,0.101599
16956,0.948256,-0.746787
16957,0.085587,0.299375
16958,1.096006,0.809812
16959,0.274667,0.125759
16960,-2.418623,-1.517816
16961,-0.747371,0.973108
16962,-1.704158,3.474198
16963,-0.062280,1.477497
16964,-0.276002,1.638727
16965,-0.090139,-0.340326
16966,-1.074746,-0.720811
16967,0.315760,-0.993911
16968,1.218231,-0.712592
16969,0.961854,-1.585956
16970,-1.097097,-0.039131
16971,1.498317,-0.188441
16972,0.227693,-0.108209
16973,1.448045,-0.655452
16974,2.210421,1.170236
16975,-0.214736,0.730470
16976,-0.702263,-0.730467
16977,-0.315463,0.418813
16978,0.345389,-1.723425
16979,-1.118381,1.661483
16980,0.643612,1.549691
16981,1.319721,-0.218651
16982,-2.117979,-2.511654
16983,-1.804150,1.948748
16984,0.260367,1.131721
16985,-2.337130,-0.992908
16986,-4.044181,-2.590758
16987,1.339562,0.349530
16988,-0.057695,0.986689
16989,0.002918,1.663357
16990,1.259105,-1.078095
16991,-1.592373,-1.454089
16992,-1.354144,2.163407
16993,1.377029,-0.243755
16994,1.483204,-0.699162
16995,1.426552,-0.685971
16996,-1.879196,-0.298591
16997,-3.999686,-2.642768
16998,-3.016702,-2.307251
16999,-2.994849,-1.817343
17000,-0.176270,-0.417243
17001,-1.883248,-0.889145
17002,-2.129536,-0.205544
17003,0.691374,-1.205387
17004,-0.096593,-0.945438
17005,-2.166304,-1.122660
17006,0.058593,-0.527271
17007,0.308062,-0.516310
17008,-0.561024,-1.158709
17009,-1.632838,-0.926519
17010,1.258655,-0.606363
17011,-4.814708,-3.523608
17012,0.768828,-2.085403
17013,0.996239,-1.925204
17014,-2.260338,-0.258186
17015,-4.155849,-1.811656
17016,-3.062546,-2.799779
17017,-0.810928,-0.721377
17018,-2.389046,-2.958126
17019,-3.638127,-0.496483
17020,-2.074669,-1.333778
17021,-1.283082,-0.515110
17022,-3.425150,-3.028601
17023,-0.047735,-2.824502
17024,-3.464888,-1.008630
17025,-4.057231,-2.361807
17026,0.596021,0.643634
17027,-2.021572,-1.863837
17028,-0.204429,-1.614659
17029,-0.724788,-0.798058
17030,0.976954,-1.052456
17031,-0.575738,-1.060300
17032,-1.878233,-2.088418
17033,0.521868,-1.864333
17034,0.850245,-0.726351
17035,0.630778,-0.254545
17036,2.116926,-0.435347
17037,-3.504974,-0.329165
17038,-1.696821,-1.000502
17039,2.080855,-0.472650
17040,-0.788264,-0.327146
17041,0.737353,-0.368129
17042,0.546027,0.205011
17043,-2.047413,0.323950
17044,1.631979,-0.354917
17045,1.431345,-0.650023
17046,1.473566,0.240905
17047,1.961875,-1.360643
17048,-1.914081,0.151721
17049,1.467572,-0.173018
17050,0.672819,-0.720799
17051,-1.820803,0.208945
17052,0.531995,-1.218340
17053,-1.933778,-1.585658
17054,-1.625916,-2.843428
17055,-1.446074,-1.004147
17056,0.069793,-0.139558
17057,0.901684,-0.359167
17058,-0.523457,0.553668
17059,0.301424,-0.669068
17060,0.904713,-0.300960
17061,0.264951,0.290027
17062,0.990695,0.346866
17063,-4.305511,-0.735553
17064,-1.191563,0.020125
17065,0.222382,-1.270343
17066,0.837944,-0.351544
17067,-0.097858,-0.680607
17068,-2.264586,1.392171
17069,-1.262850,-1.170404
17070,1.209568,-0.481916
17071,0.080580,0.357652
17072,-0.203033,1.310746
17073,-1.226743,-1.673624
17074,-0.275426,-0.457011
17075,-0.684286,-0.475020
17076,-1.064783,0.034835
17077,1.895868,0.397034
17078,-0.758154,1.054203
17079,-0.142246,-1.228445
17080,-0.509884,-0.341167
17081,-1.388841,1.028068
17082,0.350799,-0.758696
17083,-0.725063,-0.890468
17084,-0.739419,-0.765634
17085,2.182580,-0.923096
17086,1.766134,-1.527569
17087,1.451450,-0.705816
17088,1.230278,-0.134067
17089,-0.170856,2.055794
17090,-1.044653,2.468407
17091,0.090955,0.441923
17092,-1.701495,1.589735
17093,-2.425976,0.659954
17094,2.145322,-0.279891
17095,2.243327,0.241517
17096,-2.183908,-0.509868
17097,-1.069119,0.602728
17098,-1.941200,0.426100
17099,1.834987,-0.566629
17100,0.185503,0.239713
17101,0.524985,-0.136166
17102,0.178201,0.240428
17103,-2.527909,-2.154098
17104,-0.272743,-1.485142
17105,1.546243,-0.546838
17106,-1.496363,-0.068215
17107,0.614426,-1.772865
17108,0.075099,-0.498428
17109,0.706993,-1.268747
17110,0.613190,-2.081069
17111,-1.803631,4.086505
17112,-1.032306,0.946288
17113,-0.955955,-0.970877
17114,-0.550091,-0.339301
17115,1.326776,-1.555976
17116,0.305197,3.798885
17117,-0.891958,-1.494459
17118,-0.124065,-0.155959
17119,1.137497,0.301049
17120,1.565557,-0.727074
17121,-3.187836,0.424468
17122,0.572422,-1.498671
17123,0.558283,-0.260478
17124,2.321223,-0.684876
17125,1.124473,-0.772328
17126,2.343324,-0.091029
17127,1.000456,-0.539334
17128,-0.986905,-1.443341
17129,1.022567,-0.352096
17130,-1.170372,-0.871498
17131,-2.791274,-1.618412
17132,-0.469163,-0.546770
17133,1.117665,0.950531
17134,0.413452,-1.325731
17135,-1.822323,0.104524
17136,-0.848874,-0.814797
17137,-0.005016,-0.830027
17138,-2.994382,0.497344
17139,1.813266,-0.185621
17140,2.416036,-0.576265
17141,0.864790,-0.337713
17142,-0.177112,-1.908064
17143,-0.995187,0.584882
17144,0.828672,-0.130064
17145,0.908930,0.402005
17146,-2.778077,-1.225706
17147,1.687286,-0.487197
17148,-0.428797,1.779185
17149,-0.310703,-0.120070
17150,2.150358,0.065336
17151,0.774050,0.631805
17152,-2.225881,1.106773
17153,-1.126761,-0.650637
17154,-0.338446,1.064652
17155,0.315729,1.505039
17156,0.219667,-0.431444
17157,1.376190,1.621159
17158,-0.331496,-1.110759
17159,-2.451918,-0.083375
17160,-0.341568,1.512065
17161,-0.156485,-0.573312
17162,0.074256,0.087614
17163,1.757616,-0.451444
17164,1.639827,-0.583706
17165,1.288076,-0.708359
17166,0.465305,1.301184
17167,1.788269,0.151915
17168,0.971149,0.981262
17169,-0.234727,-0.782914
17170,0.370618,0.886197
17171,-0.691283,1.022166
17172,0.413856,1.797214
17173,-0.143880,2.682680
17174,1.263782,-0.108985
17175,0.609797,1.017964
17176,0.179517,1.722571
17177,0.923724,0.877270
17178,-1.811456,1.966017
17179,0.316782,2.383220
17180,-0.984790,1.619544
17181,-2.140561,-0.908945
17182,1.549764,-0.180996
17183,-0.861179,-0.245343
17184,0.597648,-0.693684
17185,-0.146455,-0.155721
17186,2.160008,0.828179
17187,2.463831,-0.042507
17188,-0.119820,-0.029637
17189,1.202750,-0.006277
17190,0.941132,0.222073
17191,1.644194,-0.025969
17192,1.272265,-0.821727
17193,-2.494062,2.162479
17194,2.290429,0.149131
17195,0.479509,0.291374
17196,-1.062918,-1.786017
17197,-0.886078,0.187981
17198,0.120740,0.037385
17199,-1.281610,-0.179421
17200,-1.424458,-0.149362
17201,-1.456869,-0.415029
17202,2.498338,-0.553808
17203,-1.555953,-0.131340
17204,-0.999734,-0.556927
17205,1.702110,0.073699
17206,-0.494077,0.959916
17207,0.301211,-0.029792
17208,0.835168,-0.945464
17209,-0.596346,-0.475422
17210,-1.028439,0.223434
17211,2.731456,-1.243063
17212,2.325086,0.227406
17213,-1.389745,2.030036
17214,-1.842497,0.423746
17215,0.814087,-0.522204
17216,0.097611,0.474539
17217,1.886538,0.046909
17218,-2.488568,0.886544
17219,1.087082,1.675178
17220,0.165909,1.291074
17221,0.360774,0.893341
17222,-1.857647,0.849637
17223,-0.565874,1.113134
17224,-2.100554,1.064834
17225,-2.963691,-0.099013
17226,-1.740639,0.159197
17227,0.789618,2.183486
17228,-0.151219,4.403562
17229,0.374454,1.127865
17230,-3.019897,-0.606030
17231,0.041689,0.533550
17232,-3.606655,0.204380
17233,1.381200,-1.215310
17234,-1.176483,1.687806
17235,-1.242551,2.090447
17236,2.498618,-0.323823
17237,1.792126,-0.498808
17238,0.171464,0.180742
17239,1.709127,-0.044019
17240,-0.220517,0.081102
17241,0.876980,-0.928512
17242,-0.298416,-0.324823
17243,-0.396291,1.205297
17244,1.182450,-0.122055
17245,1.119388,-0.388683
17246,2.392263,-1.499301
17247,0.296995,-0.322270
17248,1.264069,-0.323680
17249,-2.318790,0.854973
17250,1.293790,-0.150971
17251,-1.010396,1.021900
17252,1.303582,1.351234
17253,1.984427,0.430428
17254,-1.037139,0.328242
17255,1.465200,0.436698
17256,-0.683525,1.403620
17257,-0.051577,0.089995
17258,-1.386354,0.029376
17259,0.763560,-0.465687
17260,1.468823,0.839527
17261,0.221793,0.630338
17262,1.819564,0.492165
17263,-1.764391,0.373292
17264,-0.978905,-0.484773
17265,0.729457,-0.276603
17266,-1.249130,-0.596665
17267,0.252549,0.331765
17268,-1.421598,2.051021
17269,1.155742,0.980017
17270,-0.743167,0.193339
17271,-0.344659,-0.007594
17272,-0.040128,1.991894
17273,2.931425,-1.171986
17274,-1.875367,3.809772
17275,-1.577674,1.686284
17276,1.542873,-0.391977
17277,2.430582,-0.327644
17278,-0.083325,0.266128
17279,1.060771,0.325097
17280,1.644125,0.807524
17281,1.130949,2.005561
17282,0.460698,1.068592
17283,-0.671745,1.365034
17284,0.779313,-0.121004
17285,-1.687502,2.304874
17286,1.655177,0.478146
17287,0.665164,1.171085
17288,-1.876272,0.875779
17289,0.482551,0.931996
17290,0.354723,0.850876
17291,-2.379392,-1.549651
17292,1.775000,-0.082812
17293,-0.124259,-0.350474
17294,-0.588898,0.138217
17295,-1.563776,1.407176
17296,1.141436,-0.993832
17297,-1.213905,0.453049
17298,0.759753,-0.463393
17299,1.611758,0.220544
17300,-2.977838,-0.065049
17301,-0.125753,-0.143798
17302,0.511508,0.378820
17303,-0.140412,0.515930
17304,-0.569432,0.587394
17305,-1.631508,0.278695
17306,0.745049,-0.596141
17307,-0.158381,0.404116
17308,-1.956685,-0.297726
17309,2.589623,0.052089
17310,0.487843,-0.055988
17311,-1.275841,-1.203261
17312,-1.320204,-0.602650
17313,0.799433,-0.028308
17314,2.031606,0.004519
17315,2.528438,-0.912795
17316,-1.784921,-0.075521
17317,1.731915,-0.368806
17318,0.366271,0.197479
17319,0.716507,-1.897878
17320,-0.350967,-1.290716
17321,0.987137,-0.526872
17322,0.832272,1.927466
17323,-0.410365,0.931682
17324,-0.357315,-1.886811
17325,0.882515,0.930533
17326,-1.120313,2.135069
17327,-0.961299,1.628403
17328,0.174066,0.336223
17329,0.559398,-0.402795
17330,-4.187194,-2.162709
17331,-0.374526,0.034749
17332,-1.072304,0.598707
17333,-1.004556,0.691700
17334,-0.243667,0.618597
17335,0.955149,1.007678
17336,-1.606592,0.442423
17337,-0.259843,-0.153757
17338,-1.063613,-0.807425
17339,1.094827,0.607858
17340,1.771314,1.092331
17341,1.615738,0.161855
17342,-0.743225,0.955306
17343,-1.056728,-0.156545
17344,-1.461241,-0.969497
17345,2.271799,-0.380297
17346,0.716515,-0.434309
17347,0.092572,-1.034841
17348,-0.358685,-1.598385
17349,-0.459164,1.367503
17350,1.399883,0.522946
17351,2.668527,-0.465803
17352,0.972246,-0.332865
17353,0.090709,-0.663724
17354,0.834062,1.195233
17355,-0.309496,-0.938142
17356,2.926613,-1.075550
17357,-1.980221,0.245386
17358,0.006146,1.178124
17359,0.917465,-0.590436
17360,0.066927,-1.509587
17361,0.263319,-0.607672
17362,0.637758,-0.679835
17363,1.148537,-0.830119
17364,1.119197,0.899010
17365,-0.205468,0.536136
17366,1.446277,0.720226
17367,2.299740,-0.460728
17368,-0.188270,-1.112406
17369,0.155357,-1.275975
17370,0.389704,-0.170785
17371,1.034790,0.254257
17372,-0.985423,1.893401
17373,1.780731,-1.244723
17374,-0.219945,-0.044757
17375,-0.708814,0.748845
17376,1.840861,-0.733632
17377,-1.493682,-0.498441
17378,0.290258,0.140298
17379,-1.432872,-0.328030
17380,2.566027,-0.236972
17381,0.380039,-0.204675
17382,-1.229203,0.141271
17383,1.682207,-1.130094
17384,-0.174782,-1.524975
17385,0.042499,-0.974084
17386,-0.012266,0.770237
17387,2.243199,1.129966
17388,0.190741,-1.334179
17389,0.779548,-0.042457
17390,0.449926,-0.727810
17391,-0.685278,0.908865
17392,-0.310249,-0.425433
17393,-1.201118,-1.513549
17394,-0.167566,0.773373
17395,2.259273,-1.235464
17396,-0.425181,-1.058530
17397,1.436151,-0.789675
17398,0.426520,0.824290
17399,-0.797859,1.486579
17400,-0.219422,-0.892550
17401,-1.080831,0.898026
17402,-0.217314,0.615749
17403,-0.410820,1.061425
17404,-0.288846,1.563043
17405,-1.143042,3.942683
17406,-2.669717,1.549857
17407,1.143643,-1.370306
17408,-1.154733,-0.919620
17409,0.925892,0.913446
17410,-1.999018,-1.557945
17411,1.980986,-0.624733
17412,0.848853,-0.139107
17413,1.698642,1.347657
17414,2.416250,-0.179116
17415,-0.644065,-0.670333
17416,-0.372310,1.631806
17417,1.812456,0.363217
17418,1.973936,0.388060
17419,0.580759,-0.001602
17420,-0.308400,-1.504846
17421,-2.323548,-1.982709
17422,0.894440,-0.470744
17423,2.615126,-1.561207
17424,0.420053,-0.936949
17425,2.131259,-1.064297
17426,-1.008749,0.757621
17427,2.083746,0.530131
17428,-0.037623,-0.053856
17429,1.034277,0.567005
17430,2.621112,-1.506778
17431,1.668371,1.469549
17432,1.878889,0.482637
17433,1.737921,-0.279440
17434,-0.920291,0.259991
17435,0.888277,0.983910
17436,1.192774,-0.091955
17437,-1.546664,-0.191738
17438,0.279220,0.515227
17439,0.567168,0.098777
17440,-2.452348,0.265292
17441,0.339759,1.058848
17442,-3.337028,1.364227
17443,2.398583,0.153649
17444,-2.435615,-0.735838
17445,0.544391,3.112647
17446,1.097899,-0.838625
17447,-0.616621,0.489487
17448,-0.545195,0.304221
17449,-0.244921,2.066127
17450,-2.347652,1.120378
17451,1.992465,0.152434
17452,1.713844,-0.230446
17453,0.278806,0.775773
17454,-0.066920,0.299867
17455,1.569423,0.946533
17456,1.308812,0.194630
17457,0.500044,0.218733
17458,-0.616996,0.053097
17459,-3.670676,-0.484381
17460,-0.744828,0.276707
17461,1.384287,-0.869900
17462,1.732759,-0.514705
17463,1.630324,0.194359
17464,-1.160192,0.196990
17465,1.576334,2.045247
17466,1.349095,-0.716495
17467,-1.333820,0.811907
17468,1.460043,-0.597506
17469,-0.118599,-0.608306
17470,0.426000,-0.645304
17471,-0.011683,0.048846
17472,1.669075,-0.327524
17473,2.838183,-1.148823
17474,0.199996,-2.135524
17475,2.068748,-0.827489
17476,-0.442943,-2.176690
17477,0.273317,-1.669914
17478,1.400308,-0.748052
17479,-1.396571,-1.996021
17480,3.195988,-0.960768
17481,-1.096825,-0.364054
17482,0.905319,-0.596591
17483,-0.234043,0.064982
17484,-2.837007,0.461048
17485,1.154419,-0.629739
17486,0.324728,-1.475995
17487,1.415638,1.420751
17488,0.932285,-0.563084
17489,-0.726915,-0.224928
17490,1.470711,-1.250355
17491,0.179282,-0.808574
17492,0.778052,-1.919474
17493,0.020271,-1.937194
17494,1.740168,-1.230520
17495,0.968434,-0.895701
17496,1.702612,0.213048
17497,2.452956,-1.053644
17498,-0.005865,-1.500363
17499,1.695640,-1.221925
17500,1.579366,-1.295098
17501,1.050332,-1.547275
17502,1.352404,-1.456742
17503,1.902110,-1.289756
17504,-0.574073,0.266425
17505,0.680471,-0.264541
17506,2.383465,-1.220157
17507,-3.469884,-1.534846
17508,-0.189148,1.351700
17509,1.753070,-0.598194
17510,2.004712,-1.176923
17511,-1.259171,-0.438606
17512,0.454193,0.413457
17513,-1.800878,0.680577
17514,-3.347281,-2.561726
17515,-1.260170,-1.213559
17516,0.167295,-0.558950
17517,1.647866,-0.917087
17518,0.940598,-1.123335
17519,-1.962156,1.479592
17520,1.882398,-1.623964
17521,-0.250164,-1.561226
17522,1.051342,-1.735466
17523,2.681229,-1.042651
17524,-0.105633,0.673355
17525,1.979291,0.653583
17526,-1.254270,-1.796222
17527,1.857589,0.308225
17528,1.214497,-1.381544
17529,1.424824,-1.582797
17530,-0.312709,-0.278652
17531,-3.734295,-2.463532
17532,1.594720,1.451667
17533,0.706559,0.095406
17534,-0.305710,-0.578482
17535,1.363739,-0.575543
17536,1.001543,-0.363423
17537,0.791379,-0.031670
17538,0.582673,-0.427916
17539,0.919579,-0.113988
17540,1.811236,-0.740771
17541,1.336881,-0.387883
17542,-0.217496,-0.973342
17543,1.077357,0.206145
17544,0.752880,0.293154
17545,0.902390,-0.329645
17546,-0.053811,1.143932
17547,1.911559,-0.782065
17548,0.691303,-0.428391
17549,-0.843488,-0.580373
17550,1.700901,0.525029
17551,-2.003263,-1.027140
17552,2.410127,-0.188754
17553,0.413161,0.345521
17554,1.346789,-1.156106
17555,-0.131785,-0.204913
17556,-1.019798,-0.163529
17557,1.046628,-0.180663
17558,1.284078,-0.000069
17559,2.639827,0.093907
17560,1.438749,-0.910816
17561,1.182983,0.455547
17562,0.267112,1.145928
17563,1.658320,1.341374
17564,-0.702982,2.949703
17565,0.561976,2.167873
17566,-2.298168,0.220560
17567,0.997835,1.779088
17568,0.250634,0.567826
17569,-0.815412,1.746467
17570,1.049274,3.940310
17571,0.508880,0.235973
17572,2.165761,-0.198086
17573,1.134003,-1.058686
17574,2.196013,0.047767
17575,-0.048506,-0.291019
17576,0.551101,-0.807411
17577,-0.131953,-0.672193
17578,0.038870,-0.326434
17579,0.270624,-0.896793
17580,1.499835,3.378530
17581,1.991300,0.294816
17582,1.285000,0.531424
17583,0.278842,1.126433
17584,1.102002,2.421230
17585,1.047746,-0.195531
17586,0.774557,0.122569
17587,-1.662220,1.644405
17588,1.614780,-0.006494
17589,-1.741235,1.031092
17590,-1.081995,0.510107
17591,-1.552046,0.801266
17592,2.151992,1.045294
17593,-0.129738,-1.105554
17594,1.386133,1.185004
17595,-1.045517,2.307756
17596,-0.198085,1.694223
17597,-0.482114,1.897892
17598,0.043852,2.970922
17599,-1.347587,0.988165
17600,0.406761,2.468276
17601,1.614650,0.087159
17602,-0.536493,1.209682
17603,1.208932,0.431079
17604,1.565168,0.163773
17605,-0.494963,3.083130
17606,0.075497,0.944393
17607,0.985652,0.937406
17608,-2.924741,0.236516
17609,1.499145,-0.771867
17610,-0.162053,1.306339
17611,1.710641,0.376714
17612,2.624194,-0.014382
17613,0.427886,-0.507687
17614,-3.493286,-0.186354
17615,1.188973,1.341525
17616,-0.140384,0.439034
17617,1.663320,0.111951
17618,-0.345420,0.213152
17619,1.813110,1.689673
17620,-0.574975,1.785454
17621,1.373451,0.812209
17622,-0.753682,1.905640
17623,2.220620,0.426396
17624,1.887449,-0.425827
17625,0.397366,0.331772
17626,2.226167,-0.528148
17627,1.956198,0.148267
17628,0.669359,-0.440429
17629,-2.781290,-2.477950
17630,-0.497390,1.684291
17631,0.282387,-0.588227
17632,-0.198279,0.954403
17633,-2.164330,0.516317
17634,-0.158384,1.036023
17635,-0.352965,-0.066034
17636,-0.711950,1.001119
17637,1.310187,-0.485065
17638,-0.990398,0.844347
17639,-0.691403,0.812082
17640,0.121964,2.341838
17641,2.293040,0.090430
17642,1.738958,0.026031
17643,0.918610,-0.444032
17644,0.997300,0.096252
17645,1.546068,0.242430
17646,0.520967,-1.077482
17647,0.918765,2.260641
17648,-0.392644,1.055113
17649,-0.125973,0.129636
17650,-0.711899,1.281920
17651,-0.739588,0.222189
17652,1.039463,0.554925
17653,-0.769926,-0.131192
17654,-0.230004,1.096268
17655,-0.730659,1.388615
17656,0.815923,0.542357
17657,1.121714,0.229883
17658,0.374554,-0.700371
17659,1.854095,0.042926
17660,1.410180,0.267746
17661,-2.058408,-0.209117
17662,-1.633111,0.623440
17663,1.105971,-1.376997
17664,0.750014,-0.573856
17665,-0.490119,-1.472858
17666,1.175661,-0.768794
17667,0.029361,0.514914
17668,1.732764,-0.057842
17669,0.986294,1.598615
17670,-1.249071,-0.179951
17671,-1.115757,2.413723
17672,-1.533064,2.380748
17673,-1.096518,2.453719
17674,-1.682444,0.569389
17675,0.041919,0.282359
17676,-0.528052,1.474586
17677,-0.208205,0.624324
17678,-0.518400,-0.124475
17679,0.899300,0.261770
17680,0.497856,1.594801
17681,2.067034,-0.729541
17682,1.377417,-0.766430
17683,1.580209,0.067310
17684,-2.516666,0.017855
17685,1.615552,-0.479802
17686,-0.302300,-0.200083
17687,1.059033,1.343055
17688,1.417529,0.691340
17689,-0.442553,2.007804
17690,2.056671,-0.773790
17691,-0.447225,0.765052
17692,0.126877,0.455687
17693,0.793487,-0.876671
17694,-0.530035,2.319816
17695,-1.511853,-0.156741
17696,0.027903,1.007538
17697,0.804237,-0.215279
17698,1.525378,-0.773904
17699,1.302124,-0.223549
17700,0.273424,-1.093171
17701,1.361777,-0.745746
17702,-0.461667,0.705602
17703,0.759291,-0.265196
17704,0.450984,0.436186
17705,1.041477,-0.791807
17706,1.861978,-0.934490
17707,1.906814,-0.900096
17708,2.594508,-0.528492
17709,1.498373,-0.730950
17710,1.379316,-1.297005
17711,2.066750,-0.706181
17712,1.016861,-0.445988
17713,-1.146556,0.663926
17714,2.383672,-0.882457
17715,1.323016,-0.537307
17716,0.523183,-0.220435
17717,0.238660,-1.109993
17718,-0.690859,-1.081359
17719,1.571086,0.216116
17720,-0.463923,-1.663561
17721,0.352497,0.667969
17722,1.771040,-1.242602
17723,0.034531,-1.229663
17724,-0.322358,2.830702
17725,0.223949,-0.196824
17726,0.499891,1.393023
17727,-0.000515,-0.310504
17728,0.991600,-0.818802
17729,0.122621,-0.275178
17730,1.347028,-1.471125
17731,1.497212,-1.221517
17732,-0.658460,1.876409
17733,0.791238,0.447081
17734,-0.389056,-0.688739
17735,2.005691,-1.179484
17736,-0.937056,-1.001555
17737,-2.890099,-0.724172
17738,0.892158,-0.278626
17739,-0.020898,0.352436
17740,-1.460706,0.505707
17741,-1.676593,-0.518534
17742,-0.922167,-0.406205
17743,-2.137439,-0.852600
17744,-1.548357,0.876695
17745,-0.978450,0.318006
17746,-2.406335,0.632667
17747,1.091835,1.301273
17748,0.593050,-0.408300
17749,-0.440299,0.639177
17750,1.475947,-0.512496
17751,-0.823945,1.905415
17752,-0.152730,-0.485347
17753,-0.536116,1.551791
17754,-1.862536,-0.364215
17755,0.556495,-0.476317
17756,-1.156095,1.297242
17757,-0.550532,-0.475299
17758,-0.553939,-0.676368
17759,-0.512832,-0.413168
17760,-0.303511,-1.138412
17761,0.503314,-1.211277
17762,0.749953,-0.851435
17763,1.882568,-1.235527
17764,-2.726286,-0.481343
17765,0.172811,-1.821878
17766,0.548653,0.597402
17767,-0.470126,-1.143236
17768,-0.455305,0.299271
17769,-1.046924,0.232110
17770,0.111586,-0.112862
17771,-2.386226,0.081838
17772,-3.365000,-0.700104
17773,-1.666888,-0.886288
17774,-0.531601,-0.485013
17775,2.281281,-0.801874
17776,2.231207,-0.496877
17777,2.364809,-0.074581
17778,-1.385770,-1.017254
17779,1.062171,-1.119081
17780,-0.401029,-0.399706
17781,0.432421,-1.722870
17782,0.063361,-1.369854
17783,1.310671,-0.905090
17784,1.868511,-1.616718
17785,1.310561,-0.222851
17786,-0.193828,-1.386010
17787,0.439081,-1.032962
17788,0.456583,-1.553655
17789,-0.199578,-0.353664
17790,0.703085,-1.718536
17791,1.811995,-0.613715
17792,-0.693482,0.443892
17793,2.439547,-1.057894
17794,-0.378886,-0.513469
17795,0.718574,-0.391601
17796,-0.430774,-0.562983
17797,1.034057,0.523859
17798,-1.397277,1.015973
17799,-1.982733,-0.546534
17800,-1.740467,0.292421
17801,1.038692,0.854361
17802,-3.628894,0.373568
17803,2.328701,-0.195893
17804,0.259669,-0.625782
17805,1.365289,1.581075
17806,-2.475046,-1.913021
17807,1.805809,-0.615888
17808,1.921651,-0.562272
17809,-2.358256,1.163938
17810,0.608874,-0.262659
17811,-0.319088,-0.169737
17812,1.385461,0.730638
17813,-0.976228,-0.268156
17814,-2.433827,0.201475
17815,-0.615592,1.850133
17816,-2.428123,-0.250881
17817,-1.848701,0.154431
17818,-1.352139,-1.569107
17819,-1.068475,1.022969
17820,0.702180,2.637436
17821,-1.090568,-0.167674
17822,-1.704384,0.943669
17823,-1.960368,1.766106
17824,-0.165872,-0.349133
17825,-0.751063,-1.100526
17826,-0.140551,-0.754355
17827,-2.244815,-1.743265
17828,-0.012946,-1.575358
17829,0.578489,0.693899
17830,0.209148,0.704879
17831,-1.729954,-1.944800
17832,-1.177703,-1.027976
17833,-1.608251,2.144018
17834,-0.461928,0.208375
17835,0.056937,-0.356759
17836,-0.554008,0.097387
17837,-1.525983,1.366221
17838,0.560585,-0.131137
17839,-2.350669,0.360006
17840,-0.733239,0.143768
17841,-0.697775,-1.350890
17842,0.652430,-1.205430
17843,-0.017458,-0.162278
17844,-2.683666,0.418287
17845,-0.987503,0.798329
17846,-0.559821,-1.114714
17847,1.622032,0.129313
17848,-0.138073,0.476762
17849,1.405530,2.677997
17850,-0.209845,0.594074
17851,-1.400484,0.877918
17852,-0.294302,-0.079453
17853,0.116463,-0.479620
17854,0.792468,-0.310704
17855,0.243186,-0.536220
17856,-1.943053,-0.410242
17857,-1.425201,-0.200696
17858,-1.310114,1.517038
17859,-0.222321,1.404576
17860,-0.815431,-1.572801
17861,0.266257,-0.745349
17862,-2.336885,-0.462890
17863,0.279777,1.112418
17864,0.354790,-0.300079
17865,-0.888916,-0.002426
17866,-1.526664,1.797447
17867,-1.154185,1.717034
17868,0.170675,-0.382237
17869,-1.302627,-1.648817
17870,-2.982385,1.123384
17871,0.046779,-0.828211
17872,0.239486,-0.039706
17873,0.232471,-0.354093
17874,-1.150699,-0.549031
17875,0.363887,-1.520682
17876,0.904077,-0.812917
17877,0.126758,-0.586909
17878,1.264702,-0.434622
17879,0.161291,-0.495267
17880,2.409642,-1.433344
17881,0.086882,-1.140263
17882,0.759617,-0.376485
17883,1.685242,-1.849207
17884,-1.462730,-1.786876
17885,2.072534,-1.122458
17886,0.441884,-0.521175
17887,0.025168,-0.310310
17888,1.022960,-0.580432
17889,-0.084492,-0.513825
17890,-0.953499,0.275595
17891,0.945337,-0.130799
17892,-0.296029,-0.534979
17893,-0.088584,-1.631425
17894,0.438997,-1.263922
17895,-1.025584,-1.149532
17896,0.624548,-1.543198
17897,-1.876720,1.057035
17898,-0.506452,-0.433083
17899,0.503701,-0.640439
17900,-0.179427,0.072064
17901,-2.643971,-0.785668
17902,2.591326,-0.568496
17903,-2.520198,-0.489894
17904,-1.143223,-0.802821
17905,-1.481564,0.608941
17906,-1.265102,2.899764
17907,0.799613,-1.286649
17908,0.224233,0.042589
17909,0.442968,-0.373783
17910,0.621645,-1.238554
17911,-0.159422,-1.174998
17912,0.848758,0.562644
17913,-0.145856,0.052117
17914,1.220153,0.710548
17915,-2.560097,-2.309723
17916,-1.698402,-1.927730
17917,1.261482,-1.075704
17918,0.154906,-0.216449
17919,-0.596835,-1.109261
17920,-0.195036,-0.512555
17921,0.052927,-0.544525
17922,0.762179,-1.594639
17923,-2.390124,-2.111064
17924,0.402764,0.087423
17925,0.458757,-0.329160
17926,1.171846,-0.259193
17927,-0.479030,-1.039896
17928,0.474683,0.148396
17929,1.506984,-0.019490
17930,1.313652,-0.673472
17931,-0.657374,-0.656675
17932,-2.071247,0.018638
17933,0.510813,1.214852
17934,0.028609,-0.646462
17935,-1.624563,-0.921915
17936,-1.419419,1.946784
17937,-1.862954,-1.501309
17938,0.734577,-1.045977
17939,0.260307,-0.778328
17940,-2.746724,2.954808
17941,-2.566367,1.580986
17942,0.934864,-0.656981
17943,-0.647369,-0.762717
17944,1.015705,-0.683315
17945,-0.164673,2.257504
17946,0.188872,-1.081040
17947,-2.303847,0.625740
17948,0.157930,-0.410102
17949,0.596849,1.746117
17950,0.740306,-1.458855
17951,-1.409571,-1.494883
17952,-0.564683,2.140462
17953,0.031304,-0.683635
17954,-1.165778,-0.620629
17955,-1.116017,0.399988
17956,0.362316,-0.758836
17957,-2.184167,-1.840079
17958,-0.287764,-0.726599
17959,1.220039,-0.747762
17960,-0.637475,-0.398212
17961,-0.637229,-0.143675
17962,-1.404422,-1.353799
17963,0.629260,0.208482
17964,1.330459,-0.507721
17965,-1.001318,-0.593440
17966,0.221343,-0.289344
17967,0.492890,-0.186547
17968,-0.121994,0.304781
17969,-0.578687,1.411319
17970,-1.143083,-0.745434
17971,-0.966905,-0.023778
17972,-0.976347,-0.146826
17973,-0.238580,0.239490
17974,0.281857,0.584473
17975,0.472610,0.076225
17976,0.429478,-0.818660
17977,-0.928991,-0.956094
17978,1.283593,-0.697636
17979,-0.118036,-0.628470
17980,-0.057883,-0.030504
17981,1.172815,-0.378536
17982,-1.333738,-0.177181
17983,-0.329747,-0.797103
17984,1.583779,0.076787
17985,0.532785,-1.150225
17986,0.122607,0.347266
17987,0.821412,0.907707
17988,-0.183955,1.011815
17989,0.487972,-0.722621
17990,-1.617845,0.835891
17991,0.377481,-0.446387
17992,-1.554659,-0.146579
17993,0.179815,-0.615656
17994,0.123807,-0.292006
17995,-1.231868,1.219310
17996,0.130209,-1.001880
17997,-0.427740,-0.982035
17998,1.001130,0.084046
17999,-1.395580,1.434539
18000,-0.798362,-0.732533
18001,-0.467714,-0.945749
18002,-1.070710,-0.288986
18003,0.288292,0.659793
18004,-0.616426,-0.167334
18005,0.351667,0.419214
18006,0.829948,-1.366667
18007,0.050224,-0.636196
18008,0.104830,0.614275
18009,0.980098,-0.442724
18010,0.442059,-0.899787
18011,-0.562778,-1.087401
18012,-1.587374,-0.582145
18013,-0.997562,0.346979
18014,1.237702,-0.838533
18015,0.590169,-0.478388
18016,0.563615,-0.992263
18017,0.974404,-0.620154
18018,0.076919,-0.028553
18019,-0.834643,-0.437386
18020,0.931550,-0.388052
18021,1.787220,-0.566922
18022,-0.954751,1.483898
18023,0.543731,0.800954
18024,0.509057,0.117394
18025,-0.837112,0.046566
18026,-0.484480,-0.761336
18027,-0.646365,0.172675
18028,-0.260582,0.578908
18029,-0.662719,-0.254883
18030,0.671414,-0.196222
18031,0.425958,1.181375
18032,-0.719865,1.668474
18033,-0.525321,0.790372
18034,-1.058593,0.550908
18035,-1.896672,-1.544223
18036,0.196214,-0.815044
18037,0.482185,-0.193264
18038,0.887748,-0.659118
18039,-1.213671,1.005544
18040,-3.805978,-1.511324
18041,0.143958,-1.190544
18042,-0.013456,0.549637
18043,-1.304515,-1.963611
18044,0.408703,0.284267
18045,-0.617340,2.458489
18046,-0.407895,-1.416810
18047,0.428395,-0.143618
18048,1.272965,-0.907570
18049,1.093282,0.759004
18050,-1.034842,0.096078
18051,1.258411,-0.446552
18052,-1.840369,1.425674
18053,1.511756,-1.344553
18054,1.356731,0.610904
18055,0.880880,-0.260726
18056,-1.454966,-0.726854
18057,0.280665,0.217642
18058,-0.595529,-1.821955
18059,-2.257379,0.724399
18060,1.409567,-0.470690
18061,0.616120,0.887730
18062,0.014177,-0.542381
18063,-1.619823,1.178148
18064,1.026430,0.969077
18065,-2.919360,-0.334361
18066,-1.960876,-0.625494
18067,-0.910663,1.245449
18068,-1.744900,1.069324
18069,-0.761266,0.270222
18070,1.450338,-0.694680
18071,0.405797,0.212726
18072,-0.306028,3.332557
18073,1.870941,0.041160
18074,0.408382,-0.377459
18075,0.336944,1.153240
18076,0.491435,-0.486056
18077,1.508450,1.524059
18078,-1.717890,1.220893
18079,-1.537722,-0.051217
18080,-0.238262,0.242448
18081,-0.213493,0.801550
18082,0.251063,-1.005654
18083,-1.413636,-0.411354
18084,0.358382,0.993292
18085,0.870724,-0.419699
18086,-1.790795,0.901685
18087,1.230026,-0.715691
18088,-1.390613,-1.597560
18089,-1.841944,0.960520
18090,0.766742,-0.973793
18091,2.210853,-0.617021
18092,0.949949,-0.023149
18093,-0.595784,0.194056
18094,-2.977912,-0.066858
18095,1.289128,-0.316327
18096,2.108671,-0.691790
18097,-0.057663,0.275682
18098,1.194384,-0.624717
18099,0.323739,0.599778
18100,1.289804,-0.193411
18101,-1.427615,1.098047
18102,1.013165,-0.793301
18103,1.949188,-0.469250
18104,-1.380964,-0.088060
18105,1.647464,-0.476025
18106,1.919279,-0.743108
18107,-0.441907,0.751726
18108,-1.020096,2.702005
18109,-0.422336,0.674699
18110,-1.643025,-0.835039
18111,-2.989988,-0.774935
18112,-0.786628,0.838780
18113,-0.113460,1.433246
18114,-0.214513,-0.514173
18115,-0.078154,2.182477
18116,-1.313763,1.420176
18117,2.279201,0.339125
18118,-2.466696,-1.016742
18119,-2.139406,-0.088953
18120,0.592212,1.068799
18121,-0.996049,-1.178328
18122,-0.395387,-0.479437
18123,-0.453797,0.012770
18124,-0.282748,-0.397397
18125,-1.829309,0.168888
18126,-2.954024,-0.558177
18127,-0.031620,-0.085845
18128,-0.472754,0.125643
18129,1.775257,-0.514599
18130,0.608913,0.516141
18131,1.087183,-1.032097
18132,1.109172,-0.693169
18133,0.293961,0.059953
18134,-1.798976,1.086862
18135,0.423272,-0.885493
18136,-0.276553,-2.322044
18137,-1.165809,-0.983863
18138,-1.046655,-0.869218
18139,0.201453,-0.932266
18140,0.616507,-1.526472
18141,0.750088,-1.243083
18142,0.162850,2.748397
18143,-0.535722,-1.687921
18144,-1.284269,0.611174
18145,-1.626425,0.543763
18146,-0.216101,-0.246961
18147,0.961374,-0.355079
18148,-0.109584,-0.500398
18149,-0.071828,-0.023097
18150,0.699381,-0.511277
18151,1.326035,-0.004869
18152,0.499994,-0.830580
18153,0.464688,0.350102
18154,1.724848,-0.312619
18155,0.807306,0.170601
18156,0.607545,-0.423980
18157,-0.189557,-0.882708
18158,0.844965,-0.475078
18159,0.082646,-1.823645
18160,0.771321,-0.627938
18161,1.466363,-0.054560
18162,1.383018,-0.763663
18163,-2.644445,-0.101220
18164,0.169925,-0.823314
18165,-0.767111,0.511155
18166,2.243645,1.376740
18167,-2.575535,-2.069361
18168,-0.210350,0.468744
18169,1.640613,0.155970
18170,-0.440082,-0.244396
18171,0.524817,0.884441
18172,1.856896,-0.499843
18173,-0.310086,-0.114627
18174,-0.551574,2.232973
18175,-0.836759,0.353707
18176,0.316820,1.196157
18177,1.571504,1.112356
18178,0.385758,0.828412
18179,1.302651,-0.310356
18180,0.631078,-0.424207
18181,0.109748,1.749382
18182,-2.084392,1.062956
18183,0.371196,-0.003257
18184,0.227821,-0.412189
18185,-0.768241,2.425660
18186,1.468275,0.555511
18187,2.379836,0.037193
18188,0.832493,0.006208
18189,-0.522861,-0.232030
18190,-0.642856,-0.340354
18191,-1.509416,0.542561
18192,0.496976,2.959661
18193,0.977585,1.795419
18194,1.003612,-0.844533
18195,0.121549,-0.928011
18196,-0.761298,0.573767
18197,0.081148,0.978510
18198,0.847056,0.459133
18199,0.134113,1.134812
18200,0.396981,0.108796
18201,-1.595847,2.777469
18202,0.232311,1.068108
18203,-0.324663,0.839731
18204,-4.222856,0.256216
18205,-0.738881,0.189437
18206,-3.361105,-1.567120
18207,0.884577,-0.330881
18208,-3.890478,0.750593
18209,1.302027,-0.021562
18210,0.068969,0.080536
18211,0.573560,0.532857
18212,-1.685741,0.890852
18213,1.099191,-0.438562
18214,-0.924201,1.458150
18215,0.297460,0.949030
18216,2.030550,0.476952
18217,-0.471530,-0.728890
18218,-0.487354,-0.822471
18219,-1.586884,1.320081
18220,-0.180429,0.415006
18221,0.088159,0.140426
18222,-3.318405,1.345973
18223,0.865238,0.242943
18224,0.563569,0.849769
18225,1.498880,-0.459420
18226,0.598129,1.270737
18227,0.983373,0.836469
18228,-0.542742,1.204543
18229,-0.151402,-0.089513
18230,-1.108295,-0.463090
18231,1.081474,-0.162891
18232,0.592231,0.829702
18233,0.459033,-0.274507
18234,-0.135203,1.410790
18235,-0.242624,1.008546
18236,1.412139,-0.126681
18237,1.512277,-0.412239
18238,1.029808,-0.018917
18239,-0.463142,-0.850666
18240,0.595158,-0.590144
18241,1.517159,-0.313273
18242,0.168928,1.015310
18243,1.395559,-0.325985
18244,1.174553,-0.597347
18245,0.376259,-1.110347
18246,0.664991,0.030311
18247,1.019402,-0.273843
18248,1.843894,-0.804361
18249,0.896510,-0.851804
18250,-2.165464,-2.616014
18251,2.093371,-0.996861
18252,0.186898,1.127209
18253,1.629103,-0.400191
18254,0.968650,0.097787
18255,0.812295,1.467292
18256,0.098754,-0.520765
18257,-0.225135,0.309057
18258,0.436765,0.573913
18259,1.019064,0.925003
18260,-1.159097,1.090867
18261,-0.351408,-0.049101
18262,-1.498656,0.197158
18263,-3.518063,-2.113678
18264,-0.001312,1.531055
18265,1.096505,2.285503
18266,1.893075,-0.003636
18267,0.242260,0.823637
18268,3.068902,-0.900813
18269,1.695140,-1.000865
18270,1.515271,-0.538333
18271,0.692810,-1.004330
18272,1.464125,-0.829735
18273,1.401949,-1.497355
18274,-1.262052,0.503051
18275,-0.617149,-2.236127
18276,-0.038048,-1.084894
18277,2.128874,-1.467791
18278,1.427407,-0.461744
18279,-0.772889,-1.642718
18280,-0.508473,-0.761419
18281,-1.779395,4.818565
18282,0.414172,0.504838
18283,-2.297719,-1.434118
18284,1.354159,-1.479068
18285,-0.698880,-2.382245
18286,0.482411,-1.071704
18287,2.496945,-0.297409
18288,1.093171,-0.867753
18289,-0.470471,-0.443005
18290,1.453671,0.186294
18291,2.058380,-1.129686
18292,-1.990588,1.339981
18293,-1.463210,0.491052
18294,1.631129,-1.238860
18295,-1.490292,1.353042
18296,-1.470505,0.818794
18297,-2.093755,-1.259108
18298,-0.352961,-0.040429
18299,-2.808341,1.549222
18300,-1.231927,0.525209
18301,-0.927177,-1.121405
18302,-1.244910,-1.098016
18303,-1.745186,0.808938
18304,-2.678230,-0.849322
18305,-1.291308,-2.153725
18306,-2.222471,2.731074
18307,-1.955319,-0.384866
18308,-0.346092,1.232064
18309,0.236939,0.290913
18310,1.131123,-1.129594
18311,1.570475,-0.523613
18312,2.227064,0.056872
18313,0.427819,-0.382470
18314,2.407172,-0.212305
18315,-0.511143,2.031821
18316,-2.651278,-1.620669
18317,-1.117226,-1.034432
18318,0.277879,-0.853079
18319,0.404857,2.184400
18320,0.402042,-0.229455
18321,1.303198,0.269478
18322,1.495890,0.092907
18323,1.978772,-0.809639
18324,-0.121928,1.087866
18325,0.544636,0.786517
18326,1.607960,1.774240
18327,0.253119,0.390887
18328,-0.392778,1.594825
18329,-1.332506,3.765175
18330,0.117909,-0.036739
18331,-1.465385,-0.324176
18332,3.031927,-1.293985
18333,0.247557,-0.224939
18334,-2.096346,3.729771
18335,0.503433,2.476003
18336,1.365133,-0.211782
18337,-1.082743,-1.662967
18338,1.040831,-1.215740
18339,0.538073,0.243596
18340,0.176217,-0.961485
18341,2.798069,-0.792786
18342,-1.171988,0.933900
18343,-0.941630,-0.629729
18344,1.140114,-0.553746
18345,-1.364850,-2.229511
18346,-1.117784,1.605869
18347,0.757740,-0.573912
18348,-0.607327,-0.149622
18349,0.428373,1.019704
18350,2.276037,-0.945131
18351,1.097143,-0.882604
18352,-1.580928,-0.199050
18353,-0.820238,-0.077264
18354,0.008400,-2.113433
18355,0.394743,-0.026200
18356,-0.158830,0.688051
18357,-0.295546,-0.317031
18358,-1.658093,-0.309272
18359,0.172870,1.143099
18360,-0.833352,1.375189
18361,0.013197,0.003630
18362,-0.523042,-1.672974
18363,-0.005345,0.349897
18364,0.994084,-0.809300
18365,-0.295053,-0.510139
18366,1.409332,0.114592
18367,-0.369245,-0.493963
18368,0.838069,0.354304
18369,1.052497,0.272688
18370,0.480336,2.289943
18371,0.650239,-1.760859
18372,-0.994772,0.963752
18373,-0.063851,0.423057
18374,-0.710347,-0.478192
18375,1.171540,-0.970402
18376,-0.691865,-0.081386
18377,0.975266,-0.092916
18378,1.013713,-0.605079
18379,1.014650,-0.280785
18380,0.018278,0.063469
18381,2.180930,-0.422474
18382,0.368792,-0.613222
18383,1.142627,-1.243053
18384,-0.686457,0.032208
18385,0.737192,-1.029482
18386,-0.059961,1.148685
18387,0.727366,-0.650849
18388,2.066232,-0.971660
18389,-1.027139,-1.381949
18390,2.575339,-0.327664
18391,0.862254,-0.124541
18392,0.882457,-0.165433
18393,-3.050808,0.536045
18394,0.461781,1.327370
18395,2.117954,-1.059958
18396,-0.282307,1.679470
18397,-2.900963,-1.176835
18398,1.204895,5.331288
18399,-0.255950,1.074071
18400,-1.231895,1.038058
18401,-1.177106,1.840476
18402,-1.274728,-0.313457
18403,0.184806,0.960617
18404,-1.557755,0.766119
18405,-0.168995,3.293142
18406,1.957476,0.253138
18407,-0.282203,1.277141
18408,-0.103879,-0.574345
18409,0.516319,1.332875
18410,-2.429608,0.390256
18411,-2.134484,2.529280
18412,-0.407716,0.664861
18413,1.558397,0.168647
18414,1.887689,2.098129
18415,1.421229,-0.171681
18416,0.863868,0.321759
18417,0.983990,-0.682031
18418,-0.727176,0.771074
18419,-0.719316,0.733423
18420,0.399847,0.299632
18421,1.870960,0.920709
18422,-2.097086,2.719080
18423,0.320734,3.560324
18424,0.977536,0.721193
18425,0.468803,0.075770
18426,-0.606931,1.995620
18427,0.665044,2.476427
18428,0.321811,3.849219
18429,1.777821,0.865854
18430,-0.555070,2.165778
18431,2.442812,0.313333
18432,0.367949,1.498268
18433,0.072678,0.557480
18434,0.526940,0.974864
18435,2.252269,0.024191
18436,1.393477,-0.262716
18437,0.797885,1.056631
18438,1.440391,0.315262
18439,0.654162,-0.348781
18440,1.566244,0.385683
18441,1.179163,-0.544218
18442,1.530260,-0.690299
18443,0.907496,0.963572
18444,1.666890,0.041145
18445,-1.724678,0.988207
18446,0.448968,0.657848
18447,-0.448889,0.738343
18448,0.080481,-0.527212
18449,0.017973,0.781650
18450,-1.720622,0.908720
18451,1.981727,-1.176454
18452,0.220741,0.586108
18453,0.040004,1.795271
18454,-0.365998,0.334739
18455,0.865491,1.364676
18456,-1.280326,2.440025
18457,-0.525499,-0.150802
18458,-0.040117,-0.885646
18459,1.549906,-0.524550
18460,-0.478510,0.808504
18461,0.732065,-0.403108
18462,0.167208,0.622277
18463,0.081181,0.312423
18464,0.172752,-0.410052
18465,0.432024,2.523278
18466,-1.339305,0.950454
18467,-1.508562,2.725649
18468,-2.164817,0.268809
18469,-0.519338,-0.157148
18470,-1.584640,-0.631076
18471,-1.419931,2.137906
18472,-1.355225,1.931601
18473,-1.426138,2.961038
18474,0.282330,3.593814
18475,0.005345,3.938089
18476,-0.898633,0.257353
18477,-1.237308,2.666116
18478,1.026799,2.053514
18479,-0.389960,0.692427
18480,1.244711,1.472643
18481,-2.303512,0.921467
18482,-0.453078,0.615583
18483,-1.245663,1.144921
18484,-1.818228,-0.178857
18485,-0.005915,1.687849
18486,0.878665,0.159652
18487,0.338840,-0.077601
18488,-0.022009,-0.006877
18489,-0.220937,1.394053
18490,0.545353,0.199224
18491,1.784924,0.959822
18492,1.781381,0.573575
18493,0.180660,-0.666757
18494,1.624879,-0.242069
18495,1.002417,0.384128
18496,1.720614,0.374433
18497,0.877018,2.163346
18498,-0.629960,-1.069718
18499,0.453072,1.864913
18500,1.780056,1.026417
18501,-0.066102,3.905443
18502,-1.352921,-2.485499
18503,-2.083110,1.849742
18504,1.053814,0.647335
18505,0.083709,-0.257887
18506,1.106799,2.175216
18507,3.365514,-1.080114
18508,1.652895,-0.181432
18509,-2.817041,0.884185
18510,0.588200,1.231370
18511,1.351203,1.259498
18512,1.770906,1.365708
18513,-0.143827,1.825453
18514,2.042131,0.695701
18515,0.283475,1.572606
18516,0.643726,0.359074
18517,1.279963,-0.030207
18518,1.072006,0.574705
18519,0.634707,1.316829
18520,-1.981096,0.407336
18521,0.689699,0.929996
18522,0.740001,2.381268
18523,-0.056758,2.939508
18524,0.340448,1.050799
18525,-0.896044,0.164236
18526,0.410781,2.540045
18527,1.650663,0.958724
18528,-0.379487,1.216205
18529,-0.166022,1.748229
18530,-0.129437,-0.210809
18531,-0.894550,2.702161
18532,0.743525,4.945090
18533,-3.816518,-2.115111
18534,0.638019,-0.507249
18535,0.876821,-0.489086
18536,0.851794,0.687829
18537,-0.798211,1.239621
18538,2.011372,-0.206952
18539,-0.439013,0.578224
18540,0.501364,-1.138299
18541,0.118077,0.591619
18542,-0.158148,0.732559
18543,2.038723,0.952652
18544,-1.470944,-0.548151
18545,-1.463209,1.602067
18546,0.480107,0.474480
18547,1.475376,0.046267
18548,-1.376197,0.120304
18549,-0.228500,0.104230
18550,2.154276,-1.595787
18551,-1.586258,-0.192293
18552,1.251395,0.284054
18553,-0.247917,0.735781
18554,1.153235,4.021086
18555,0.200610,2.626391
18556,1.437526,-0.033232
18557,0.917039,3.736859
18558,0.546264,1.852540
18559,-0.684074,-3.476844
18560,0.369656,1.331766
18561,1.736392,1.138423
18562,0.128957,-0.068371
18563,1.295266,-1.851872
18564,-0.414176,-0.570110
18565,0.971492,0.732993
18566,1.223116,1.104759
18567,1.532913,0.255137
18568,1.224365,0.985580
18569,-0.800581,0.294112
18570,-1.341393,1.268586
18571,1.093168,0.951249
18572,-2.003318,0.348755
18573,1.505389,0.956230
18574,-0.747142,0.734312
18575,1.702426,1.099159
18576,0.964762,-0.386927
18577,-1.841922,0.738244
18578,-1.570207,-1.439751
18579,0.304886,-0.194204
18580,-1.499028,1.655256
18581,-0.551183,0.782779
18582,-0.276570,0.524963
18583,0.062773,-0.823631
18584,0.357755,5.266227
18585,1.118024,5.589068
18586,-0.798214,-1.055449
18587,-1.004888,-0.124746
18588,0.821389,1.083029
18589,-0.150648,-0.880686
18590,1.158619,2.978279
18591,1.433887,-0.339472
18592,-0.063515,2.282690
18593,-1.970876,-1.047225
18594,0.790772,0.064363
18595,0.213760,-0.607801
18596,1.411400,0.227969
18597,0.203950,0.001585
18598,1.122971,-0.122781
18599,0.905469,0.784829
18600,-0.212556,0.850868
18601,0.525896,1.112690
18602,1.325436,0.759457
18603,-1.155417,-0.851948
18604,-0.061732,0.806091
18605,1.729757,0.946633
18606,-0.096309,1.791643
18607,0.407846,0.789504
18608,-0.552664,2.011435
18609,-0.889715,2.975123
18610,-2.049316,-0.328598
18611,0.445763,2.399211
18612,0.466078,-0.018772
18613,0.270528,2.847022
18614,0.741108,0.864327
18615,1.294353,2.913021
18616,0.704646,1.186460
18617,0.601869,-0.879605
18618,-1.577925,0.814655
18619,-0.565144,-0.374936
18620,0.070960,0.345956
18621,-0.842987,-0.117810
18622,0.115716,-0.886231
18623,0.148201,0.888913
18624,-0.991324,1.215765
18625,-0.580634,-0.033522
18626,0.345326,1.904860
18627,1.765272,0.379820
18628,0.300622,0.551804
18629,0.392070,1.115252
18630,1.651980,0.659045
18631,1.564823,-0.403486
18632,2.221023,-0.459205
18633,1.744398,0.873177
18634,-1.910999,0.087924
18635,1.738317,-0.473885
18636,-0.361188,0.362126
18637,2.109267,0.479151
18638,1.180169,2.539469
18639,-0.330510,-0.063394
18640,-0.312981,2.231206
18641,0.622883,0.537380
18642,0.024105,0.972203
18643,1.000077,-0.548434
18644,-2.173626,-0.606062
18645,0.640708,0.855489
18646,1.003007,-0.384935
18647,1.548079,-0.347093
18648,0.808438,0.635504
18649,-0.216439,0.460048
18650,1.752888,-0.513806
18651,-0.712651,1.405716
18652,1.232615,-0.319981
18653,0.636425,0.443606
18654,-0.400761,0.515486
18655,-2.210412,1.501537
18656,-0.758760,1.668373
18657,0.313320,2.328964
18658,-0.870321,4.463590
18659,-1.017749,0.090583
18660,-0.642491,-0.414735
18661,0.920010,-0.527723
18662,0.923109,-0.569686
18663,1.208499,0.460621
18664,0.638594,0.088342
18665,1.091373,2.704489
18666,1.369642,0.234405
18667,2.687851,0.381323
18668,-0.572880,0.129150
18669,-0.469837,0.115078
18670,-2.321606,0.448883
18671,0.170896,-0.139533
18672,1.016929,-0.384646
18673,0.002424,-0.131367
18674,0.124547,-0.599583
18675,-1.498051,1.098286
18676,-0.364952,-0.195164
18677,-0.869887,0.417300
18678,-1.133258,-0.888164
18679,0.607019,0.406537
18680,1.198092,-0.103122
18681,1.279345,-0.616730
18682,-0.488988,1.044381
18683,1.589846,0.824392
18684,1.753424,1.463824
18685,1.559711,-0.697124
18686,0.918951,0.095900
18687,1.196935,-0.097326
18688,2.111464,0.220244
18689,2.880297,0.095438
18690,2.193205,-0.352434
18691,-1.225981,0.716904
18692,-0.919206,-0.242518
18693,1.040346,-0.774804
18694,2.142243,1.072778
18695,0.508711,-0.690835
18696,1.456669,-0.699989
18697,-1.741640,-1.176651
18698,-0.037127,-1.008920
18699,-0.380330,-0.649191
18700,0.806382,0.072571
18701,0.609475,-0.363375
18702,0.068880,0.198913
18703,0.803165,1.043615
18704,1.994558,-0.763674
18705,0.591383,0.431247
18706,0.217884,-0.336379
18707,0.995110,-0.610144
18708,0.997303,-0.845052
18709,1.498066,0.285264
18710,-2.124968,2.044404
18711,1.755562,-0.530965
18712,1.680551,-1.263037
18713,-2.361089,0.079006
18714,0.001273,0.701100
18715,0.476588,0.666458
18716,1.555542,-0.050890
18717,1.553019,-0.214653
18718,1.013852,-0.281977
18719,1.689320,-1.279280
18720,-1.828666,0.241594
18721,-1.174521,-0.349369
18722,1.018588,0.474401
18723,1.464421,0.257166
18724,-1.768418,2.031985
18725,0.635153,-0.639955
18726,-1.218806,-0.338055
18727,0.029654,0.652829
18728,-1.531511,3.794471
18729,-0.793885,2.755379
18730,-0.429749,-0.397572
18731,-0.313623,-0.651574
18732,-1.001876,-0.765227
18733,-1.487002,2.063393
18734,1.750489,-0.637281
18735,0.279800,-0.706168
18736,-1.695906,1.585355
18737,-3.645945,-0.687793
18738,-0.206032,0.601914
18739,-0.962199,-0.347000
18740,-3.763772,0.770495
18741,-0.616627,0.298292
18742,-0.495358,-0.629313
18743,-1.236633,1.343714
18744,-0.191567,-0.291174
18745,0.776389,-0.825099
18746,-0.602308,0.127522
18747,2.264790,-0.459996
18748,1.077829,-0.678062
18749,1.546376,0.097862
18750,-0.361620,0.522512
18751,-1.006437,-1.159520
18752,1.333668,-0.074036
18753,1.692406,-0.772055
18754,-0.783297,1.042645
18755,-0.012155,0.595681
18756,-1.079614,1.827481
18757,-1.424376,1.087908
18758,-1.874392,-0.698519
18759,-3.119229,1.283557
18760,-0.444022,0.219645
18761,-0.499826,-0.604793
18762,-2.271336,0.416803
18763,-3.984570,0.700860
18764,-4.157639,-5.523457
18765,1.925930,-0.898148
18766,2.184267,-1.115220
18767,0.832132,-0.846545
18768,1.478555,-0.480311
18769,-0.322132,-0.672681
18770,0.205193,-0.452291
18771,-1.217455,1.666998
18772,1.676234,-0.298307
18773,1.135510,0.189298
18774,-1.402370,1.229843
18775,-2.838687,-0.275049
18776,-2.953147,1.480325
18777,1.261639,-0.224769
18778,-2.149492,-0.588067
18779,-1.557510,0.653097
18780,-2.723246,-0.279890
18781,1.591934,3.355805
18782,-0.658326,-0.486889
18783,-0.089217,-0.605130
18784,0.472024,-0.634071
18785,-0.588514,-0.773067
18786,1.358232,-0.066859
18787,-1.290706,0.022726
18788,-1.972489,-3.729338
18789,-1.115167,-0.490200
18790,0.673094,-1.694310
18791,-1.834695,-1.022168
18792,1.117823,-1.507677
18793,-0.810252,-2.059033
18794,0.513962,-1.296581
18795,1.316559,-2.034698
18796,-0.577681,-2.412019
18797,-3.237570,-2.816505
18798,-3.099395,-2.572869
18799,-3.756519,-3.543589
18800,-2.556972,-1.424994
18801,-1.639547,-1.964066
18802,-3.291362,-3.670470
18803,-0.227888,-2.414855
18804,-1.625449,-2.239960
18805,-4.411156,-2.992001
18806,-2.111298,-0.675150
18807,-1.004544,-0.895091
18808,-3.939320,-3.216821
18809,-3.869117,-3.166634
18810,-3.431297,-1.983242
18811,-3.918060,-2.853748
18812,0.873599,-1.667857
18813,-0.280396,-0.255280
18814,-2.303366,-1.368765
18815,1.512542,-1.897662
18816,-0.416001,-1.170424
18817,-3.622737,-2.152104
18818,1.516187,-1.400719
18819,-1.546189,-0.300212
18820,0.468941,-0.501785
18821,-0.350076,-0.156182
18822,1.305791,1.371097
18823,0.617810,-0.823495
18824,-0.267808,-0.094487
18825,-2.403049,-4.645895
18826,1.794023,-1.212435
18827,-1.067137,-2.564356
18828,0.100690,-0.513502
18829,1.010979,-0.884012
18830,0.813311,-1.374125
18831,0.095669,-0.363553
18832,-0.055486,0.226884
18833,0.645807,-0.449816
18834,-0.923500,-0.645211
18835,0.502142,-0.151417
18836,1.733260,-0.040516
18837,-0.294323,0.778305
18838,-1.340276,0.673875
18839,0.155919,1.336746
18840,0.999378,-0.357558
18841,-0.917901,-1.153392
18842,-0.952100,1.163954
18843,1.091631,1.279373
18844,-3.804813,0.032040
18845,-0.167495,0.417775
18846,-2.126966,-1.271687
18847,-3.276638,-0.559900
18848,-0.179474,-0.408931
18849,-0.727732,-0.754719
18850,-2.619137,-0.490453
18851,-1.340769,1.794170
18852,1.079226,1.734660
18853,-0.840239,-0.352633
18854,0.139321,0.527380
18855,-1.667893,-1.375270
18856,1.521426,0.002194
18857,0.084851,-0.116494
18858,0.826705,0.786833
18859,0.205757,0.492223
18860,0.555092,1.514001
18861,0.268359,-1.279973
18862,-0.588000,-0.567266
18863,-3.093436,0.227095
18864,-0.201784,-0.111092
18865,0.120832,0.008753
18866,0.214389,-0.827478
18867,0.598934,0.464357
18868,-0.040931,0.158005
18869,-1.763600,1.017099
18870,-0.521902,0.431438
18871,-1.469068,0.732424
18872,1.187067,-0.850057
18873,-2.760500,-0.969814
18874,-2.984433,-0.211924
18875,-2.127735,-0.400285
18876,1.693675,-1.095011
18877,0.138819,0.310633
18878,0.961693,1.384808
18879,1.475434,-0.626463
18880,0.239523,-0.395524
18881,0.909414,-0.447586
18882,-0.450789,-0.944172
18883,0.315416,-0.325209
18884,0.173713,-0.134068
18885,1.057305,-1.551350
18886,-0.258747,-0.678104
18887,0.652781,-0.357487
18888,-1.742985,0.308492
18889,0.299403,-0.454393
18890,0.610560,-0.619898
18891,1.687843,-0.610818
18892,-4.035010,0.341350
18893,-1.624240,0.612526
18894,1.047085,-0.320408
18895,2.904199,-0.586895
18896,0.214920,1.439789
18897,-0.809809,-0.109927
18898,-1.116616,1.699734
18899,0.276457,1.798301
18900,-0.566058,-0.230164
18901,0.471957,-0.059840
18902,-1.127109,1.338584
18903,1.818706,-0.379571
18904,0.104266,0.204254
18905,0.038359,-0.703463
18906,-2.770352,-1.206930
18907,-1.768801,0.722713
18908,0.930639,-0.016408
18909,0.297034,-0.700221
18910,-0.477037,0.225276
18911,-1.135652,-0.923491
18912,-1.957019,1.118461
18913,1.786788,0.211951
18914,-1.945193,1.271739
18915,0.061161,-0.468185
18916,-0.673541,-0.940012
18917,-2.438051,2.224961
18918,0.894123,-0.033932
18919,-1.203025,0.480764
18920,0.142037,1.401043
18921,-0.092946,-0.075864
18922,-0.355140,-0.995354
18923,0.777547,-0.482689
18924,0.731646,3.609471
18925,-2.778031,2.895037
18926,0.724552,-0.380439
18927,0.117800,1.284677
18928,0.213209,0.386068
18929,0.319100,0.234356
18930,0.114665,-0.759016
18931,-1.396242,-1.026096
18932,-0.115288,-0.610142
18933,-2.143670,0.766370
18934,-0.181427,1.542510
18935,-1.416132,-0.781732
18936,-3.554832,-1.526688
18937,0.399196,1.120144
18938,-3.110476,-1.444022
18939,-1.828422,-1.708756
18940,1.644902,0.094224
18941,-3.091795,1.529404
18942,0.274393,1.893466
18943,1.150769,1.087369
18944,-0.937036,-0.886923
18945,1.432408,1.042560
18946,-2.621574,-0.808053
18947,-0.595417,-2.117051
18948,-0.524128,-0.363291
18949,0.617950,-0.338820
18950,1.235340,-0.836890
18951,-1.285943,-0.056858
18952,-0.099910,0.171301
18953,-2.389880,-0.970298
18954,-1.899094,0.202956
18955,0.949577,1.551027
18956,-1.073187,0.291120
18957,-1.999074,-0.415336
18958,1.087398,-1.421805
18959,1.634771,0.091251
18960,-0.608750,-0.815647
18961,2.264003,-0.588949
18962,0.306915,0.848730
18963,-1.720201,2.906432
18964,-0.033144,1.153567
18965,1.832677,3.341966
18966,0.037395,1.472191
18967,-0.787632,-0.244983
18968,-1.157814,-0.623052
18969,-1.262341,0.461038
18970,1.612766,-0.159649
18971,-0.136094,0.183444
18972,0.469650,0.143516
18973,1.100195,-0.977513
18974,0.976392,2.067512
18975,-0.481186,-1.021919
18976,-0.004437,-0.738915
18977,0.055337,-1.384134
18978,-0.462897,0.690090
18979,-1.408437,1.241309
18980,1.255522,-0.513537
18981,-1.296555,0.280440
18982,0.720895,0.944913
18983,-0.324259,0.690983
18984,-0.488437,-0.104675
18985,0.302306,-0.257735
18986,-3.400687,-0.239687
18987,-1.410918,0.353251
18988,1.299318,0.195233
18989,-0.557669,-0.746061
18990,-0.200867,0.384147
18991,-3.795646,-1.128818
18992,-0.584802,-0.633901
18993,2.000458,1.095118
18994,1.674717,0.251457
18995,-1.525680,0.190370
18996,1.174859,1.078973
18997,-0.608321,2.428625
18998,-2.852211,-1.276881
18999,-0.842462,1.493464
19000,0.283006,2.934419
19001,0.443682,-0.111768
19002,-5.870798,-3.822263
19003,-1.134465,-0.625145
19004,-0.066682,2.641708
19005,-2.218298,1.226833
19006,-2.373683,-0.075414
19007,-2.520394,0.525693
19008,1.181901,2.105742
19009,-0.175835,1.385416
19010,-2.133777,1.091787
19011,-3.413357,-0.863877
19012,-1.872600,-0.645826
19013,0.853896,-0.179038
19014,-1.645549,-1.940928
19015,-1.748589,0.808359
19016,0.614028,-0.798113
19017,1.765191,0.114055
19018,2.067852,0.325588
19019,1.391970,-0.188156
19020,-0.372754,1.540229
19021,-0.257102,1.595196
19022,0.512282,-0.686079
19023,2.095832,-0.172769
19024,1.738267,-0.491869
19025,1.793924,0.290739
19026,1.137528,0.284828
19027,0.582938,0.096468
19028,0.106730,0.016572
19029,-1.505644,-0.464329
19030,-2.738791,0.843971
19031,-1.467267,0.542660
19032,-1.741287,0.141712
19033,-0.123101,-0.016635
19034,-1.436172,-0.981617
19035,0.310200,0.725213
19036,-1.306689,0.533292
19037,-0.797723,0.627037
19038,-2.205451,-2.776754
19039,0.032445,-0.266992
19040,-0.294632,-0.965991
19041,-0.595356,-1.626807
19042,0.350809,-0.336980
19043,1.216369,0.962984
19044,1.459190,0.208707
19045,-0.886852,0.054959
19046,0.594530,0.294031
19047,1.455034,0.983434
19048,0.548623,-0.097922
19049,-1.911496,-0.128820
19050,-2.537688,0.421463
19051,-1.019375,0.805743
19052,-0.415099,1.842062
19053,0.479096,1.248897
19054,0.002689,0.797817
19055,-0.529421,1.141180
19056,2.039896,1.414987
19057,-2.094918,1.801650
19058,0.716421,0.914815
19059,1.115757,0.247923
19060,0.202306,0.634349
19061,-0.322395,-0.082763
19062,0.323461,-1.256647
19063,1.679160,-0.970445
19064,-0.961485,0.166390
19065,-1.285695,-0.487923
19066,0.422952,-0.234258
19067,-2.002368,0.650156
19068,-1.088737,0.840031
19069,1.276155,0.095298
19070,-2.158566,-0.071164
19071,-1.012198,0.269070
19072,1.121121,-0.717083
19073,-1.965934,-0.071811
19074,-2.492079,-0.592528
19075,-1.269969,0.163536
19076,1.432030,-0.856062
19077,0.737530,-0.552008
19078,1.870919,-0.681821
19079,1.605828,-1.008876
19080,-0.076793,0.036359
19081,1.499135,-0.716127
19082,1.503265,-0.540196
19083,1.021002,0.223198
19084,1.519584,0.177591
19085,0.687786,-0.475548
19086,1.056688,-0.417374
19087,0.923759,-0.553988
19088,0.060118,-0.614529
19089,-0.472673,-1.941004
19090,0.530763,0.114996
19091,1.758058,-1.210761
19092,0.299185,-0.801229
19093,0.537530,-0.507984
19094,2.833145,-0.752163
19095,-0.894973,0.991460
19096,-1.858873,1.103828
19097,-2.013028,0.666403
19098,-1.411400,-1.532627
19099,1.730825,-0.540524
19100,0.501800,-0.153721
19101,1.471111,-0.013039
19102,-2.848795,2.048222
19103,1.882810,0.303902
19104,-0.166305,-0.777119
19105,-1.229719,-2.398920
19106,2.670635,-0.077447
19107,1.520020,-0.648733
19108,-0.102639,-1.161095
19109,1.553025,-0.831419
19110,-1.737386,-1.272137
19111,1.457867,0.584132
19112,1.920622,-1.176512
19113,0.607053,0.967154
19114,-0.953932,-0.277798
19115,1.098349,-0.200660
19116,1.544952,-0.866586
19117,0.655523,-0.556858
19118,1.386429,-0.315654
19119,1.015908,0.247237
19120,1.770355,-0.230857
19121,0.606391,0.045473
19122,0.525835,0.701812
19123,-0.420231,-1.182970
19124,-0.321922,1.140288
19125,1.176821,-0.245073
19126,-2.177306,1.767173
19127,1.295711,-0.528324
19128,0.097936,-0.419121
19129,0.801151,0.480863
19130,-0.438711,0.082829
19131,0.387808,-0.518834
19132,0.380001,-0.271923
19133,-0.833452,1.151624
19134,1.290258,-0.371584
19135,0.598669,-0.126221
19136,0.582013,-0.489534
19137,-0.459298,-1.641026
19138,-0.608757,-0.035592
19139,1.208673,-0.181079
19140,0.258175,0.735946
19141,-1.468714,4.104078
19142,0.480394,-0.844070
19143,0.412793,-0.197882
19144,1.421674,-1.091300
19145,1.117000,-1.445777
19146,0.406232,-0.142851
19147,-0.248863,-1.768501
19148,-1.905029,-0.462676
19149,1.571082,-1.579285
19150,0.212499,-0.936048
19151,1.578062,-0.970515
19152,-2.341816,-0.468391
19153,1.371743,-1.922064
19154,-0.514664,-0.365811
19155,0.603324,-1.118479
19156,1.596319,-0.141670
19157,0.884447,-1.304760
19158,-1.519379,4.704232
19159,1.757905,0.037081
19160,-1.686105,1.159966
19161,0.743238,-0.589436
19162,0.947080,-0.531460
19163,0.875490,0.082159
19164,2.814910,0.037473
19165,-2.214211,1.456797
19166,-1.021798,0.601270
19167,0.518274,1.484998
19168,-2.075374,-0.719583
19169,0.223619,1.944227
19170,-1.250753,1.449372
19171,-0.101366,2.400343
19172,0.552820,-0.759414
19173,0.540924,2.186341
19174,-2.268824,1.283640
19175,-1.205715,-0.595691
19176,0.663249,0.420491
19177,1.603308,0.661908
19178,1.197021,-0.022363
19179,-0.508282,1.167283
19180,-2.340275,0.212221
19181,-1.197495,1.814343
19182,1.662175,0.712876
19183,1.238067,0.398133
19184,0.678967,-0.084771
19185,1.268318,0.054982
19186,-0.734151,0.003980
19187,1.874117,-0.711076
19188,0.789012,1.863653
19189,2.475680,1.560372
19190,1.577907,-0.468720
19191,2.520294,1.200187
19192,-2.272696,-1.838149
19193,-1.481717,1.419251
19194,-1.483765,1.641854
19195,-0.562533,2.993522
19196,2.182809,-0.461904
19197,1.502639,0.071261
19198,0.837071,-0.534088
19199,0.514628,-0.423004
19200,2.468699,0.282226
19201,-0.378153,0.718051
19202,0.272269,1.587810
19203,1.940287,1.369021
19204,-1.998739,1.644904
19205,1.295907,-0.105327
19206,-0.392141,0.864294
19207,1.649693,0.393107
19208,1.712253,-0.771499
19209,1.800179,0.233984
19210,2.257469,-1.550931
19211,0.515122,-0.384052
19212,1.385367,-0.398740
19213,-0.344676,1.771803
19214,1.113511,1.203648
19215,1.348510,-0.297665
19216,-0.555614,-0.886337
19217,3.002059,-1.061027
19218,1.798490,-0.597366
19219,2.357136,-0.633597
19220,1.461821,-0.299645
19221,-2.235201,-2.273178
19222,-2.653407,1.255264
19223,0.383805,-0.709729
19224,-1.560207,1.009358
19225,-0.030903,-0.735583
19226,-2.608440,-0.259422
19227,-2.009250,1.528275
19228,-0.028851,-0.255143
19229,2.572859,0.048151
19230,2.034221,-0.390607
19231,-1.725294,-0.628171
19232,0.951454,0.419772
19233,0.479290,1.091245
19234,0.716009,-0.300122
19235,0.767163,-0.603641
19236,1.659273,-0.778798
19237,-1.507040,-0.406594
19238,1.297887,0.309533
19239,1.628733,0.680931
19240,1.176734,-0.739253
19241,-0.620559,1.326597
19242,-0.235309,1.234268
19243,1.286312,-0.178628
19244,-0.468706,-1.015640
19245,0.146753,0.421959
19246,0.565714,-0.656326
19247,2.029483,-0.422040
19248,-0.314332,-0.224407
19249,1.228504,3.026695
19250,1.945025,-0.841748
19251,-2.550622,-3.604155
19252,0.064958,-0.024987
19253,-0.091598,1.080959
19254,-0.918511,0.179314
19255,0.580913,1.536687
19256,2.314652,-1.051418
19257,-0.694845,0.071248
19258,-1.717584,-0.469295
19259,0.570325,0.307979
19260,0.158159,1.859233
19261,-2.629744,-0.447630
19262,-0.175588,-0.225843
19263,-2.424506,0.237753
19264,-0.641560,0.300097
19265,0.987655,0.545966
19266,-0.354240,-0.676371
19267,-1.207098,-0.540751
19268,-0.679485,0.800347
19269,1.733657,-0.171720
19270,0.463631,1.872303
19271,0.437215,-0.063509
19272,-1.319744,0.770097
19273,0.923616,-0.085531
19274,-0.739045,-0.245170
19275,-0.479312,0.361719
19276,1.724023,-0.410738
19277,1.482355,-0.425752
19278,1.129563,-0.750113
19279,1.370883,-0.544732
19280,0.668968,-0.973418
19281,1.184805,-0.294315
19282,2.177548,-0.426613
19283,-0.947513,-0.035461
19284,0.209131,0.802861
19285,0.844155,-0.211440
19286,1.081958,-0.450587
19287,-0.671041,-0.686518
19288,-0.133557,-0.366234
19289,0.875579,-0.356084
19290,0.334682,-0.155897
19291,-1.145374,-0.468296
19292,0.604286,-1.417272
19293,0.166377,-1.135077
19294,0.647134,-0.972510
19295,-1.260713,-0.878825
19296,-1.277376,-1.671643
19297,0.707488,-1.391970
19298,-0.119969,-0.940618
19299,0.915771,-1.023295
19300,-1.302711,0.179607
19301,0.291540,-0.653844
19302,1.128078,-0.547939
19303,1.263267,-0.887574
19304,0.455604,-0.179669
19305,-1.805887,-0.180980
19306,0.948969,1.443500
19307,-1.203659,0.612587
19308,-1.524853,0.727403
19309,0.455305,0.750572
19310,0.067365,-0.880685
19311,0.360425,0.394019
19312,-0.948898,-0.259987
19313,-2.200710,0.090452
19314,0.301679,0.931701
19315,-2.770811,-0.528014
19316,-0.494265,1.264750
19317,-0.503465,1.787569
19318,-0.089120,1.842012
19319,0.635671,-0.951815
19320,0.808454,-0.441966
19321,0.229873,-0.727404
19322,-0.551454,1.133533
19323,1.144201,-0.303290
19324,1.073249,1.137305
19325,-0.517630,0.501640
19326,0.386840,1.700066
19327,-1.752542,0.694856
19328,-1.603242,0.827485
19329,-1.605584,0.280040
19330,0.185933,-0.121958
19331,-0.027895,-0.004021
19332,-0.747902,-0.241857
19333,-1.382678,0.138542
19334,-1.837131,-1.231271
19335,-2.113325,0.552019
19336,0.165165,0.507588
19337,0.117513,0.757970
19338,1.941568,2.042252
19339,-1.407928,2.834002
19340,-0.448808,1.476144
19341,-1.919662,1.383312
19342,1.090010,2.666517
19343,0.512882,-0.655385
19344,1.201101,-1.452413
19345,-1.068105,-0.876881
19346,-0.676847,-1.038554
19347,-0.380968,0.405064
19348,-1.673152,2.402774
19349,0.282792,-1.721679
19350,0.114456,-1.102761
19351,0.199980,0.146295
19352,0.524772,0.103011
19353,1.134787,-2.510289
19354,-0.771958,-1.871414
19355,-0.764727,0.169199
19356,-1.346291,1.288816
19357,0.510940,0.414912
19358,-0.474561,1.252600
19359,-1.867770,0.689296
19360,-1.772906,-2.269644
19361,-0.173636,-1.038550
19362,-1.830939,-1.161738
19363,0.966771,-0.365540
19364,-0.723182,-1.109544
19365,-2.922141,1.483024
19366,-2.067146,2.921316
19367,0.158107,1.892487
19368,0.991990,5.963061
19369,-0.815050,1.022752
19370,1.242563,-0.983495
19371,-0.879474,1.113804
19372,-1.745840,-0.432202
19373,1.647585,0.073335
19374,2.069404,-0.024400
19375,1.244336,-0.400521
19376,0.554237,2.637497
19377,0.346607,-0.720180
19378,-0.206274,-0.473392
19379,0.092481,1.530649
19380,0.682009,-0.252684
19381,2.244201,0.385741
19382,1.363730,0.228783
19383,0.484045,-0.931255
19384,1.289022,-0.606840
19385,-2.151409,0.674582
19386,0.772671,0.746895
19387,0.535512,-0.262376
19388,-0.346682,-0.192382
19389,-0.683755,1.218751
19390,0.153166,0.673291
19391,-0.140088,-0.500267
19392,-1.055740,-0.205769
19393,1.555281,0.329499
19394,1.208768,0.027912
19395,0.186471,-0.098126
19396,2.319887,0.353783
19397,-1.936653,-0.042012
19398,0.669988,-0.122203
19399,0.578160,3.863283
19400,-0.645410,-0.068338
19401,1.350045,1.118317
19402,2.236334,-0.154600
19403,-1.862408,0.117606
19404,3.035912,-0.273665
19405,-1.766760,1.088965
19406,0.666683,0.093622
19407,2.497545,-0.437310
19408,1.218686,0.868512
19409,0.258963,1.875149
19410,-0.138262,-0.707762
19411,1.081542,-0.735300
19412,-0.969451,0.204556
19413,1.476576,2.130225
19414,-0.307756,-1.134867
19415,1.598159,0.565606
19416,-0.445962,-0.449169
19417,-3.194277,1.204788
19418,0.484756,1.475383
19419,0.076880,0.136123
19420,-0.673727,1.138560
19421,-0.295047,-0.420731
19422,-0.723695,-0.979382
19423,2.899351,-0.465965
19424,1.715708,0.681799
19425,-1.316612,0.749255
19426,-0.963869,1.859299
19427,-1.451540,0.683538
19428,0.907893,0.121098
19429,1.119913,0.098186
19430,1.344828,-0.411778
19431,0.854153,0.139988
19432,2.890832,-0.062600
19433,1.055408,0.650552
19434,-1.643985,-0.143372
19435,-1.184288,0.204681
19436,-2.347870,0.663627
19437,-2.845998,-0.579514
19438,-3.325271,1.861761
19439,-2.776026,1.766546
19440,-2.066243,2.339771
19441,0.374030,0.992156
19442,1.616083,0.074999
19443,2.033216,0.084465
19444,0.691734,0.152661
19445,-0.997640,1.397601
19446,1.618724,-0.042159
19447,1.793739,0.295107
19448,0.847549,0.807010
19449,0.188568,1.070659
19450,-4.240247,0.926468
19451,-1.551583,1.205493
19452,0.261669,-0.910159
19453,-0.143577,0.429138
19454,-2.352042,0.457146
19455,-2.708572,-0.567076
19456,1.361524,-0.108759
19457,0.165810,0.040875
19458,0.059885,1.750245
19459,2.052975,-0.653081
19460,0.698726,0.108968
19461,1.753379,-0.633778
19462,0.975182,-0.231639
19463,-0.088645,0.321979
19464,-1.136939,-0.633582
19465,2.083726,-0.077128
19466,-2.992918,-1.433464
19467,0.068133,0.312260
19468,-0.667151,-1.026483
19469,-0.402596,-0.010352
19470,-0.606870,1.044828
19471,-3.263877,-0.196940
19472,1.403613,-0.747026
19473,-1.146298,1.967540
19474,0.246096,-0.151769
19475,0.021689,1.703800
19476,1.391796,-0.240671
19477,-2.475505,-1.118912
19478,1.332840,-0.712102
19479,1.826739,-0.857467
19480,-2.095556,-0.767580
19481,0.590399,1.791683
19482,1.769178,-0.806489
19483,-2.786503,-5.024325
19484,0.515954,-1.720478
19485,0.582166,-0.811365
19486,1.700801,-0.806594
19487,1.316175,-0.731285
19488,0.079887,0.006139
19489,0.946250,0.832029
19490,-1.554214,-0.318502
19491,-0.827813,0.572982
19492,0.809208,0.293568
19493,-0.093456,-0.853535
19494,0.815235,-1.350111
19495,0.609727,0.826783
19496,1.756915,-0.016710
19497,-1.600456,0.579289
19498,0.217901,-0.716641
19499,-0.829608,0.157042
19500,-0.154324,0.786990
19501,0.286577,-0.282120
19502,1.550041,-0.273623
19503,0.298025,-0.852415
19504,1.260500,-1.073783
19505,-0.698287,2.404640
19506,-0.637159,0.458441
19507,0.816882,-0.248336
19508,1.500755,-0.452299
19509,1.339744,-0.774711
19510,1.065489,-0.103070
19511,-0.095579,-0.508239
19512,-0.082730,0.693950
19513,0.942224,-0.572484
19514,0.186114,1.527185
19515,1.499363,-0.937621
19516,1.211201,-0.450137
19517,0.039299,-0.812901
19518,0.212924,-0.537378
19519,0.571190,0.271265
19520,1.120062,-0.566032
19521,1.116227,-0.393398
19522,-1.223357,-0.519533
19523,1.518249,-0.457367
19524,-1.632782,-0.128088
19525,0.807065,0.555613
19526,2.561016,0.274280
19527,1.577016,-0.168559
19528,0.537033,3.517609
19529,0.486210,-0.027875
19530,-1.254018,-0.536325
19531,1.878795,-0.225805
19532,1.042648,-0.099400
19533,-2.471206,-0.268134
19534,-3.124348,-0.335740
19535,-0.127219,-0.603310
19536,0.624131,-0.302755
19537,-0.254760,0.371732
19538,1.223229,0.114067
19539,0.797676,-0.455123
19540,2.266460,-0.760584
19541,-2.396056,0.496515
19542,0.311679,0.085151
19543,1.172625,-0.504045
19544,-1.769961,-0.946622
19545,0.618430,-0.661481
19546,1.683743,0.172750
19547,-0.313141,-0.291862
19548,-2.677441,-0.214389
19549,-0.869803,-0.276655
19550,-0.369323,-0.345673
19551,0.897453,-0.809838
19552,-0.138644,-0.814326
19553,1.161060,0.092529
19554,0.148609,0.718267
19555,-2.150858,0.231032
19556,-2.707600,-0.040666
19557,0.750813,-0.071945
19558,-0.755457,0.322345
19559,-0.794507,-0.912510
19560,0.004789,1.224779
19561,-1.080966,0.902322
19562,0.735579,-0.516046
19563,-0.019945,1.105595
19564,1.096350,-0.574232
19565,-0.223358,-0.175156
19566,0.740082,-0.161785
19567,1.203374,-1.165227
19568,0.823313,-0.500022
19569,-3.783227,1.106046
19570,0.066481,-0.700065
19571,1.199137,-1.116693
19572,1.912737,-0.163488
19573,-1.435772,3.454804
19574,-2.220793,0.101978
19575,-0.694697,-1.036335
19576,-2.773528,1.594401
19577,-0.350602,-0.202691
19578,-3.353612,-0.037332
19579,-1.156105,-0.434429
19580,0.560948,-0.545436
19581,-0.229087,-0.161392
19582,1.535150,0.260513
19583,0.259146,0.394246
19584,0.178554,-0.376534
19585,1.859817,-0.662327
19586,0.505747,-0.588400
19587,-0.394975,-0.655162
19588,-1.404310,-1.542879
19589,0.184518,-0.207335
19590,-1.933706,-0.900990
19591,0.771899,1.587742
19592,0.527568,-0.188573
19593,0.265709,-0.129899
19594,0.964965,0.326241
19595,-0.526883,0.087329
19596,0.668333,-0.866500
19597,-3.040534,-0.384125
19598,0.453445,-1.139072
19599,1.417882,-0.071846
19600,1.330537,-0.002402
19601,-1.447165,-1.202163
19602,-0.225929,-1.950710
19603,-1.995093,-1.835637
19604,1.189706,-2.034772
19605,-2.592929,-2.841295
19606,-1.732583,-3.296325
19607,-4.680794,-5.324600
19608,-1.251705,0.969362
19609,0.211120,0.361200
19610,0.654093,2.170252
19611,-2.145253,-0.090523
19612,2.037471,-0.278162
19613,-1.250241,-0.136793
19614,3.365514,-1.080114
19615,-0.573924,0.901740
19616,0.688194,-1.070223
19617,-2.862416,0.258501
19618,1.081828,-0.329776
19619,-1.342003,-0.496848
19620,0.753007,1.052025
19621,-1.662549,3.215589
19622,-3.461370,1.735754
19623,-0.914461,1.836440
19624,-2.029168,-1.361409
19625,0.624600,-1.072105
19626,-0.432077,-0.127668
19627,-2.050064,1.103961
19628,1.154538,0.399856
19629,0.858086,-0.226507
19630,0.982910,-0.680107
19631,1.421417,-0.633627
19632,0.826310,-0.352787
19633,0.712556,-0.543406
19634,0.628693,-0.851265
19635,-0.428393,1.889986
19636,1.055575,-0.599150
19637,0.627649,-0.366497
19638,-2.498132,-1.813743
19639,0.752334,-0.739196
19640,-0.449644,0.403956
19641,-1.186395,0.740698
19642,2.279456,-0.134407
19643,-0.228641,-0.277542
19644,-0.725296,3.290181
19645,-0.468642,-1.012830
19646,2.262183,0.082442
19647,-0.668264,2.310930
19648,-2.351440,0.256949
19649,-2.598907,1.079008
19650,-2.110368,-0.269744
19651,-0.809324,-0.659549
19652,-1.498068,0.848741
19653,-0.183283,0.355594
19654,-2.065765,-1.874055
19655,-1.265913,0.283040
19656,0.782755,-0.437604
19657,0.449310,0.495388
19658,0.994519,0.088967
19659,1.098111,-0.423646
19660,2.102700,0.420341
19661,2.055986,0.621508
19662,0.935782,-0.317266
19663,1.786478,0.465739
19664,3.144064,-0.422986
19665,0.924825,-0.536726
19666,-0.901322,-0.344905
19667,0.623355,-0.059981
19668,-2.971523,-0.231206
19669,0.365687,0.647343
19670,-0.550856,0.715267
19671,-1.203104,1.803630
19672,-2.128692,-0.729011
19673,-1.191942,-1.809904
19674,-0.092142,-0.923962
19675,-1.745118,-0.708582
19676,2.044416,-1.324520
19677,0.472637,-1.417150
19678,0.448390,-1.115376
19679,-1.184960,-1.762874
19680,0.881301,-1.166974
19681,1.629861,-0.638068
19682,0.984760,-0.341058
19683,0.391044,-0.588746
19684,1.974580,-0.877587
19685,-0.552639,-0.251080
19686,0.571387,-1.128260
19687,-1.787496,3.782865
19688,-1.267856,1.968771
19689,0.720689,-0.819825
19690,-1.785236,2.791556
19691,-0.304171,-0.036039
19692,1.861104,0.066647
19693,-0.602760,0.317854
19694,-0.314707,-0.138078
19695,-1.057640,0.935416
19696,0.552826,1.402509
19697,0.830350,0.094991
19698,0.006089,0.198696
19699,-3.547421,-2.717212
19700,-3.012945,-2.387306
19701,-0.713175,-0.021749
19702,0.306212,-0.363246
19703,-1.678925,0.285294
19704,2.044644,-0.404095
19705,0.639460,0.102974
19706,1.670939,0.916865
19707,-2.618631,1.524459
19708,1.354163,-0.755901
19709,1.141815,3.679309
19710,1.912776,-0.141421
19711,0.056869,-0.381082
19712,1.123097,-0.639662
19713,1.303949,0.494250
19714,1.224647,-0.308615
19715,0.892404,-0.946094
19716,1.423928,-1.241793
19717,0.245887,-1.792757
19718,-0.688234,-0.177089
19719,0.128812,-1.614717
19720,0.393406,-1.830214
19721,0.722087,-0.775509
19722,1.367282,-0.949262
19723,-1.234842,2.885600
19724,-2.261050,-0.922460
19725,-2.622801,-0.047641
19726,-0.296772,-0.018659
19727,-0.084974,-0.306679
19728,0.182652,-0.387328
19729,-0.070868,-2.497357
19730,0.425528,-0.199339
19731,-2.185156,0.400910
19732,0.207460,-0.093557
19733,2.419634,-1.105172
19734,2.124645,-0.434410
19735,1.519488,-0.186313
19736,-0.391922,0.465525
19737,-0.336092,-0.877885
19738,-0.877342,0.638057
19739,0.212098,1.991287
19740,-1.770996,1.370392
19741,3.275578,-1.105275
19742,0.275190,1.245828
19743,0.188261,-0.473930
19744,0.564478,-1.471822
19745,1.048834,-2.289140
19746,-1.587868,0.398933
19747,0.028520,-0.470177
19748,-0.438955,-0.110970
19749,1.875402,-0.397667
19750,-0.693063,-0.868877
19751,-0.660897,0.095853
19752,-1.659657,-0.216273
19753,0.805554,-0.015093
19754,-0.492224,-1.276062
19755,1.293098,-0.207640
19756,-1.787297,-1.627241
19757,0.235176,-0.193091
19758,1.025361,1.749411
19759,0.205700,-0.558198
19760,1.017920,0.439547
19761,1.455029,1.100065
19762,-0.142728,-0.759503
19763,-1.734628,-0.965257
19764,-0.126866,-0.365098
19765,0.432292,0.113496
19766,0.447305,0.008445
19767,1.391213,-0.529482
19768,2.020551,-0.745906
19769,-1.493038,1.149724
19770,-1.450252,1.129268
19771,0.906219,-0.868961
19772,1.165871,-0.376045
19773,2.073232,-0.762178
19774,-0.532102,-1.038060
19775,0.772550,-0.800008
19776,1.980403,-0.877080
19777,-3.949350,2.092332
19778,-1.667648,3.226529
19779,-0.423034,-1.216490
19780,1.979759,-1.133656
19781,0.860057,-0.206891
19782,-1.413674,-0.816546
19783,0.994331,-0.883113
19784,-1.146398,-0.345330
19785,1.361145,-0.081854
19786,-0.095060,0.368775
19787,-1.715461,1.069766
19788,-0.338757,-0.762135
19789,0.369531,-0.990727
19790,-1.754811,0.754412
19791,0.774712,0.225660
19792,0.173383,-0.408402
19793,0.579037,-0.208387
19794,-1.294147,0.823561
19795,-1.930664,0.845592
19796,-0.773284,0.674061
19797,0.922864,-0.244851
19798,1.241476,-0.204195
19799,-0.187583,-0.911068
19800,-1.574748,-0.551888
19801,0.317522,-0.500461
19802,-3.355647,-1.662740
19803,-0.824086,-1.829015
19804,-1.898031,-2.954904
19805,-3.447704,-4.078250
19806,-1.938618,-1.159460
19807,-1.820857,0.394067
19808,-1.051606,-1.900507
19809,-1.055770,-1.072616
19810,1.190186,-1.295976
19811,0.427203,-1.190437
19812,1.864565,-0.415648
19813,0.851197,-0.251276
19814,0.041518,-0.672057
19815,0.977674,-1.296400
19816,-1.021835,-0.797612
19817,0.351000,0.421273
19818,-0.354172,-1.252400
19819,-2.117299,-0.208937
19820,-1.676284,4.437052
19821,-2.000671,-0.917825
19822,-1.245631,0.663662
19823,1.323400,-1.079617
19824,-2.377060,-2.257051
19825,-2.735253,-2.905733
19826,-4.924785,-1.487701
19827,-3.679878,-1.027684
19828,-2.890952,-2.186178
19829,-0.638312,-2.380533
19830,-3.754303,-1.256768
19831,-3.854568,-1.872497
19832,1.548521,-0.013368
19833,-3.178767,-0.448863
19834,0.188009,-0.282220
19835,1.734658,-1.485978
19836,2.300085,-0.363733
19837,0.221767,-0.169953
19838,0.134408,-1.057760
19839,0.997926,-0.691221
19840,1.055710,-1.422693
19841,-1.984551,1.498699
19842,1.350759,-1.643777
19843,1.799692,-0.949747
19844,0.259669,-0.728123
19845,0.969899,-0.193082
19846,0.520143,-0.624052
19847,0.342015,-0.829877
19848,-1.629281,0.972591
19849,-0.791747,-0.265381
19850,-1.725505,1.110858
19851,-0.488840,0.178130
19852,-3.673537,0.133666
19853,-1.600421,-1.334576
19854,-3.120325,-0.162791
19855,-2.125307,0.114447
19856,0.687750,-0.925605
19857,-0.390385,0.400075
19858,1.010993,-1.375144
19859,-0.319347,1.364051
19860,-0.158603,-0.829647
19861,0.816675,0.193558
19862,0.300702,0.210183
19863,-0.205490,1.813294
19864,0.238077,1.470561
19865,-0.642534,-0.400419
19866,0.136647,0.292831
19867,0.942941,-0.930514
19868,1.869760,-0.017706
19869,0.050716,-0.222881
19870,-1.913757,-0.627512
19871,1.485240,2.159055
19872,-0.684095,0.115250
19873,-1.835034,-0.755596
19874,-0.840057,-0.348183
19875,0.196117,-0.631373
19876,1.154833,-0.131164
19877,0.543560,-1.537110
19878,-2.518757,-2.177878
19879,0.894793,-0.673260
19880,0.501345,-0.687712
19881,-0.386655,-1.046278
19882,-0.054022,-0.514663
19883,1.102481,0.191838
19884,-0.296418,-1.048192
19885,0.132822,-0.885763
19886,2.088311,-0.384818
19887,-0.544104,-0.249281
19888,0.185554,1.105077
19889,-1.811295,0.604824
19890,-0.017757,-0.382864
19891,0.600899,2.197031
19892,-0.586357,0.309993
19893,-2.284279,0.915334
19894,0.446409,-2.030003
19895,-3.642898,0.733913
19896,-0.430452,1.611799
19897,0.983634,-0.744677
19898,-2.162902,0.282124
19899,0.045244,1.866574
19900,-1.125459,0.340753
19901,0.375769,-0.620188
19902,-0.818257,2.178733
19903,-1.384745,0.346522
19904,1.857691,0.330240
19905,-0.760384,0.046268
19906,1.348272,1.203385
19907,-1.949373,-0.510127
19908,-1.289687,0.638734
19909,0.052560,-2.093298
19910,1.409413,-0.227383
19911,2.004363,-1.359698
19912,1.682312,0.086927
19913,0.839533,-0.347101
19914,1.992680,0.160265
19915,-0.768993,-1.024710
19916,1.985909,-1.964613
19917,-2.698551,-1.079850
19918,-0.495368,-1.560006
19919,2.614344,-0.796900
19920,1.725508,-2.048807
19921,-1.688369,-1.145551
19922,-2.192951,1.332494
19923,0.581002,0.529163
19924,-1.689221,0.520773
19925,0.253205,-1.601084
19926,0.743094,1.959144
19927,1.572306,0.366022
19928,1.769235,1.877386
19929,-2.315583,-0.480877
19930,0.849335,-0.022583
19931,-1.489190,-1.475210
19932,1.107735,0.120596
19933,0.263429,-1.241332
19934,-2.487969,2.151472
19935,-1.669702,2.936533
19936,0.786545,-0.382358
19937,-0.196337,-1.213787
19938,-0.101862,-0.035555
19939,-1.868758,-1.624553
19940,1.428745,0.923446
19941,-0.010666,-1.219353
19942,-3.715919,-0.917019
19943,-1.465658,1.585995
19944,-0.351759,-0.050665
19945,-1.365644,-1.787297
19946,-2.232835,0.840275
19947,1.516285,-0.168576
19948,-1.071300,1.733790
19949,-0.105815,-0.546519
19950,-2.814100,-2.845755
19951,-1.543664,-0.090986
19952,-1.781933,3.257023
19953,0.571970,0.780570
19954,0.715798,-0.688121
19955,-1.726383,0.072365
19956,-2.102474,-0.492839
19957,-0.924690,2.994675
19958,0.255234,0.471034
19959,-2.633813,-1.792058
19960,1.127132,0.314508
19961,-0.993871,1.236770
19962,1.245901,0.036841
19963,0.998575,0.892045
19964,0.436987,0.236036
19965,-1.485547,-0.703182
19966,-1.247050,1.811923
19967,-0.498993,3.699258
19968,-2.662880,-2.778647
19969,-1.100346,0.565371
19970,-1.604673,-1.863498
19971,1.017082,-0.594296
19972,0.651509,-0.093225
19973,2.544688,-1.107524
19974,-0.143847,-0.829416
19975,1.903721,-0.346449
19976,-0.359115,0.485337
19977,2.185141,-0.817304
19978,1.652984,0.157899
19979,-1.375734,0.394160
19980,-0.408969,0.670999
19981,-1.644406,1.362847
19982,-1.139262,-1.184404
19983,1.064944,-0.356656
19984,0.900774,-0.712924
19985,-0.240532,-0.863679
19986,1.213472,-1.552202
19987,1.322244,0.136512
19988,-0.155829,-0.416092
19989,1.102989,-0.566572
19990,1.192057,-0.379023
19991,1.548150,-1.407805
19992,-0.072071,0.920446
19993,-0.269958,-0.321636
19994,0.521735,-0.280967
19995,1.521277,0.193016
19996,-0.188905,2.300901
19997,1.123374,-0.436585
19998,2.568670,-0.070099
19999,-0.739932,1.202221
20000,1.900041,-0.763334
20001,0.216774,0.013722
20002,1.645992,0.279596
20003,0.147114,0.378621
20004,-0.264212,0.804547
20005,-1.157162,-0.071648
20006,1.321513,-1.182859
20007,0.817955,0.736409
20008,1.296684,-0.108704
20009,0.742026,-0.322251
20010,-1.886615,-2.354683
20011,1.392476,-0.463681
20012,0.874421,-0.960761
20013,-0.758909,-0.609228
20014,0.326462,0.196567
20015,-0.216294,1.030702
20016,0.385471,0.230812
20017,0.794531,-0.105176
20018,-0.086239,-0.567724
20019,1.668224,0.757323
20020,-1.376939,0.150976
20021,0.053569,-0.897902
20022,1.016713,-0.567498
20023,-0.338387,1.785904
20024,-0.108760,-1.227943
20025,-0.138130,0.784000
20026,-1.471778,0.082100
20027,-0.216087,-1.762879
20028,-2.719225,-1.488987
20029,-0.658863,-0.868931
20030,-1.360184,3.394381
20031,1.782897,-0.214516
20032,0.319493,1.742542
20033,1.374078,-1.257844
20034,1.476475,1.205708
20035,2.656093,0.714201
20036,0.348050,-0.505013
20037,2.134446,-1.261601
20038,-1.484188,1.531126
20039,-1.779562,0.607777
20040,2.299938,0.379421
20041,1.236028,2.963331
20042,0.140461,3.108140
20043,-0.723926,-0.525549
20044,-1.565266,0.602119
20045,1.831673,0.388969
20046,-0.659426,-0.144610
20047,1.978528,0.580481
20048,-1.440457,-1.332066
20049,1.986720,1.167814
20050,-0.123811,0.594633
20051,-0.446107,-0.282414
20052,1.076212,-0.504996
20053,0.192053,1.213284
20054,1.201098,-0.073172
20055,0.750597,-0.411089
20056,0.570178,-0.958345
20057,1.134977,0.904280
20058,0.331774,0.139719
20059,2.858797,-0.805187
20060,-0.342229,0.923345
20061,1.063902,-0.717011
20062,0.874338,0.588414
20063,0.177899,1.500972
20064,0.483691,1.084852
20065,-0.202708,2.554712
20066,0.477679,1.084047
20067,0.557196,0.900686
20068,1.961497,0.873153
20069,1.083537,3.147120
20070,0.711239,0.058693
20071,0.003563,-0.365761
20072,-0.535542,3.780658
20073,-0.215747,0.478750
20074,-1.248810,0.741793
20075,-1.008625,-1.286482
20076,-1.572428,1.352003
20077,0.222170,0.569131
20078,-1.719857,0.623809
20079,2.016838,1.385422
20080,0.675998,-0.401455
20081,-0.993744,0.077486
20082,-1.085523,0.753047
20083,-1.471489,0.677366
20084,-1.944232,0.556034
20085,-0.301603,0.080689
20086,-1.598685,-0.089651
20087,0.513927,-0.383347
20088,-0.718143,0.283029
20089,-0.980549,-0.302830
20090,-0.069686,1.333278
20091,-0.209888,0.140639
20092,1.526799,2.877505
20093,0.911329,0.525622
20094,-2.105751,3.106719
20095,0.277875,1.606696
20096,-0.667848,0.347355
20097,0.472100,1.127455
20098,0.255140,0.287399
20099,-0.661893,0.395862
20100,-0.421215,4.183949
20101,0.260676,-0.182688
20102,-0.521668,1.498064
20103,-1.749310,0.268948
20104,-0.229209,-0.248040
20105,-1.318949,0.730435
20106,0.130233,-0.329741
20107,-4.773459,-1.903433
20108,-0.267882,-0.237381
20109,1.871402,-0.566571
20110,0.940601,0.198606
20111,-0.911618,-0.071930
20112,1.831963,-1.509152
20113,1.155808,-0.331921
20114,-0.568441,2.355164
20115,-1.208017,-1.084375
20116,1.753856,-0.803707
20117,-0.028588,-1.872704
20118,1.129823,0.926653
20119,-1.840907,-2.421369
20120,0.753856,-0.707777
20121,2.081294,-1.612896
20122,2.684321,-0.333154
20123,0.182754,-0.042815
20124,-0.707986,1.234007
20125,-0.652477,-0.869234
20126,1.836546,-0.241417
20127,1.154808,-0.355384
20128,1.541579,0.616383
20129,-0.066732,0.353411
20130,1.610022,-0.097391
20131,-0.982913,0.238855
20132,1.040526,0.422514
20133,3.020288,-0.276058
20134,1.354182,0.361495
20135,1.290471,-0.647447
20136,-0.936869,0.131086
20137,1.625301,-0.469379
20138,0.440725,0.025589
20139,0.758966,-0.374580
20140,0.168698,1.137317
20141,-0.431835,0.327350
20142,0.766588,0.564260
20143,-0.484797,1.666026
20144,1.707891,-0.836710
20145,0.812621,-0.108234
20146,-1.644398,-0.734812
20147,0.403237,1.421309
20148,-0.742511,-0.914309
20149,0.963622,-0.379841
20150,0.653936,0.416014
20151,0.635931,0.490310
20152,-1.397483,0.430224
20153,0.644426,0.674516
20154,-0.651300,0.486383
20155,0.021064,0.986590
20156,-1.450303,0.400435
20157,0.630856,2.747709
20158,-0.570737,1.274053
20159,0.628992,-0.059433
20160,-0.586247,1.633888
20161,-0.126806,0.424239
20162,-0.249345,0.988923
20163,-0.275133,-1.319109
20164,1.054201,-0.681900
20165,-1.803524,1.366216
20166,-1.347899,-0.716970
20167,0.714200,2.655799
20168,-2.529665,-0.944401
20169,1.390974,0.104774
20170,-2.896714,-0.813141
20171,-0.383927,-0.769431
20172,-0.398013,0.274179
20173,1.614421,0.283768
20174,0.555705,1.134421
20175,-0.553646,1.809705
20176,-0.779820,-0.450075
20177,-1.948040,0.014480
20178,1.063489,-1.131344
20179,-0.353803,-0.250932
20180,-1.893299,-1.146059
20181,-1.201492,-0.572594
20182,0.454383,-0.558530
20183,1.370058,0.465426
20184,-0.193046,-0.846993
20185,1.164824,0.202711
20186,-0.988229,0.643346
20187,0.275994,0.551161
20188,0.844125,0.019561
20189,-0.431647,-0.735405
20190,0.011283,-0.094797
20191,-0.221781,0.125754
20192,-1.207004,-0.333414
20193,0.643572,-0.860471
20194,-3.968029,-2.399289
20195,0.582017,-1.354163
20196,-0.825571,-1.239691
20197,-0.233808,-1.028808
20198,1.236428,-1.303391
20199,-2.818429,-3.241808
20200,-2.240144,-1.116635
20201,1.812782,-0.514532
20202,1.344267,-0.403688
20203,2.112061,0.020495
20204,-0.226189,1.994739
20205,2.981773,-1.008557
20206,1.972220,-0.543266
20207,-1.029007,0.792339
20208,1.433356,-1.022538
20209,-0.860884,-0.607766
20210,-0.160839,0.288357
20211,0.714028,-0.056830
20212,1.786108,-0.476320
20213,-0.276946,0.041730
20214,-0.020995,0.076762
20215,2.064799,-1.127970
20216,-0.777008,0.136203
20217,0.295841,-0.933415
20218,0.909052,-0.667709
20219,0.917348,-1.175593
20220,0.707097,-1.234789
20221,-2.919701,-1.245979
20222,0.066820,-1.480230
20223,0.674257,0.078353
20224,0.490427,0.224101
20225,1.943298,0.237191
20226,0.585440,0.006924
20227,1.370325,-0.664535
20228,0.041987,-1.068189
20229,-1.561214,-0.187826
20230,2.141508,-0.300262
20231,0.732956,-0.400174
20232,1.314643,-0.779667
20233,-2.785475,-1.867619
20234,1.895101,-0.797313
20235,1.346399,-0.921986
20236,0.679891,-0.658870
20237,0.619577,-1.399899
20238,-0.504020,2.868388
20239,-0.986016,-1.593977
20240,-0.521682,-0.578054
20241,0.685110,-0.954983
20242,0.185472,-1.658541
20243,-0.157507,-0.781660
20244,0.057184,0.694430
20245,-3.813998,-2.222322
20246,1.401395,0.921471
20247,-1.621169,2.018523
20248,0.713552,1.313921
20249,-2.320722,0.539247
20250,-1.229996,0.732662
20251,1.185870,-0.037679
20252,-0.790642,0.569536
20253,-0.210467,0.520489
20254,0.578221,-0.459818
20255,2.225710,-0.101318
20256,-0.449984,0.825843
20257,-1.210732,-0.642443
20258,1.865382,-0.040431
20259,-1.310429,-1.020627
20260,0.048328,1.435483
20261,0.423153,0.173813
20262,-0.570405,1.550090
20263,-2.011921,0.392992
20264,0.493946,-2.397659
20265,2.020570,0.432092
20266,0.670634,2.151320
20267,-0.821479,1.269678
20268,0.940056,0.108301
20269,1.703238,-0.281108
20270,0.563662,-2.080524
20271,2.216312,-0.427434
20272,2.016260,-0.720931
20273,-4.580477,-0.676057
20274,1.360464,-0.220726
20275,-1.022836,2.632113
20276,1.706655,0.042310
20277,0.191866,0.348010
20278,0.337409,-0.178537
20279,1.929042,-1.653319
20280,-0.539450,-0.365761
20281,-2.026547,0.145610
20282,0.918884,0.984422
20283,2.313583,0.063564
20284,2.197088,0.666147
20285,-1.714992,0.121235
20286,-0.107817,-0.239601
20287,-1.931225,0.819124
20288,-1.582072,0.005238
20289,1.198270,1.237443
20290,1.680354,-0.175796
20291,-0.055602,1.074833
20292,1.495201,-1.784096
20293,0.675466,-1.659737
20294,-0.907982,-0.996170
20295,-1.327088,-1.918198
20296,1.278393,-0.372650
20297,2.108254,-0.911463
20298,-1.448457,-0.086741
20299,0.593407,-0.668856
20300,0.325928,0.008922
20301,-0.418549,-1.072276
20302,0.452056,-0.545294
20303,1.039470,3.428772
20304,-2.255732,-1.364302
20305,1.677288,-0.819689
20306,-2.622101,-0.858856
20307,0.676410,-0.287154
20308,2.808185,-0.132898
20309,-2.761243,-1.853550
20310,-1.781548,-0.058936
20311,0.585314,-0.395058
20312,0.823742,-0.478412
20313,0.026131,0.064157
20314,2.622519,-0.565251
20315,2.208359,-1.359030
20316,-1.412628,-2.103075
20317,0.618195,-0.846319
20318,-0.066873,-1.912667
20319,-2.070042,-1.365014
20320,1.472540,-0.958675
20321,1.252946,-1.646892
20322,0.126934,-1.627547
20323,0.558596,-0.657186
20324,1.765732,-0.398405
20325,2.426561,-0.421819
20326,0.585187,-2.095761
20327,1.226902,-1.495576
20328,0.369654,0.406861
20329,1.101697,-1.145509
20330,-1.267924,0.704978
20331,1.369005,-0.947257
20332,1.719613,-0.345123
20333,1.862344,0.065676
20334,1.115011,-0.277110
20335,1.133261,-0.673158
20336,0.053333,-0.882489
20337,2.225297,-0.657816
20338,0.281395,-0.046611
20339,-0.049610,0.388460
20340,1.992058,-1.313946
20341,1.138806,-1.272104
20342,1.837392,-1.483570
20343,0.123395,0.806107
20344,2.265458,-1.296721
20345,-0.399854,-0.053502
20346,-0.725396,-0.699689
20347,1.596070,-1.115802
20348,3.065975,-0.191266
20349,0.303955,0.249875
20350,0.825917,-1.182774
20351,-0.508755,-2.024775
20352,1.908982,-1.575964
20353,-0.001370,-1.245541
20354,-0.740315,-1.699170
20355,1.042778,-1.038919
20356,-0.358671,0.482544
20357,1.667223,-0.458313
20358,-0.107128,-0.286331
20359,-0.501050,-0.831799
20360,1.186447,-1.145311
20361,1.437263,0.013918
20362,0.332703,-0.379504
20363,-0.185790,-0.568569
20364,0.816633,0.821453
20365,1.394759,0.373975
20366,0.715473,-1.567781
20367,1.212871,-0.576999
20368,0.650443,-0.107968
20369,1.118287,-0.845976
20370,1.208230,-0.667436
20371,2.316694,0.203991
20372,1.274625,-0.473471
20373,0.191376,0.864169
20374,-1.573067,-0.118974
20375,2.140310,2.386431
20376,2.032867,0.212696
20377,2.271081,-0.077795
20378,1.276055,0.362337
20379,0.687836,0.346142
20380,-0.010225,1.283130
20381,-0.619096,-1.273364
20382,2.055234,0.270270
20383,-0.141859,-1.389560
20384,1.661562,-1.278694
20385,-1.194074,1.730132
20386,-1.916416,2.156630
20387,0.598850,1.725929
20388,0.422047,0.787502
20389,0.521306,0.688451
20390,0.661384,2.575934
20391,-0.514653,0.805873
20392,0.715917,1.711597
20393,1.788386,1.527305
20394,0.716277,-0.768742
20395,0.670275,2.040133
20396,0.758947,2.446318
20397,1.175315,0.004380
20398,-0.104005,2.143667
20399,0.012007,-0.414048
20400,-0.056259,0.355991
20401,-0.506766,2.949617
20402,1.448554,1.012063
20403,1.121463,0.773110
20404,1.733400,2.324521
20405,-3.522988,0.089727
20406,0.346188,2.079767
20407,1.645618,-0.139072
20408,0.200504,1.051145
20409,1.325418,-0.380661
20410,-2.041487,0.014388
20411,1.321564,1.357575
20412,-0.790083,1.358476
20413,1.730268,-0.550628
20414,0.123146,1.472697
20415,1.110490,3.470087
20416,0.362311,-0.149935
20417,-4.196097,-3.561926
20418,1.390063,-0.442013
20419,-0.287584,-0.165688
20420,0.800071,-0.632880
20421,1.661085,1.597941
20422,-0.899858,-0.084417
20423,-1.138886,0.914200
20424,0.895990,-0.254455
20425,0.104374,1.322055
20426,-0.318051,1.148798
20427,2.315894,0.699763
20428,-1.303873,4.933511
20429,0.393545,1.717036
20430,1.075518,2.157844
20431,0.786541,-0.184345
20432,0.212183,0.225809
20433,1.409667,1.600622
20434,0.392121,0.174728
20435,1.833458,0.588113
20436,-0.346765,2.256070
20437,-0.760269,0.749434
20438,1.703316,-1.857733
20439,-0.153288,0.808498
20440,1.683615,-1.550655
20441,0.392063,1.707151
20442,1.079131,-0.109753
20443,2.076786,-0.313947
20444,1.585772,0.479411
20445,1.186420,1.457131
20446,-0.777380,0.413395
20447,1.193734,0.039996
20448,0.367001,1.173060
20449,1.055627,1.199870
20450,-1.774056,0.424195
20451,1.655097,1.570202
20452,-0.191372,2.047535
20453,-1.862867,0.554437
20454,0.717449,0.872420
20455,-2.156025,-0.646510
20456,0.413393,-0.484013
20457,0.529061,-0.290655
20458,-2.225621,-0.548961
20459,-1.504757,0.879557
20460,2.119111,-0.236222
20461,1.415092,-1.082380
20462,-0.095856,-1.246791
20463,-1.282021,1.476222
20464,-2.601180,1.056660
20465,-0.540540,1.584135
20466,-1.330290,-0.038789
20467,0.522918,0.076088
20468,1.133968,-0.275220
20469,1.854754,0.974845
20470,-1.113383,0.940284
20471,0.813281,1.390863
20472,-0.665537,1.669653
20473,-2.059734,-0.794792
20474,-0.818976,0.445823
20475,1.683479,-0.740156
20476,0.810421,-0.355228
20477,-1.323083,0.633379
20478,-0.350591,-0.287311
20479,1.457039,1.642173
20480,2.055986,-0.998843
20481,-1.677047,0.965035
20482,-0.654974,-0.254808
20483,-1.141263,0.203339
20484,-2.206336,-1.050386
20485,0.171117,-0.690175
20486,-0.906084,0.332527
20487,-1.237873,-0.049690
20488,0.411534,-0.542999
20489,-0.996655,0.837008
20490,0.898204,0.238297
20491,-0.686085,1.108214
20492,0.857457,-0.266924
20493,0.640644,1.154801
20494,1.822296,-0.648870
20495,0.263993,0.957691
20496,1.789763,-0.275722
20497,0.235249,-0.368708
20498,1.497158,-0.395710
20499,0.717212,1.552103
20500,1.320978,-0.382268
20501,1.119262,-0.487700
20502,0.181809,0.335127
20503,0.888578,-1.262192
20504,0.901859,-0.594081
20505,2.004113,-0.021924
20506,1.777681,-0.296553
20507,0.713548,-0.332655
20508,1.820961,-1.410839
20509,1.665509,-0.948421
20510,0.856640,0.453256
20511,-1.051804,0.777962
20512,0.010073,-1.052594
20513,-1.920317,1.080978
20514,1.144691,-0.842373
20515,-0.149676,-0.417900
20516,1.115678,-0.496728
20517,-0.498962,0.120561
20518,0.479108,0.305802
20519,-2.234564,1.387650
20520,0.385872,-0.946332
20521,-0.371326,-1.331823
20522,-1.404617,-1.627440
20523,0.846190,-0.839254
20524,0.056664,-1.395331
20525,2.062574,-1.263363
20526,-0.120905,-0.532551
20527,1.532381,-0.755732
20528,-0.858602,0.624088
20529,-1.291979,-1.176847
20530,0.726545,-0.538967
20531,-0.883124,0.319842
20532,-1.645667,-0.531037
20533,-1.594284,0.534718
20534,-0.849609,-1.165769
20535,1.213535,-0.368108
20536,-0.804731,-0.509418
20537,0.755078,0.290198
20538,2.417851,0.025707
20539,-0.745372,0.753102
20540,0.389207,-0.602574
20541,-0.381410,-0.955929
20542,-0.263414,-1.213248
20543,-2.005704,-0.162682
20544,-1.342607,-0.519060
20545,-0.108078,0.039804
20546,-0.651046,-0.349977
20547,-1.241818,-1.222431
20548,-0.306643,0.811269
20549,-2.812039,-1.695953
20550,1.642315,0.975555
20551,1.185680,0.414340
20552,-1.676245,2.704137
20553,0.630523,0.119920
20554,-1.863192,-0.515250
20555,-2.508981,0.368178
20556,-0.402551,-1.515419
20557,1.023105,-0.004050
20558,2.206506,0.492999
20559,-0.566520,-0.049898
20560,-2.363765,0.156417
20561,0.888598,0.677432
20562,1.903732,-0.068579
20563,2.303925,-0.312614
20564,0.367675,1.109552
20565,-0.942176,0.182973
20566,-0.912112,-0.425955
20567,-0.157345,-0.529053
20568,-0.385031,0.160600
20569,-0.688746,-1.259245
20570,0.479912,-0.584453
20571,1.983679,-0.396352
20572,1.583234,-0.427096
20573,-1.906590,-1.939945
20574,2.391144,-0.841884
20575,-0.466282,-2.181028
20576,1.405804,-1.815450
20577,0.023249,-0.898433
20578,1.587992,-1.299734
20579,1.125603,0.026465
20580,-0.876243,-2.295873
20581,-2.653675,-3.050907
20582,0.547353,-0.142999
20583,2.028020,-0.148273
20584,1.201619,-1.009494
20585,1.851389,-0.652112
20586,0.223715,-0.716859
20587,-0.122957,-1.997665
20588,0.040792,-1.069676
20589,1.145822,-0.251023
20590,1.173185,-0.443147
20591,2.023790,-0.645632
20592,-0.568329,-0.062163
20593,-1.229607,-0.077897
20594,1.071415,-0.761008
20595,-0.633583,-0.980011
20596,-0.250299,-0.955860
20597,0.166508,-1.539767
20598,-1.756288,-1.078612
20599,-1.283864,-0.806817
20600,-0.773922,-0.566615
20601,-1.739747,-1.864393
20602,0.835402,0.656286
20603,-0.662783,-0.230067
20604,0.213470,0.049597
20605,-1.460778,-1.776051
20606,-0.901463,-0.049536
20607,0.252828,-0.316241
20608,-1.590099,-1.190375
20609,-1.355348,-0.103965
20610,-1.676042,-1.300414
20611,-0.963279,-1.007340
20612,0.733173,-0.420247
20613,0.654013,-1.016944
20614,-0.200510,0.345613
20615,0.558058,-1.530169
20616,-2.151645,0.267132
20617,0.335461,-1.226533
20618,-0.611148,-0.514411
20619,-1.577770,-2.712687
20620,0.671906,-0.255179
20621,1.695957,-0.140267
20622,-0.464079,-2.464005
20623,1.638427,-0.342068
20624,-1.808531,-0.796956
20625,-1.267011,-0.741344
20626,-2.652508,-1.867473
20627,1.987834,-1.174744
20628,-3.189681,-1.329863
20629,-1.925099,-1.941644
20630,-0.025326,-0.556019
20631,-0.631731,0.785920
20632,-0.127895,-0.082886
20633,-0.991279,1.015481
20634,-0.162241,-0.015386
20635,0.372843,-0.749728
20636,-0.675323,0.530824
20637,0.804861,1.383214
20638,1.398546,0.097013
20639,2.097593,1.008024
20640,-0.071259,1.099346
20641,0.157158,0.748530
20642,-0.194619,-0.368848
20643,0.091749,0.114369
20644,-1.929081,-0.344886
20645,0.628327,1.225901
20646,0.259453,0.945288
20647,-2.146179,-0.338001
20648,-2.733477,0.387684
20649,0.404531,-1.495175
20650,-1.287493,0.171431
20651,0.711001,-0.216381
20652,0.382787,-1.055898
20653,-2.723688,0.045285
20654,-1.667923,-0.184403
20655,1.713259,0.534047
20656,-0.594948,0.541145
20657,-2.467593,0.039351
20658,1.546280,-0.149559
20659,-0.948362,-0.086945
20660,-0.990973,1.818743
20661,-1.647788,1.358503
20662,-1.705642,1.466277
20663,-0.444958,0.643464
20664,0.274575,-0.472502
20665,-1.386613,-0.277480
20666,-1.140730,1.469080
20667,-1.865273,-0.305860
20668,-0.894457,1.400464
20669,-1.390671,-0.142620
20670,-1.550424,-0.290016
20671,0.606905,-1.412345
20672,-1.836887,0.320325
20673,0.158250,-1.364507
20674,0.505973,-1.345592
20675,-2.559713,-0.065888
20676,-0.645113,-1.350110
20677,1.991982,-1.129736
20678,-0.777378,-1.225688
20679,-1.456142,0.824634
20680,0.391513,-0.554754
20681,1.741618,-0.936148
20682,-2.123087,-0.649791
20683,1.792901,-0.902320
20684,-0.664187,0.033417
20685,-0.131155,-1.208671
20686,0.878274,-0.623558
20687,0.128957,-0.384271
20688,-0.351264,-0.165018
20689,-2.233819,-2.113798
20690,-0.689864,0.095092
20691,-0.056713,-1.055916
20692,-1.171595,0.640165
20693,-1.540636,2.469463
20694,-2.508237,-0.410934
20695,-0.992543,0.208584
20696,-0.288343,-0.482589
20697,0.343347,-0.019764
20698,-2.540486,0.538716
20699,-2.486728,-1.592443
20700,-1.746040,0.455883
20701,-1.861434,-1.239334
20702,0.575636,-1.250602
20703,-0.313885,0.076095
20704,2.221185,-1.147452
20705,0.089365,-1.540877
20706,-0.004690,-1.397766
20707,-1.181084,-3.201241
20708,0.169234,2.369030
20709,-3.650531,-0.965896
20710,-0.174408,0.235761
20711,0.628325,0.829260
20712,-3.393772,-1.278693
20713,0.246790,-1.509968
20714,-2.161136,0.523727
20715,-1.122436,-1.186931
20716,-2.067735,1.193437
20717,-0.006747,0.124538
20718,-2.066262,0.441209
20719,-0.376331,-0.508048
20720,0.015439,0.376870
20721,-2.439023,-0.252615
20722,-1.207969,-2.029545
20723,-0.691700,-0.988247
20724,-0.314094,1.083846
20725,-1.919379,-0.198397
20726,-1.189490,0.500707
20727,0.882406,0.684101
20728,-1.661007,-0.846396
20729,0.271040,0.092354
20730,1.201216,-0.432640
20731,-0.008482,-0.066014
20732,-0.142172,-0.574176
20733,-1.739046,0.751300
20734,-1.400574,-1.109235
20735,-1.358784,-0.051981
20736,0.560461,0.878814
20737,0.072003,0.139700
20738,-0.208645,0.422773
20739,0.531953,-1.403984
20740,-0.195897,-0.725317
20741,-0.257164,-0.226529
20742,0.567003,-0.555551
20743,-0.333121,1.474823
20744,0.487937,-0.658573
20745,0.027560,0.988415
20746,-0.695931,-0.063191
20747,-0.337379,1.039805
20748,-1.108830,0.578920
20749,0.387057,-0.975737
20750,-0.737296,-1.157659
20751,-1.944462,3.337250
20752,-1.819183,1.102339
20753,0.521007,-0.072487
20754,2.156508,-0.449257
20755,-0.048421,0.963359
20756,0.785714,-0.911912
20757,0.942914,-0.100463
20758,1.188275,-1.088153
20759,-0.129773,-0.104875
20760,-0.343372,0.386354
20761,0.364479,-0.629623
20762,-0.505483,-1.800408
20763,-0.274221,-1.070181
20764,-1.252105,0.828889
20765,-1.502288,0.808238
20766,-1.627053,0.542706
20767,-1.653323,0.966715
20768,-0.617479,-0.442121
20769,1.290025,-0.557932
20770,-1.636027,0.721835
20771,0.857090,-0.111750
20772,-1.043567,-1.111261
20773,-0.095342,0.539881
20774,0.671020,-0.411551
20775,-3.348051,-1.838950
20776,-1.146296,-0.253965
20777,0.098075,-0.812393
20778,-0.738291,0.022045
20779,-1.621159,0.289035
20780,1.306196,-0.033342
20781,-0.446395,-1.254616
20782,0.312067,0.450777
20783,1.136392,0.249342
20784,-1.466112,-0.224140
20785,0.482683,-0.760661
20786,-1.766870,0.119883
20787,-0.206399,-1.400958
20788,-1.778587,0.742839
20789,-0.910250,2.232744
20790,-1.344829,0.086170
20791,-1.316300,-0.183621
20792,-0.157399,0.763650
20793,-0.258370,-1.534248
20794,-0.545831,-0.749138
20795,-1.035359,-0.087840
20796,-0.288044,-1.009031
20797,1.656941,-0.303288
20798,-1.943439,0.211301
20799,-1.700128,-0.273539
20800,0.128165,0.822871
20801,-0.809219,1.041060
20802,0.366263,-0.254730
20803,-3.079967,0.147500
20804,1.350076,0.291881
20805,0.648136,-0.621306
20806,0.482220,0.228233
20807,-3.157341,0.226061
20808,-2.399625,0.526797
20809,-0.969692,-0.476521
20810,-1.259164,-0.758912
20811,-0.523011,-1.296406
20812,0.920002,-0.332319
20813,1.480652,-0.207679
20814,-1.084436,-1.066804
20815,-3.319894,-2.152067
20816,-1.359514,-0.174765
20817,0.860606,-0.307932
20818,0.437762,-0.815386
20819,-0.706182,0.638686
20820,-0.141832,-0.715404
20821,-1.365064,-0.350110
20822,0.285863,-0.667036
20823,-0.760041,-1.099383
20824,-0.148503,-0.104319
20825,0.535484,-0.702500
20826,-0.037053,-0.774136
20827,2.144738,-0.390695
20828,0.358973,0.633900
20829,-0.122871,0.187298
20830,1.113721,-0.462496
20831,1.417276,-0.436003
20832,-1.386813,-0.429021
20833,0.344430,-0.614163
20834,-0.620293,0.379398
20835,-0.179738,2.391507
20836,-0.496612,1.051747
20837,-1.673969,0.761960
20838,-3.427402,-0.294875
20839,-0.352740,-0.676845
20840,0.293816,-0.058046
20841,0.064065,-0.502523
20842,-0.018538,-0.610460
20843,-0.296978,-0.384736
20844,0.736117,-0.629993
20845,0.658135,-0.247194
20846,-1.288037,-1.318829
20847,1.157278,-0.764565
20848,0.578402,-0.182198
20849,0.036599,-0.763225
20850,-0.308749,0.033149
20851,-1.656867,0.164188
20852,0.889968,2.031240
20853,-0.556106,1.125255
20854,0.288793,0.416107
20855,0.409509,0.326605
20856,0.855939,-0.772494
20857,-1.914317,-1.590944
20858,-0.157460,1.636965
20859,-0.616779,-0.302236
20860,-2.748040,0.987761
20861,1.359240,-0.220607
20862,-0.909036,1.249948
20863,1.687027,-0.611097
20864,-1.771613,-0.429626
20865,-1.475696,0.229411
20866,1.124738,-0.001803
20867,0.301674,-0.623701
20868,-1.356374,1.879230
20869,-1.675453,0.257664
20870,-0.898657,0.225592
20871,-1.757141,1.526951
20872,-0.600006,-0.522261
20873,-1.006426,0.293586
20874,-0.643262,1.625454
20875,0.037577,0.111276
20876,-0.646033,-0.146579
20877,1.180726,-0.531447
20878,0.596151,-0.673886
20879,-0.216088,-0.809038
20880,-0.889637,0.147364
20881,2.160865,0.431336
20882,-1.138913,-0.103570
20883,-0.770116,0.760725
20884,-0.635049,1.090657
20885,-0.493402,-0.260164
20886,-0.092316,2.294121
20887,-2.264688,-0.464268
20888,-0.664462,0.617002
20889,-0.295238,-0.061544
20890,0.124344,0.937048
20891,-0.088803,0.767849
20892,0.127291,-1.126498
20893,-0.586676,0.387495
20894,0.647339,-1.008486
20895,1.932193,-0.041636
20896,0.702385,0.035961
20897,0.199168,-0.281969
20898,-0.260251,0.005060
20899,1.105037,-0.360398
20900,1.384620,-0.337521
20901,0.856033,0.794821
20902,1.252239,0.182563
20903,0.026100,-0.110678
20904,1.997636,-0.133775
20905,1.639474,-0.511696
20906,-0.688797,0.363685
20907,-1.461450,-1.373558
20908,0.246933,-1.215839
20909,1.823713,-0.302359
20910,-0.276848,0.875333
20911,1.282043,-0.857772
20912,-3.329841,-0.658242
20913,-0.219259,-0.560593
20914,-2.197591,-1.947708
20915,-0.541238,0.103658
20916,-0.717574,-0.957821
20917,-1.246293,1.194335
20918,-1.888031,1.400476
20919,0.495272,1.147922
20920,0.851934,-0.698859
20921,-1.777861,0.540639
20922,0.724620,-0.167612
20923,1.603653,0.464084
20924,1.492271,-0.211522
20925,-5.636815,-3.720224
20926,-0.268595,1.110904
20927,0.599850,-1.220861
20928,-1.744867,-1.019339
20929,1.925611,-0.350308
20930,0.076806,-1.275252
20931,1.353122,0.097077
20932,1.134801,-0.620126
20933,1.481703,-0.969425
20934,-1.751109,0.141864
20935,-0.434180,-0.706271
20936,-1.550952,0.421389
20937,0.429217,-0.031912
20938,0.034600,-0.032674
20939,-3.224967,-1.449777
20940,-0.622771,0.697127
20941,-1.809654,-0.214594
20942,1.741848,-1.066760
20943,0.633791,-1.286912
20944,-0.646197,-0.532747
20945,0.407232,-1.047636
20946,-0.188452,-0.401824
20947,-1.302934,3.254891
20948,1.532264,-0.849992
20949,1.154775,-1.568216
20950,-1.144017,-1.105227
20951,-2.139715,-0.658222
20952,0.523961,-1.171116
20953,0.004565,-1.788069
20954,-0.581062,-1.706185
20955,-0.484971,-1.667127
20956,-1.283697,-1.220311
20957,-0.740659,-0.406099
20958,0.550666,-0.024306
20959,0.414053,-0.737643
20960,-1.423877,-0.903110
20961,-2.494108,-0.956192
20962,-1.430328,-1.175826
20963,-2.666940,2.839907
20964,-0.069489,0.323112
20965,0.343092,0.979159
20966,1.703345,1.357060
20967,-1.774437,4.828768
20968,2.169531,-1.471013
20969,-0.247917,0.735781
20970,1.656826,0.008733
20971,0.736659,0.978598
20972,0.504846,1.621918
20973,1.378609,-0.280142
20974,-0.974186,0.699067
20975,1.643624,-0.181333
20976,-2.408322,0.996707
20977,0.040887,0.933359
20978,0.536793,0.160020
20979,1.583904,-0.520348
20980,-0.754037,0.766237
20981,0.025940,0.027037
20982,1.473585,-0.279842
20983,1.235815,-0.941525
20984,-0.429849,-0.008242
20985,-0.374733,0.669709
20986,-0.337296,-1.497400
20987,0.851425,1.324985
20988,1.092846,0.768668
20989,-1.172982,2.076988
20990,1.052836,0.810402
20991,0.103390,-0.810434
20992,0.317217,2.073974
20993,0.594095,0.949366
20994,0.537937,-0.040999
20995,-1.018110,-0.141363
20996,-0.634471,0.176009
20997,0.084170,-0.310541
20998,0.485078,0.060953
20999,-1.691874,0.395975
21000,-1.165817,-0.077598
21001,-0.557479,0.537890
21002,0.691680,1.238893
21003,0.359327,0.365652
21004,-0.360550,1.129617
21005,-0.223763,0.304239
21006,0.795489,0.902015
21007,-0.155690,0.308357
21008,-3.149332,0.168728
21009,0.858415,3.756554
21010,-0.139567,-2.160048
21011,1.038440,1.575611
21012,0.343120,0.538095
21013,1.513123,-0.339337
21014,-0.516870,1.310585
21015,0.371474,-0.730858
21016,0.972985,-0.041585
21017,1.416999,-0.082307
21018,0.524822,0.412894
21019,-0.737689,-0.226884
21020,0.024945,1.409526
21021,-0.176040,-0.692596
21022,-3.902977,-1.194388
21023,0.617397,-0.456159
21024,1.043871,-0.046649
21025,-1.600442,-0.479952
21026,0.062999,-0.374512
21027,1.665409,0.775928
21028,0.368556,0.253158
21029,-0.156357,0.703048
21030,-1.771730,1.146896
21031,-0.659078,-0.068407
21032,1.119348,0.724506
21033,0.597762,-0.599521
21034,1.986542,-1.549929
21035,-0.761545,-0.969039
21036,0.773684,-0.121283
21037,-1.453293,1.637221
21038,-1.709519,-0.211926
21039,0.721299,1.058499
21040,1.945125,-0.096201
21041,0.178477,0.005501
21042,-1.303218,1.222899
21043,0.934507,-0.560819
21044,-1.891142,-1.889330
21045,0.413102,-0.772547
21046,-1.170440,-1.154125
21047,-0.033455,-0.860751
21048,1.071489,0.574865
21049,1.241537,1.165061
21050,0.991990,5.963061
21051,0.813899,0.203653
21052,1.308328,-0.396969
21053,1.054320,0.000472
21054,-0.647503,0.132251
21055,0.821672,0.508321
21056,0.668350,-1.597287
21057,0.862902,-0.023021
21058,-0.269684,0.105095
21059,1.426202,0.287641
21060,-0.641815,0.008260
21061,1.993216,0.060523
21062,0.378329,-1.153232
21063,0.897170,0.115104
21064,0.922861,0.204888
21065,0.801813,1.453012
21066,0.525278,0.972918
21067,0.211749,0.119101
21068,-2.344813,0.419629
21069,0.350745,0.070648
21070,1.024094,-0.608783
21071,1.778780,-0.110340
21072,-0.514014,1.256897
21073,0.548886,0.678941
21074,1.476342,-1.995880
21075,1.056305,-0.539226
21076,-0.184169,0.198922
21077,1.382047,0.000764
21078,0.937020,-0.131916
21079,-1.007128,2.093187
21080,-0.526662,-0.228164
21081,0.475606,-1.142729
21082,0.531306,-1.401557
21083,-1.769367,-1.426689
21084,1.390352,-0.092743
21085,1.159838,-0.055850
21086,0.198964,0.041832
21087,-0.827140,-0.140349
21088,-0.190119,0.214292
21089,0.385060,-1.455476
21090,-1.947286,3.864223
21091,-0.888308,-0.164277
21092,-1.969732,0.994994
21093,-0.247917,0.735781
21094,0.192746,2.227454
21095,0.883684,2.124622
21096,1.432880,-0.682637
21097,0.519740,0.640256
21098,-1.536381,-1.029130
21099,0.758499,-0.854609
21100,-0.342808,3.520503
21101,-2.265414,1.188123
21102,-0.577502,0.884365
21103,1.429336,-0.010043
21104,0.789088,-0.887853
21105,-0.523051,-0.049167
21106,0.495382,1.619342
21107,1.267706,-0.345502
21108,1.983496,-0.951012
21109,0.163797,1.077363
21110,-1.841179,-0.085967
21111,0.268915,2.824655
21112,0.340479,0.881480
21113,-0.454234,1.100860
21114,0.277777,0.459368
21115,-0.491811,2.011955
21116,0.762630,-1.435199
21117,-2.431596,0.966431
21118,-1.145328,0.640744
21119,0.829912,0.178089
21120,0.892219,3.085537
21121,-0.815507,3.001518
21122,0.830934,0.191195
21123,-0.276881,0.161110
21124,0.711564,-0.157476
21125,0.163652,-0.479258
21126,1.649521,-0.069672
21127,0.081376,1.488947
21128,-0.692776,3.079255
21129,1.602336,0.285805
21130,-0.299702,-0.105155
21131,-1.017685,-0.238001
21132,1.204128,2.014456
21133,-0.312708,0.363696
21134,0.905262,-0.804140
21135,0.715359,0.188111
21136,2.186896,-0.026304
21137,1.404925,-0.319301
21138,-1.343230,-0.640400
21139,1.849849,-0.449640
21140,1.140676,-0.740834
21141,0.423676,1.262626
21142,2.439050,-0.431459
21143,-0.057401,-0.478403
21144,0.611491,1.345518
21145,0.985568,0.086812
21146,0.500460,0.358259
21147,-3.247391,1.673613
21148,1.266341,-0.470359
21149,0.602549,1.412866
21150,0.015475,0.395404
21151,0.737370,-0.864887
21152,0.899013,-0.350929
21153,0.337845,-0.013752
21154,0.826459,-0.079974
21155,0.306226,0.506121
21156,-1.238321,0.790839
21157,-0.918057,0.059829
21158,-0.869547,1.268436
21159,-0.070584,0.768239
21160,0.729139,-0.107977
21161,-0.052415,-0.271214
21162,0.217492,-0.526488
21163,0.967431,-0.879506
21164,0.635819,-0.730036
21165,-0.781898,-1.661723
21166,-0.423639,-0.057039
21167,0.214214,0.820111
21168,0.673126,1.161517
21169,1.017902,-1.736900
21170,-0.165393,-0.195992
21171,1.519111,-0.522572
21172,0.671504,2.622856
21173,1.056936,0.608456
21174,0.048447,1.871387
21175,0.295963,-0.455538
21176,1.421573,-1.132664
21177,0.607105,-0.842097
21178,1.532876,-0.987862
21179,-2.601665,-0.858789
21180,1.389484,-0.798398
21181,0.327765,-0.723090
21182,1.242670,0.302544
21183,1.175646,-0.433746
21184,1.820089,-0.670020
21185,1.231692,0.538668
21186,1.541482,-0.743410
21187,0.486860,-0.402933
21188,1.867345,0.775144
21189,-0.080224,-0.516931
21190,-0.217272,1.190105
21191,0.277852,0.007531
21192,-0.705141,-0.310535
21193,1.266401,-0.095858
21194,-0.646210,-0.181848
21195,-0.288231,-0.342341
21196,0.033383,-0.185783
21197,-0.273430,1.457328
21198,-1.182331,-0.988343
21199,1.253211,-0.250793
21200,1.655426,-0.345569
21201,1.888576,-1.641518
21202,-1.403303,0.832176
21203,0.076568,-0.444539
21204,-1.628439,3.155114
21205,-0.213554,-0.072498
21206,2.575557,-1.313516
21207,1.416303,-1.140443
21208,0.266823,-0.622946
21209,0.624539,-0.151958
21210,1.677245,-0.817641
21211,1.920657,-0.749282
21212,-1.497782,1.596480
21213,-0.976910,1.200871
21214,1.171550,3.533718
21215,-0.860435,1.089557
21216,1.071175,0.102874
21217,1.206878,3.550605
21218,-0.226839,1.510482
21219,0.274448,0.254999
21220,2.394693,1.237622
21221,1.941362,1.216070
21222,-0.701641,1.563714
21223,1.001493,-0.479044
21224,1.353468,1.989369
21225,1.074978,1.319845
21226,0.438399,0.494588
21227,-2.045242,0.409216
21228,0.925297,0.434075
21229,-0.923203,1.835416
21230,1.546909,-0.745000
21231,1.487026,-0.581040
21232,-1.699077,2.440660
21233,-0.361611,-0.088955
21234,1.411506,-0.346293
21235,0.665464,-0.199075
21236,-2.019541,0.323645
21237,0.644560,0.401370
21238,-1.118018,0.698586
21239,0.017074,0.567318
21240,-0.114956,-0.745435
21241,0.051308,0.690207
21242,-2.788909,-0.027256
21243,-1.561847,-0.227712
21244,0.933414,1.170647
21245,0.578004,0.471095
21246,-2.434242,0.013571
21247,-0.262919,1.751621
21248,-0.685355,0.261001
21249,-2.213982,-1.662233
21250,-0.085008,-0.428069
21251,0.440576,-0.804966
21252,-0.512833,1.847819
21253,0.369724,-0.701350
21254,-0.406761,-0.450289
21255,1.596879,3.772435
21256,-0.352732,2.005961
21257,-0.197272,2.672365
21258,2.471401,0.502746
21259,-1.017351,1.332120
21260,0.935421,1.323615
21261,2.705912,-0.992090
21262,-2.151664,1.324767
21263,1.276932,-0.369940
21264,0.104274,-0.613512
21265,-0.602722,-0.071539
21266,1.525809,1.113789
21267,1.487832,3.345178
21268,2.431499,-1.108410
21269,-1.625120,0.788538
21270,-2.294079,-1.053773
21271,-1.544172,1.428705
21272,0.724594,0.296932
21273,-2.066767,1.240472
21274,1.085046,-0.446830
21275,-0.484536,2.974091
21276,-0.097717,0.976595
21277,1.832729,-0.379798
21278,0.411575,0.498198
21279,1.215470,0.393585
21280,1.630754,1.775087
21281,-1.381249,1.954143
21282,1.056591,5.182529
21283,0.678328,1.075549
21284,0.383346,4.390361
21285,1.351006,0.826915
21286,1.575333,0.419710
21287,3.195068,-0.818120
21288,0.354017,2.381900
21289,1.260608,0.981513
21290,1.047047,0.384708
21291,1.506246,-0.674717
21292,1.142884,0.377716
21293,0.974166,1.679444
21294,1.754066,1.600580
21295,1.497849,0.341723
21296,0.682586,2.211900
21297,0.335317,1.121920
21298,-0.355641,0.899253
21299,1.087450,1.596908
21300,-0.099845,3.523242
21301,-1.038263,-0.661163
21302,0.102740,3.462038
21303,0.576674,3.952257
21304,2.270383,0.577461
21305,-1.811662,1.914473
21306,-1.739945,1.778966
21307,-0.772761,0.754524
21308,1.616283,1.768002
21309,1.069733,1.161401
21310,0.871141,1.177895
21311,0.111167,3.917741
21312,-1.297591,-0.299429
21313,0.330237,0.775009
21314,0.144785,5.403480
21315,-0.618232,4.988296
21316,-0.547349,4.946323
21317,-0.093389,3.181077
21318,1.501015,3.062553
21319,1.255377,2.055600
21320,-1.009769,1.632492
21321,1.462253,1.000546
21322,-2.822930,2.032169
21323,-0.161183,2.009888
21324,0.470432,2.530538
21325,0.459529,1.343073
21326,-0.301606,1.671135
21327,-2.777678,-0.091712
21328,-0.399806,2.090168
21329,-1.876621,1.312287
21330,1.275213,3.810605
21331,-2.522495,-1.067916
21332,-1.966293,0.813405
21333,-1.278440,1.814531
21334,1.237337,4.366769
21335,-1.579163,1.781940
21336,1.497333,-0.346696
21337,0.484847,-0.471054
21338,-1.534633,-0.713998
21339,0.677322,-1.004829
21340,-0.996792,-1.358755
21341,-0.951750,0.484030
21342,2.683081,-0.110965
21343,-3.070076,0.707626
21344,-1.579190,-0.296043
21345,1.860395,-1.047926
21346,-0.400564,-0.137470
21347,-2.207110,-0.813482
21348,0.843121,-0.434438
21349,1.205044,-0.073000
21350,-0.060505,-0.687084
21351,1.086896,-0.621350
21352,1.056162,-1.310151
21353,0.506188,1.267633
21354,0.085108,-0.741453
21355,1.945495,-0.047164
21356,0.900125,0.989256
21357,2.369225,-0.297024
21358,3.327478,-1.036388
21359,0.179294,1.396519
21360,-0.696781,1.525974
21361,0.904847,0.975051
21362,-0.913624,0.559523
21363,1.421379,0.914694
21364,-1.939443,0.954147
21365,0.737987,0.883483
21366,0.125081,1.953571
21367,-1.212791,0.561757
21368,2.092630,0.462276
21369,-2.094665,-0.179863
21370,0.165399,-0.186184
21371,2.796639,-1.130502
21372,-0.861220,1.189368
21373,-0.071142,0.997121
21374,0.433930,2.666703
21375,-0.899400,2.918533
21376,-0.228684,-0.420066
21377,-1.138030,1.306412
21378,2.280083,0.526175
21379,0.506204,-2.264738
21380,1.251688,-0.336312
21381,1.418651,-0.451977
21382,1.130266,-0.469225
21383,2.333026,-1.647251
21384,-0.301696,0.674124
21385,1.763486,0.123326
21386,-0.355346,2.199761
21387,0.696706,1.846412
21388,-0.463842,-0.221200
21389,0.001212,-0.354136
21390,-0.259306,1.694989
21391,-1.303910,2.295386
21392,-3.768155,-0.011110
21393,-2.185712,2.058302
21394,-1.083416,4.018534
21395,-4.095470,-3.716592
21396,0.032879,2.310317
21397,-0.489172,-0.325951
21398,-2.094275,-0.003382
21399,-0.379706,3.837058
21400,0.914508,0.817369
21401,-3.305613,-4.147241
21402,1.493548,0.365181
21403,-1.072227,2.221846
21404,3.072537,-0.743308
21405,-0.556956,3.760786
21406,0.630513,4.346870
21407,-0.431398,3.955706
21408,-1.072570,1.786342
21409,0.104152,1.410862
21410,0.577867,3.918880
21411,1.660880,0.792666
21412,-1.201582,0.739779
21413,-2.464734,0.025379
21414,1.383278,1.401766
21415,1.578895,-0.153001
21416,-0.424423,0.988946
21417,-0.497035,0.944366
21418,0.874289,1.780680
21419,-0.836848,0.277747
21420,-0.075851,-1.247166
21421,-0.061799,0.292216
21422,0.812381,0.067758
21423,-0.110211,-0.650698
21424,-0.480555,-0.534625
21425,-1.334775,1.604904
21426,0.331206,1.746476
21427,2.155144,-0.021113
21428,1.016954,1.678272
21429,0.150065,1.201177
21430,0.834460,2.005444
21431,1.184283,1.064990
21432,-0.016015,1.022707
21433,1.542540,1.018525
21434,1.728223,-0.273776
21435,0.423684,0.312681
21436,1.462869,0.584865
21437,-0.494925,-0.219580
21438,1.591256,1.828739
21439,-3.185142,-1.181075
21440,0.782452,0.733506
21441,1.286027,0.459702
21442,-0.127460,-0.112887
21443,1.190739,0.003178
21444,1.694214,0.158656
21445,-1.341267,-0.995868
21446,1.129794,2.323290
21447,-1.645457,0.846419
21448,1.380305,2.795882
21449,0.469334,-0.145220
21450,-1.005004,2.182082
21451,0.410275,4.049493
21452,1.251276,3.267753
21453,-0.689967,-1.410658
21454,0.686508,0.462837
21455,-0.692460,-0.410665
21456,-2.176168,-0.118172
21457,-0.275320,1.512158
21458,1.174667,0.169130
21459,-1.074375,0.975933
21460,1.640003,-0.135969
21461,0.156895,1.682255
21462,-0.835164,2.065599
21463,1.257610,-0.576992
21464,0.192269,-0.290224
21465,1.088136,-0.258672
21466,1.446395,0.640651
21467,1.387772,1.450096
21468,1.519367,0.096734
21469,-2.337413,-0.123400
21470,-1.260782,0.197722
21471,0.361636,3.337850
21472,-1.963509,3.050939
21473,-0.831027,0.048695
21474,-0.759230,-0.298159
21475,0.329970,1.872486
21476,1.121418,0.334395
21477,0.510210,-0.816147
21478,1.650235,-0.235808
21479,1.047698,-0.587381
21480,1.911551,0.472691
21481,2.200886,-0.428371
21482,2.206408,-0.249786
21483,2.233900,-1.539932
21484,1.048614,-1.064782
21485,0.820734,0.409912
21486,1.163787,0.230038
21487,-0.487824,3.108704
21488,-0.084467,0.554553
21489,1.206626,-0.969706
21490,-0.561705,-0.496213
21491,1.513735,0.751560
21492,1.688931,-0.031490
21493,-0.964413,-1.476907
21494,1.335350,-0.262807
21495,2.122615,-0.318594
21496,1.372820,-0.285372
21497,-0.813354,0.606398
21498,0.528864,0.506757
21499,0.945232,0.098688
21500,-0.644491,-0.244965
21501,2.206388,0.123692
21502,-3.133918,-1.890139
21503,3.035387,-1.048428
21504,-0.812712,0.824825
21505,1.329986,-0.059839
21506,1.237294,-0.898508
21507,1.022474,-0.652051
21508,1.147256,0.748902
21509,1.659478,-0.265200
21510,-0.757192,2.873182
21511,1.143969,1.182658
21512,0.121337,0.528912
21513,-2.137725,1.720641
21514,-0.013611,0.380367
21515,-0.023109,-0.973979
21516,1.284000,0.005124
21517,-0.434289,-0.148683
21518,1.540808,-0.169695
21519,0.576192,2.197677
21520,1.806065,0.490224
21521,-2.465726,0.156684
21522,0.149537,0.296322
21523,-0.115304,0.806930
21524,0.363841,1.585808
21525,-1.868601,2.242737
21526,1.661937,2.314074
21527,0.671466,0.940332
21528,0.967339,1.233472
21529,-0.039677,1.111587
21530,-1.700611,-0.092133
21531,-1.558013,-0.339085
21532,1.016333,-0.240201
21533,1.613902,0.923123
21534,2.742932,-1.443417
21535,0.922325,-0.632492
21536,0.710566,-0.214625
21537,-1.878729,-0.043829
21538,0.324504,-0.303071
21539,-0.234217,-0.090665
21540,2.348535,0.074155
21541,2.459551,-0.311978
21542,1.524708,-0.159596
21543,1.000255,0.102032
21544,1.626393,-1.350556
21545,1.468674,0.311199
21546,0.800406,-1.649784
21547,-0.515398,0.827642
21548,-2.051140,-2.422030
21549,0.774358,-1.924873
21550,1.744948,0.097788
21551,-0.847943,1.083351
21552,1.211256,-1.064205
21553,-0.136819,-0.617446
21554,2.531081,-0.192379
21555,0.253463,-0.291944
21556,-0.028263,-0.237774
21557,0.474187,-0.584984
21558,2.323965,0.210820
21559,-0.355767,1.317383
21560,-2.400607,0.056898
21561,-0.080963,-0.513815
21562,0.797492,-1.837979
21563,1.342637,1.822740
21564,1.193919,-1.720156
21565,2.788068,-1.178822
21566,0.470355,-0.297017
21567,0.313549,-0.629615
21568,-2.428436,-0.268911
21569,0.597448,0.833992
21570,0.206283,-0.296521
21571,1.460817,-0.550574
21572,0.939863,0.025987
21573,-1.194758,-0.086729
21574,-0.045528,-0.987666
21575,0.761108,1.510110
21576,-2.004192,0.360471
21577,-1.208418,-0.099589
21578,-1.214389,-0.498895
21579,-0.098637,-0.880298
21580,1.514638,-0.229645
21581,0.862110,0.269107
21582,-1.537174,1.176195
21583,0.986718,-0.076780
21584,1.256302,0.782935
21585,-0.594390,1.735552
21586,-3.082590,1.623863
21587,-1.634475,1.741006
21588,1.751285,1.184134
21589,0.507734,4.188625
21590,-0.420633,-0.118093
21591,0.740083,-1.736615
21592,-1.926459,-0.152856
21593,-1.229411,-0.780540
21594,-0.051759,-1.217600
21595,1.371222,1.824393
21596,-0.117409,-0.464393
21597,0.614782,-1.765805
21598,1.270398,-0.634643
21599,0.138587,-0.181014
21600,-0.442513,1.139745
21601,1.432907,0.102045
21602,1.680641,-0.372548
21603,-0.780804,0.201336
21604,-0.208692,-2.519505
21605,1.128161,-0.330897
21606,-1.799313,-0.452688
21607,-0.551042,-0.065985
21608,0.617904,0.308379
21609,1.485940,-0.397439
21610,-0.505209,0.206094
21611,0.373045,-0.851305
21612,1.199496,-0.193998
21613,-2.127287,3.255952
21614,-2.031573,-0.670386
21615,-0.591955,-0.982886
21616,0.757487,-2.334644
21617,0.793190,-0.971337
21618,-1.955500,-2.715687
21619,0.141559,-0.014709
21620,1.836575,-0.326458
21621,0.054442,-0.817707
21622,-0.627507,0.524403
21623,-0.984189,-0.063441
21624,0.403134,0.191768
21625,-0.023883,-0.706237
21626,-1.431554,2.982387
21627,1.072206,-0.430862
21628,0.905326,-0.883224
21629,-2.576825,0.204984
21630,1.054907,-0.460402
21631,0.861793,1.231113
21632,1.560904,-0.465893
21633,-1.813657,0.129507
21634,0.675825,-0.859040
21635,0.427919,-1.368812
21636,0.561885,-0.145026
21637,0.984721,0.087227
21638,-0.187752,0.341528
21639,-1.749257,1.124754
21640,-0.720413,0.219386
21641,0.629582,0.224828
21642,-2.925823,-1.367060
21643,2.339401,-0.731443
21644,-0.714840,-3.143205
21645,-2.611848,-1.397917
21646,-2.448770,-3.399621
21647,-2.409697,-1.122814
21648,-4.241443,-3.344950
21649,0.590034,-2.665132
21650,2.111018,0.475638
21651,2.081223,-1.593178
21652,-0.929209,-0.411174
21653,-2.431314,-0.896007
21654,0.004462,-2.045379
21655,1.532744,-1.112934
21656,-1.148306,-2.064668
21657,-0.364620,-0.861236
21658,-0.130596,-1.325327
21659,1.095279,0.972161
21660,0.137351,-0.485219
21661,0.424797,-1.559267
21662,-1.031324,-0.038116
21663,-0.238608,0.181548
21664,1.205592,-1.589551
21665,-1.349696,-1.499663
21666,-1.116787,0.193487
21667,-1.295408,-0.670936
21668,0.309367,-0.916963
21669,-0.582068,-1.483287
21670,-4.084833,0.624046
21671,0.280809,-0.313273
21672,0.403993,0.532529
21673,-0.885175,-0.749251
21674,-0.763237,-0.148798
21675,-1.210099,-0.200962
21676,-2.145153,-0.020636
21677,-0.364274,-0.575100
21678,-0.351652,2.683817
21679,-0.517638,1.792143
21680,-1.537324,1.356145
21681,0.573377,2.857681
21682,-2.570446,1.378317
21683,1.558518,-0.451939
21684,1.199874,0.610221
21685,-0.229719,-0.312390
21686,-2.462081,1.099076
21687,-0.396916,1.555402
21688,-0.349615,0.199384
21689,-0.560605,1.096376
21690,0.886993,2.523286
21691,-2.060390,1.111355
21692,-1.760832,0.131350
21693,0.323845,-0.693124
21694,-0.709656,0.515507
21695,-0.925418,-0.011813
21696,-2.575552,2.109032
21697,0.512428,-0.540311
21698,-1.347789,0.491629
21699,0.229524,-0.013090
21700,0.376836,-0.538824
21701,-3.798810,-1.996778
21702,1.111942,-0.601296
21703,0.572097,-0.062930
21704,0.058082,-0.354681
21705,-0.708316,4.809011
21706,-0.266233,-0.535970
21707,-1.340221,-0.262549
21708,0.563295,-0.957068
21709,1.470334,-1.163220
21710,0.590780,-1.552291
21711,0.394935,-1.207607
21712,-3.031451,-1.645836
21713,1.998078,-0.226052
21714,0.639343,2.542632
21715,-5.244732,-4.178530
21716,1.209909,-0.673264
21717,-2.250141,1.627155
21718,-0.971103,0.543369
21719,2.147861,0.524618
21720,-0.754062,-1.027282
21721,-3.357244,1.117913
21722,1.457376,-0.675226
21723,1.932551,-0.062354
21724,1.815824,0.371125
21725,-2.099427,0.355190
21726,0.319920,-0.351190
21727,-1.260292,2.837375
21728,-1.453044,0.366456
21729,-0.652887,-1.111549
21730,-1.289384,1.204720
21731,1.527118,-0.279448
21732,2.253071,-1.793329
21733,1.436345,0.638087
21734,-2.147088,-0.176595
21735,-1.881469,-0.333497
21736,0.106688,0.050702
21737,-1.717425,-0.712803
21738,-1.926022,-1.396921
21739,0.648308,0.112132
21740,-0.873660,-0.082011
21741,1.212563,0.755355
21742,0.306903,0.316568
21743,-1.430327,1.731151
21744,-2.697369,-0.675763
21745,-2.560846,2.227462
21746,-1.589747,1.548977
21747,-0.424159,0.414024
21748,-1.742972,1.814189
21749,-0.183836,0.595586
21750,-0.625287,0.416728
21751,-0.287939,3.131284
21752,-2.621477,0.024396
21753,0.207154,0.071461
21754,-2.443737,-0.101166
21755,1.884678,-0.474599
21756,1.468929,-0.416058
21757,-1.763655,-1.490135
21758,-0.423559,-0.792821
21759,0.280886,1.241134
21760,-3.476371,1.417725
21761,-0.107875,1.174255
21762,2.127242,0.775317
21763,0.635464,-0.322261
21764,-1.211543,-0.451181
21765,1.917814,-0.301725
21766,1.268826,-0.509907
21767,1.507465,-1.605389
21768,0.104901,-1.673395
21769,1.789266,-1.052023
21770,2.550877,-0.874384
21771,0.998465,-1.337082
21772,0.543579,0.383825
21773,1.400126,-1.493559
21774,3.115302,-0.677061
21775,-0.424833,-0.488796
21776,1.953173,0.505488
21777,-0.788684,-0.353868
21778,-0.429357,0.205400
21779,1.635588,1.542931
21780,0.264698,-0.406813
21781,-1.239992,0.827526
21782,2.298198,1.012344
21783,1.200179,2.655559
21784,-0.269807,0.871396
21785,3.081491,-0.388510
21786,-0.499708,0.088524
21787,0.469872,-1.042447
21788,1.898414,-0.279397
21789,-1.172778,0.251429
21790,1.986760,0.848646
21791,-0.898061,1.264535
21792,-0.252178,1.579868
21793,1.915235,0.437263
21794,-0.267612,-0.611696
21795,-0.524532,-0.486339
21796,-1.092176,0.663205
21797,1.446732,-0.585569
21798,0.053750,-0.742903
21799,0.818826,0.830330
21800,-0.740409,0.182783
21801,-2.889439,-1.000225
21802,-2.842966,-0.666562
21803,-1.246558,-0.058957
21804,-0.528065,0.469141
21805,-0.583028,-1.009202
21806,-0.052872,-0.848561
21807,-1.720484,-0.408667
21808,1.197640,0.032423
21809,-0.266733,1.911905
21810,1.779231,-0.796960
21811,1.030426,-0.084548
21812,-0.422602,1.485091
21813,-1.890555,3.538622
21814,0.169429,0.152700
21815,-0.952164,-1.362915
21816,-0.547104,-0.800440
21817,1.870946,-1.100196
21818,-0.126983,-0.540928
21819,0.364751,0.149648
21820,-4.478663,-0.745444
21821,2.085340,-0.136113
21822,-2.134112,0.487160
21823,0.412045,0.214959
21824,-1.470350,2.025211
21825,-2.388715,1.129827
21826,1.278236,-0.494625
21827,1.987084,-0.309968
21828,0.273477,0.779440
21829,-3.355744,1.446922
21830,-2.035780,-0.295377
21831,-0.240482,-0.725038
21832,0.827120,-0.763953
21833,-2.376036,0.015007
21834,1.718833,-1.747864
21835,1.247092,0.385721
21836,-0.341053,-0.183581
21837,-0.428794,-1.175669
21838,0.992080,-0.715764
21839,0.277325,0.332129
21840,1.924105,-0.333117
21841,-0.081387,-1.348816
21842,0.688446,-0.659446
21843,0.565078,0.301188
21844,-0.167504,0.598306
21845,0.115191,-0.152270
21846,-1.697164,0.389902
21847,0.076958,-0.343179
21848,0.983454,0.203744
21849,-1.565424,-1.518292
21850,-0.976789,-0.194643
21851,-3.967060,-3.642587
21852,-1.038423,0.484146
21853,0.419708,-1.268073
21854,-0.461155,2.400343
21855,-0.108056,-0.678073
21856,-1.086298,2.073801
21857,-0.338582,-0.313160
21858,1.151669,-0.217081
21859,-1.343010,-1.172334
21860,-1.461622,2.710725
21861,-0.391482,-0.772930
21862,-0.889513,-0.327137
21863,-1.578787,0.341683
21864,1.762073,-0.724197
21865,0.094539,-0.699768
21866,0.684498,-0.307262
21867,0.002674,-0.081094
21868,0.379310,0.227792
21869,-0.589523,0.149948
21870,1.215644,-0.111001
21871,0.828380,2.607485
21872,1.761990,0.110551
21873,0.847863,2.424267
21874,2.575314,-1.006157
21875,0.990106,-0.435678
21876,1.034040,-0.094277
21877,1.894202,-0.109195
21878,1.493812,-0.159902
21879,0.523406,-0.805249
21880,-0.608528,-0.817404
21881,-1.043696,-0.278577
21882,0.864341,1.806514
21883,-0.791177,0.008002
21884,-0.747486,-0.007615
21885,-0.747244,0.906168
21886,0.697288,-1.078773
21887,-0.557649,-0.319734
21888,0.696450,-0.382337
21889,-0.922541,0.326553
21890,-0.085178,0.568985
21891,0.281794,-0.508309
21892,-0.501407,-0.677056
21893,1.785180,-1.281538
21894,1.188697,-1.834184
21895,0.138877,-2.462625
21896,1.096722,-0.326630
21897,1.397965,-1.121665
21898,-0.290592,-0.225351
21899,0.148426,-1.102892
21900,1.297062,-0.033656
21901,1.949810,-0.444191
21902,0.950505,-0.975476
21903,0.633268,-0.674587
21904,-0.730160,0.302961
21905,0.446394,0.492570
21906,0.164674,0.772603
21907,1.525732,0.205310
21908,0.122857,0.537321
21909,0.010849,-0.986185
21910,0.815069,0.191933
21911,1.079473,-0.054475
21912,-0.870800,-0.355472
21913,1.378563,-0.924900
21914,0.198290,-0.975549
21915,0.644853,-0.850706
21916,0.306178,2.088653
21917,0.898022,-0.120943
21918,0.094138,0.799192
21919,-0.914618,0.704791
21920,1.434247,0.534698
21921,1.281472,-0.933196
21922,0.108130,-1.298594
21923,1.051235,0.414468
21924,2.607273,-0.901033
21925,1.278372,-0.340641
21926,-0.502951,0.729055
21927,2.734211,-0.859024
21928,1.017556,-0.334785
21929,0.997494,-0.016984
21930,-0.359337,-0.069699
21931,1.103091,-0.032674
21932,0.925026,0.046129
21933,0.466729,0.683408
21934,-0.166416,-0.630284
21935,-0.482876,0.765764
21936,-0.763883,1.587711
21937,0.708101,-0.189806
21938,1.312126,0.666224
21939,-0.273604,-0.947841
21940,1.922233,-0.768126
21941,1.785410,-0.077679
21942,1.413535,0.241432
21943,1.974684,-1.123300
21944,1.147331,-1.714809
21945,-1.143650,-0.869181
21946,1.497911,-0.592555
21947,1.629322,-0.257775
21948,1.329634,-1.112601
21949,0.661023,-0.747855
21950,0.855502,1.001496
21951,1.860902,-1.732615
21952,2.509332,-0.764189
21953,2.519544,0.112793
21954,1.267173,-0.555365
21955,2.527253,-1.163341
21956,-1.539323,0.403667
21957,-2.139263,-0.914346
21958,1.378087,-0.583626
21959,0.753916,-0.442796
21960,-0.345653,-0.442923
21961,0.390981,-0.662488
21962,0.793367,-0.171410
21963,0.464888,-0.240899
21964,-1.922072,-0.770923
21965,-0.432966,-0.567477
21966,1.430249,-1.035507
21967,-0.595350,1.447364
21968,-0.594215,0.123511
21969,0.497437,-0.111401
21970,-0.099145,0.089799
21971,1.442916,2.172699
21972,-1.695257,1.007041
21973,1.670540,-0.245101
21974,-1.099626,-2.047576
21975,-0.451767,-0.059341
21976,1.865397,-0.256993
21977,0.965367,0.076975
21978,2.091935,-0.228778
21979,-0.697096,-1.675468
21980,-2.188192,-2.171919
21981,-0.162759,1.561541
21982,-0.247917,0.735781
21983,0.055794,-1.485621
21984,2.080366,-1.350090
21985,1.250489,0.689967
21986,0.066561,-0.343746
21987,0.686791,0.619898
21988,-0.436586,0.578030
21989,1.825021,-0.175718
21990,0.682951,-0.539483
21991,0.724598,-0.477590
21992,0.813916,0.091267
21993,-2.326320,1.701624
21994,1.253761,0.649475
21995,1.705494,0.616725
21996,2.372811,-0.329041
21997,1.635254,0.857003
21998,2.904354,0.130806
21999,1.640482,-0.194521
22000,2.273934,0.362563
22001,-2.550387,1.049432
22002,-0.456263,1.278748
22003,-0.079838,0.450576
22004,1.639563,-0.203459
22005,2.356580,-0.699805
22006,1.151419,0.099539
22007,2.586257,0.269636
22008,1.593838,0.651375
22009,0.673415,1.088254
22010,-0.624145,1.405042
22011,-0.796711,2.498408
22012,1.898336,1.740042
22013,0.627368,0.681355
22014,1.466058,0.771269
22015,-0.155548,0.656508
22016,-1.382726,0.784222
22017,-3.264374,-0.381916
22018,2.272896,-0.074718
22019,-0.820798,-0.315857
22020,-1.079962,0.131918
22021,1.204769,0.439792
22022,-0.425514,1.480325
22023,1.384192,0.054391
22024,-0.909314,0.510958
22025,1.496979,0.155280
22026,1.065806,-0.539100
22027,1.122985,0.093025
22028,0.026868,-0.624448
22029,-1.865341,-0.210044
22030,-0.259958,-0.631597
22031,-0.111892,-0.947384
22032,-1.509929,-0.195538
22033,1.656676,0.045538
22034,1.895915,-0.345222
22035,1.407137,-0.368674
22036,1.089275,2.222884
22037,1.645305,-0.446445
22038,-0.158709,-0.558843
22039,0.217335,0.569140
22040,0.644685,-0.166350
22041,0.156674,5.411332
22042,1.109893,1.148615
22043,0.764533,-1.246281
22044,0.628857,-0.057668
22045,0.927732,-0.193160
22046,0.828265,-0.542019
22047,0.455131,-1.088287
22048,0.539923,-0.877981
22049,0.742563,1.421285
22050,1.803895,-0.970295
22051,-1.499579,-1.017664
22052,1.580223,-0.680776
22053,2.161301,0.831765
22054,1.462274,-0.551062
22055,0.665528,0.231064
22056,1.092125,0.166465
22057,3.194298,-0.997736
22058,0.741563,-1.082669
22059,0.741285,0.368624
22060,1.714685,-0.066635
22061,1.380902,2.609233
22062,-1.963088,-0.817771
22063,-0.393257,-0.092691
22064,1.551647,-1.082508
22065,0.271437,1.193174
22066,0.701191,0.481961
22067,1.577559,-0.272863
22068,0.466361,-0.584891
22069,0.256794,-0.309774
22070,-1.285963,1.249449
22071,1.433880,-0.134342
22072,-0.266390,0.398511
22073,1.831719,1.571606
22074,-0.498430,2.426447
22075,1.861300,-0.427532
22076,-0.611636,-0.274737
22077,0.212906,-0.385252
22078,0.582813,0.353670
22079,-2.572214,1.290323
22080,0.224000,0.060814
22081,-0.824932,0.410376
22082,0.680526,1.149624
22083,1.128945,-0.296054
22084,-0.424646,-0.146780
22085,-0.592781,2.168959
22086,-2.917944,2.929096
22087,-0.770164,0.577153
22088,-0.468221,0.313363
22089,0.475389,-1.980388
22090,0.525386,-0.068495
22091,2.100598,-0.388902
22092,1.765662,0.126028
22093,-1.379253,0.019776
22094,0.468899,0.392161
22095,1.292953,-0.743683
22096,-0.051551,-1.231828
22097,-0.980304,-0.627132
22098,-1.073473,0.556479
22099,0.265301,-0.209864
22100,0.963101,-0.581882
22101,0.291394,-1.074211
22102,0.618754,-1.019653
22103,0.284951,-0.719786
22104,-3.379465,-1.597820
22105,-0.517198,-1.316658
22106,1.101358,-1.214334
22107,1.097892,-1.411855
22108,-0.451054,-0.475870
22109,2.503434,-1.116493
22110,0.557593,-1.173932
22111,-0.275927,0.775708
22112,-1.284330,-1.358928
22113,-0.001962,-1.357373
22114,-0.687479,-2.186732
22115,-1.731267,1.070735
22116,-0.810761,-0.851439
22117,-0.155931,0.517971
22118,-0.945834,-0.701283
22119,0.557328,0.764021
22120,0.427435,0.214543
22121,-1.620850,1.531533
22122,0.544893,0.605976
22123,-0.492937,-0.084206
22124,0.927638,1.306972
22125,-1.660872,0.409125
22126,-2.225193,0.484987
22127,-0.878918,0.445948
22128,-0.965554,0.970757
22129,1.678476,-0.134762
22130,-0.685515,0.657029
22131,-2.590283,-1.398788
22132,0.317949,2.419675
22133,-0.306260,1.146336
22134,0.319766,-0.129413
22135,0.253564,-0.095229
22136,-0.702045,1.700971
22137,-1.600777,1.208984
22138,-1.536564,-0.227200
22139,-0.788970,1.286538
22140,-2.321791,1.810937
22141,-1.325805,-0.519126
22142,-2.282149,0.045475
22143,1.719763,0.451934
22144,-0.158742,-0.531983
22145,-0.822768,0.087255
22146,0.152425,0.743609
22147,-3.159432,-1.183502
22148,0.628965,0.198331
22149,0.555232,-0.377146
22150,0.696088,1.032311
22151,0.340997,0.297079
22152,1.581054,0.049527
22153,-0.035268,0.441230
22154,-0.388002,0.258780
22155,-0.598004,0.121937
22156,-4.568841,-4.046981
22157,-0.773957,-0.308739
22158,0.175675,-1.024225
22159,-0.244100,-0.448374
22160,-1.871206,3.229388
22161,0.462158,1.684288
22162,-0.479653,2.385723
22163,-0.198011,0.282378
22164,-0.708903,1.024532
22165,0.506918,0.362509
22166,0.737815,-0.653546
22167,-1.105391,0.883056
22168,-1.301325,-1.517108
22169,0.269991,-0.190702
22170,-0.473484,-1.467311
22171,-1.270918,-1.033181
22172,-2.747944,-0.590999
22173,-1.821768,0.616066
22174,-2.658493,-1.635832
22175,-3.628180,0.582963
22176,0.268453,-0.411037
22177,-0.317829,2.294424
22178,0.695280,0.386754
22179,-0.480822,-0.744792
22180,0.953156,0.755347
22181,-0.717315,-0.450838
22182,0.842725,0.843896
22183,1.240003,-0.035038
22184,0.597564,0.222562
22185,-2.417840,-0.415180
22186,-0.809587,0.775783
22187,0.077373,0.197138
22188,-2.083808,-1.232737
22189,0.068758,-0.676235
22190,-1.048722,-1.024752
22191,-1.536458,-1.730465
22192,2.019041,-1.219985
22193,1.839798,0.373392
22194,0.748255,3.062819
22195,-0.086777,0.270142
22196,1.877352,-0.440097
22197,1.666672,0.016418
22198,0.151146,-0.358809
22199,-1.905957,0.239676
22200,1.252652,0.454900
22201,1.397447,0.143945
22202,-1.509945,0.512520
22203,0.441234,1.753562
22204,0.956266,0.252852
22205,1.348445,-0.372009
22206,1.885274,0.759948
22207,1.797844,0.034743
22208,-0.005523,0.702875
22209,0.240848,0.178563
22210,1.629264,-0.664361
22211,0.779605,0.587007
22212,-1.489353,-0.285468
22213,0.789309,1.520927
22214,1.560468,0.643388
22215,0.893449,-0.868770
22216,-2.782295,1.526402
22217,-0.812996,-0.345081
22218,-1.824190,-0.523726
22219,0.975444,-0.236017
22220,0.518361,-1.286077
22221,1.700429,-0.039254
22222,-2.800672,0.461094
22223,1.534853,0.210270
22224,1.289097,-0.112934
22225,-1.517850,1.986507
22226,1.348836,0.138106
22227,1.063890,0.140358
22228,-0.642821,-0.529184
22229,-1.927420,-0.521937
22230,-1.259915,0.744871
22231,2.305498,2.065368
22232,-1.133763,0.910779
22233,-0.959196,1.774302
22234,-1.313983,0.545738
22235,-1.282379,0.271979
22236,-0.917853,1.827523
22237,-0.183062,-0.078524
22238,1.637387,-0.393849
22239,-1.247554,-0.221998
22240,-1.704549,1.084070
22241,-0.593622,2.201453
22242,-0.318068,-0.489137
22243,-0.332622,-1.732100
22244,0.848630,-0.251291
22245,0.766820,-0.123738
22246,-0.563917,0.097858
22247,0.910847,1.070976
22248,-0.679801,-1.019982
22249,-1.493659,-1.668235
22250,0.986273,-0.617210
22251,-0.621155,-0.577465
22252,0.348327,-1.117899
22253,0.784424,-0.155856
22254,-0.752559,-0.174652
22255,-1.548060,0.029906
22256,1.973117,-0.018278
22257,-0.402711,0.260778
22258,-0.902191,0.601523
22259,-1.445648,0.761993
22260,2.971644,-1.188649
22261,1.586978,-0.224393
22262,-2.125787,-4.490752
22263,2.428454,-0.865687
22264,2.461011,0.091121
22265,1.279286,0.340858
22266,0.223653,1.459929
22267,0.806200,1.235201
22268,1.412659,-0.180853
22269,0.515511,-0.062669
22270,-1.323699,0.676796
22271,-1.327094,1.107742
22272,0.366759,-0.558503
22273,-2.009059,0.842278
22274,0.519094,-0.512140
22275,0.859673,-0.599796
22276,1.184630,0.302416
22277,-0.130675,-0.037776
22278,-1.533487,2.462207
22279,1.233531,-1.093124
22280,1.065959,-1.042944
22281,1.053695,0.042841
22282,-0.744682,0.303301
22283,-0.656692,-0.672612
22284,0.442141,-0.583280
22285,0.956276,-0.096096
22286,1.009565,-0.411931
22287,-0.571123,1.287478
22288,-0.005041,1.644023
22289,1.099804,0.954923
22290,-0.690171,1.497904
22291,-1.067718,1.575264
22292,1.425777,-0.607612
22293,-0.625286,2.540781
22294,-0.629759,0.251991
22295,-0.638297,-0.632004
22296,0.450670,-0.583902
22297,1.601809,0.379889
22298,0.871240,0.014791
22299,-0.284834,-0.947681
22300,-0.189854,0.028960
22301,-0.691069,0.378262
22302,-0.890969,-0.453986
22303,1.216878,-1.012170
22304,0.362892,0.060893
22305,-0.706190,2.353661
22306,0.181073,-0.786148
22307,1.876040,-0.269419
22308,0.597475,4.748396
22309,0.713370,0.151181
22310,-1.839212,-2.014257
22311,0.642463,0.362060
22312,0.504235,0.905799
22313,-0.259166,-0.476163
22314,-0.022612,0.894591
22315,0.175796,0.143430
22316,0.352019,-0.558722
22317,-0.403144,0.326985
22318,1.282101,0.908080
22319,-1.039711,-0.415743
22320,2.593844,-0.818187
22321,1.441304,-0.574532
22322,-5.906254,-3.674054
22323,1.870905,-1.498257
22324,0.324681,-0.505965
22325,0.532259,-0.355726
22326,0.504378,-0.265722
22327,1.221489,-1.126371
22328,-0.000033,-0.168102
22329,-0.387207,-0.342543
22330,2.001993,-0.737971
22331,0.450587,-0.060413
22332,1.024132,-0.571039
22333,1.185023,-0.242028
22334,0.947587,0.914296
22335,1.985173,-1.173180
22336,0.450673,-0.216481
22337,0.059068,-0.311318
22338,1.412858,-0.737648
22339,1.051663,0.785089
22340,0.418921,0.112078
22341,-0.416492,0.507015
22342,-2.129045,1.908068
22343,-0.566441,-0.340795
22344,0.245606,0.259176
22345,0.207403,-0.967217
22346,-0.161423,0.422762
22347,1.101293,0.576546
22348,-0.339789,1.282261
22349,-0.768664,0.503824
22350,-2.056198,1.014594
22351,-0.734451,1.263138
22352,-0.200429,0.833685
22353,-2.451965,-0.367368
22354,-1.675022,1.362530
22355,2.642860,-0.626342
22356,1.600444,0.089838
22357,0.185988,-0.070519
22358,0.499832,-0.301797
22359,-0.045187,1.221799
22360,0.912031,-0.188032
22361,-0.085633,0.542882
22362,-0.201068,-0.001057
22363,0.789311,1.849310
22364,-1.884769,-0.939434
22365,-0.158581,2.123420
22366,0.968606,-1.392564
22367,-1.721152,0.508912
22368,-1.565607,-0.670580
22369,-0.651541,-0.369485
22370,-0.784230,0.428407
22371,-0.239861,0.979401
22372,-3.782709,-1.710800
22373,-0.766676,0.010038
22374,0.502760,0.423257
22375,-0.658358,0.044272
22376,1.969755,-0.337392
22377,0.060290,-0.529427
22378,1.423043,-0.437886
22379,0.338647,0.186913
22380,0.500728,-0.276991
22381,0.823348,-1.122226
22382,1.289033,-1.016171
22383,-1.373496,-1.186121
22384,-0.889600,-0.999832
22385,1.487128,-1.058504
22386,-2.459693,0.131792
22387,0.516767,-0.524170
22388,0.820660,0.663794
22389,0.091786,-0.774253
22390,0.291620,-0.104215
22391,1.410790,-0.369686
22392,1.954349,-1.044458
22393,2.025483,-1.639814
22394,0.588124,-1.389583
22395,0.766975,-0.857788
22396,-0.283757,-1.550799
22397,-0.027405,-0.406789
22398,0.596108,0.195536
22399,1.481103,-1.288208
22400,0.976951,-1.073576
22401,0.989675,-1.333748
22402,1.012737,-0.974942
22403,0.230939,-1.092239
22404,0.123891,-1.178168
22405,-0.428927,-0.608330
22406,0.821806,-1.396131
22407,1.100939,-0.062956
22408,0.409320,-0.705239
22409,0.438038,-0.638630
22410,0.382737,-1.053024
22411,0.279838,-0.128241
22412,0.218752,0.020541
22413,0.969116,-0.191717
22414,-1.562181,-0.214237
22415,0.333209,0.005948
22416,-1.205172,-0.506706
22417,-0.445823,-0.191888
22418,1.089043,-0.656393
22419,0.702827,0.227431
22420,-1.569620,1.460684
22421,1.380795,-0.457924
22422,-0.399112,-0.186515
22423,-1.242321,-0.388838
22424,1.713847,0.232103
22425,0.844209,-0.097392
22426,1.425836,-0.197640
22427,0.691892,1.714882
22428,1.457541,-0.028443
22429,-0.129981,-1.438413
22430,3.036307,-1.291177
22431,0.154315,-1.168603
22432,-1.386647,-0.289442
22433,-1.576205,-1.480286
22434,0.187260,-1.012040
22435,-1.101643,-0.587824
22436,-0.352264,-1.162380
22437,0.461910,-0.569062
22438,1.888985,-0.464400
22439,-0.820343,3.138995
22440,1.653890,-0.736863
22441,0.033902,0.267501
22442,1.101944,-0.122392
22443,-0.974551,0.488180
22444,2.595233,-0.505187
22445,0.205318,1.574744
22446,2.394439,0.134663
22447,1.148448,-0.732055
22448,0.762840,-0.683486
22449,-2.286049,-0.500420
22450,-2.538678,0.021646
22451,-2.626948,-0.798933
22452,-1.917686,-0.524622
22453,-0.752234,0.430821
22454,0.448816,-1.084890
22455,-0.173474,-0.886450
22456,-1.210786,-0.095242
22457,0.221061,1.431959
22458,-0.775639,0.146616
22459,0.435429,2.228949
22460,1.478455,0.432452
22461,-0.418080,0.890167
22462,0.384698,-1.137676
22463,-1.719851,-0.165093
22464,-2.272344,-0.339503
22465,-0.074619,0.252184
22466,-1.025667,0.519229
22467,-0.364652,-1.117637
22468,2.111267,-1.182420
22469,-2.321009,-3.115358
22470,-2.118159,-2.620143
22471,-1.474608,-2.331363
22472,-1.294522,-0.682878
22473,-0.679238,-2.753019
22474,-2.524091,-1.524981
22475,0.274358,-1.605495
22476,-3.716460,-4.983682
22477,-0.396958,-0.826992
22478,0.836133,-0.413205
22479,1.044895,-0.990309
22480,-0.446952,-0.859453
22481,0.838208,-1.587893
22482,-1.499960,0.036354
22483,0.354896,-1.958794
22484,-2.567028,0.437495
22485,1.483831,-1.275268
22486,-0.008868,-0.880136
22487,0.512612,-0.471321
22488,0.217313,0.092201
22489,1.164620,-1.896070
22490,-0.105166,-0.825107
22491,-0.756566,0.269290
22492,-1.923146,0.725880
22493,-3.673906,-1.249366
22494,0.070026,-0.570954
22495,-1.079058,-1.800458
22496,-3.777600,-4.133679
22497,1.464225,-1.145705
22498,-1.236200,0.215300
22499,-2.574925,-1.910409
22500,1.078890,-0.652545
22501,1.327489,-0.539140
22502,0.068548,0.696478
22503,-2.651631,-0.077549
22504,2.142626,-0.696977
22505,-2.946968,0.819578
22506,1.526022,-0.561502
22507,2.249854,-0.628394
22508,2.106497,-0.646103
22509,1.653712,0.024913
22510,0.513859,-0.935177
22511,1.271089,0.112869
22512,0.944001,-1.174636
22513,-2.363588,0.268588
22514,1.418069,-0.526920
22515,0.456568,-1.211344
22516,0.909958,-1.350743
22517,1.832705,-1.344636
22518,2.502713,-1.633277
22519,0.469584,-1.382502
22520,0.753945,-1.192160
22521,-2.030843,-1.553606
22522,-0.549474,-0.143981
22523,-2.461143,0.544802
22524,0.326139,-0.233656
22525,-0.516282,-0.566115
22526,0.190319,-1.230247
22527,1.188379,-0.438160
22528,-3.923100,-1.281286
22529,1.062705,-0.263626
22530,-1.137255,-1.495270
22531,-0.994571,-1.294045
22532,1.615615,-0.709425
22533,0.306729,-0.099087
22534,-0.157356,0.949146
22535,1.648963,0.526979
22536,0.769228,-0.767746
22537,2.420798,0.513755
22538,0.046862,-0.285114
22539,0.131807,-0.375520
22540,1.652915,-0.060288
22541,1.803933,0.080181
22542,-1.362462,-0.009075
22543,1.910370,-0.568495
22544,0.565696,0.475043
22545,1.174811,-0.675689
22546,1.156146,0.911697
22547,-0.244855,2.047897
22548,-4.658399,-4.993834
22549,-2.193174,-1.787584
22550,1.796270,0.097677
22551,-0.203478,-1.464848
22552,-2.162074,2.178469
22553,0.931273,0.530624
22554,-1.501811,-0.227471
22555,-3.303607,1.100007
22556,-1.362856,-1.156064
22557,0.503220,-1.703446
22558,-0.198726,0.331458
22559,-2.054380,-1.264549
22560,-0.070882,-0.723507
22561,-3.054498,1.328776
22562,-1.581237,1.623703
22563,-1.772157,3.281405
22564,-0.605319,-0.382643
22565,0.167060,0.508902
22566,-0.519363,-1.000027
22567,-0.732135,-0.847692
22568,-0.434268,1.968375
22569,0.061058,-1.310838
22570,1.209213,-1.189036
22571,-1.059871,-1.954463
22572,-1.448012,-1.023800
22573,-4.293507,-2.970196
22574,1.180738,-0.486472
22575,2.889685,-1.349587
22576,0.574452,2.663231
22577,0.525766,-1.108499
22578,-1.682208,1.894379
22579,0.524693,-0.601429
22580,0.208071,0.326231
22581,-2.998907,0.284323
22582,-0.290288,2.656117
22583,-0.144594,-1.570864
22584,0.396432,-1.346133
22585,0.510230,-1.386496
22586,-1.653019,1.674924
22587,0.917610,-1.401352
22588,-0.755048,-1.171306
22589,0.968915,-1.395101
22590,-1.286722,-0.000860
22591,1.168045,-1.140450
22592,1.307899,-0.975157
22593,0.687114,0.112195
22594,1.846356,0.791768
22595,-1.296960,0.887324
22596,2.292135,-0.444428
22597,0.897371,-1.768172
22598,1.037370,-0.069483
22599,0.351734,-0.318408
22600,0.203212,-1.550396
22601,-2.996723,1.236393
22602,1.541443,0.765892
22603,0.764075,-0.089748
22604,-0.240389,-0.157784
22605,-3.229277,-3.254876
22606,1.219943,-0.114394
22607,0.396471,-0.608199
22608,0.360045,-0.736486
22609,0.169001,-0.404780
22610,0.184863,-0.220042
22611,0.888962,-1.470087
22612,-1.618874,-0.244626
22613,-3.030236,-1.906502
22614,1.575459,-0.696454
22615,0.071716,-0.799785
22616,-1.800304,4.110821
22617,-1.104473,-2.200260
22618,0.154511,0.653317
22619,-3.585302,-3.651915
22620,-1.443347,0.272420
22621,-3.381322,-2.623819
22622,0.602506,-1.010562
22623,-0.783185,-0.707912
22624,1.180792,-0.051715
22625,0.529845,-0.780038
22626,0.156601,-1.022693
22627,-1.590887,-0.694165
22628,-1.171452,-1.267864
22629,0.948430,-0.440482
22630,-0.915972,1.400606
22631,1.436938,-1.185702
22632,0.668701,-1.376809
22633,1.800098,-0.863970
22634,2.045193,-0.783902
22635,1.235974,0.429647
22636,2.332605,-0.695589
22637,2.174237,0.723705
22638,-1.401780,0.835868
22639,-0.373066,0.281522
22640,-0.480707,-0.518932
22641,-1.701517,-0.057021
22642,0.791610,-0.820565
22643,-1.499223,0.334400
22644,-1.440907,0.033892
22645,-0.748282,-0.552848
22646,-0.706576,-0.959820
22647,-3.457044,-0.633208
22648,1.310609,-0.298838
22649,-0.584200,0.186458
22650,0.721125,1.541782
22651,0.554627,-0.274130
22652,0.651685,-1.321218
22653,-0.813701,-1.455833
22654,1.311997,-0.178280
22655,-0.245049,-1.812390
22656,0.823948,-0.001871
22657,-0.789027,-1.482307
22658,1.068949,-0.658970
22659,-1.376532,-1.405516
22660,0.765326,0.565911
22661,1.176398,0.453416
22662,-0.331247,1.739310
22663,0.781847,0.974998
22664,-0.939170,0.025619
22665,-0.170074,-0.999443
22666,0.690935,1.392484
22667,0.792711,-0.555728
22668,-1.923563,-0.462378
22669,-0.791738,-0.075541
22670,-0.015346,-0.834908
22671,0.702242,-0.386350
22672,-0.625856,1.248958
22673,-1.163618,-0.235208
22674,0.363970,-0.107067
22675,0.295373,-1.219107
22676,0.826473,-0.445624
22677,1.766374,-0.153415
22678,-1.646767,-0.279889
22679,-1.973737,0.714330
22680,-1.971012,1.016696
22681,-0.634769,2.379680
22682,-0.011753,-0.389109
22683,1.483978,-1.438418
22684,1.217650,0.143267
22685,-1.787660,-1.802976
22686,-1.556460,-0.382470
22687,0.451231,-0.412136
22688,-2.345224,-0.091239
22689,0.272375,0.542334
22690,0.775528,-0.924674
22691,0.968944,0.119608
22692,-2.459423,0.121856
22693,2.289277,-0.151972
22694,1.903352,-0.877016
22695,2.469646,1.045384
22696,0.767230,-0.754972
22697,0.469407,0.148882
22698,-1.538751,-1.574119
22699,-1.573867,0.848691
22700,1.142759,-0.209703
22701,-1.085229,0.529644
22702,1.219178,0.492426
22703,-2.886055,-1.322957
22704,-2.048300,0.103188
22705,-0.731071,-1.186755
22706,-0.475200,1.259645
22707,-1.436228,0.215545
22708,-2.312727,-1.615889
22709,-2.979993,0.159573
22710,0.430341,-2.276707
22711,-0.140950,-1.971619
22712,2.081739,-1.013964
22713,-2.404958,-1.038875
22714,-1.292381,-1.997027
22715,0.075269,-0.803503
22716,2.055279,-1.577262
22717,0.432975,-1.525524
22718,-0.669759,-2.211764
22719,-3.230025,-0.605367
22720,-0.706385,-1.566276
22721,1.676049,0.442800
22722,0.301848,-0.233913
22723,-0.494876,0.989173
22724,-1.153846,0.228538
22725,1.251577,-0.216226
22726,-1.861407,-0.259627
22727,1.501674,0.082627
22728,-0.240738,1.513265
22729,-0.301272,0.207366
22730,-1.852206,0.787149
22731,-1.260151,-1.551489
22732,-1.363620,-0.504520
22733,-1.353208,-2.848576
22734,-0.943510,-0.362458
22735,-2.446859,1.009120
22736,0.646886,-1.395950
22737,-1.689251,-1.883795
22738,-0.169789,1.772467
22739,-4.344040,-3.301939
22740,-1.060249,1.558201
22741,0.826413,-1.184285
22742,-0.523442,-2.174007
22743,-1.149034,-1.236540
22744,-0.849222,-0.852836
22745,1.392549,-0.442582
22746,-1.086818,-1.786654
22747,0.978671,-1.276547
22748,0.568820,-2.735249
22749,0.222877,2.182900
22750,1.061450,-0.711117
22751,1.609818,0.095663
22752,-0.152392,-0.470592
22753,-2.367816,-1.557229
22754,-0.119065,1.689161
22755,-1.731192,1.204111
22756,-2.833032,1.002337
22757,0.573543,0.231738
22758,1.906968,-0.855014
22759,-2.442281,0.467469
22760,-1.049872,-0.515941
22761,0.886419,-0.243259
22762,0.802805,-0.384259
22763,1.901925,0.574157
22764,0.415383,0.310194
22765,1.282874,0.433144
22766,0.727985,-0.503371
22767,-0.846492,-0.137189
22768,-0.616182,-0.820189
22769,-0.352023,0.554333
22770,-1.834781,-0.403261
22771,1.878634,-0.048875
22772,1.789164,0.779726
22773,1.020302,1.480311
22774,0.738696,-0.180279
22775,-0.012488,0.886227
22776,-1.282370,0.823777
22777,1.843860,-0.558622
22778,-1.337206,1.361001
22779,1.038831,0.884201
22780,-0.637828,1.907069
22781,2.314879,0.772636
22782,1.525618,0.984559
22783,-1.269238,0.660624
22784,-2.011375,-0.216423
22785,1.642673,-0.730016
22786,1.973687,0.590539
22787,-1.030379,0.888053
22788,0.912094,-1.234204
22789,1.458951,-0.643838
22790,1.730778,1.156704
22791,-0.465009,0.244876
22792,-2.101274,2.000073
22793,-2.437119,-0.368009
22794,1.324150,-0.629612
22795,2.162310,-0.584324
22796,-1.223577,-0.945821
22797,-1.106304,-1.447065
22798,0.694735,-1.546748
22799,1.317008,-2.027005
22800,-0.549499,1.522463
22801,0.502684,0.124389
22802,-3.259386,-0.813987
22803,0.367547,0.426734
22804,-1.671623,-1.167954
22805,1.360929,0.563354
22806,-1.062291,-1.378627
22807,-0.884726,-0.402426
22808,-0.394180,-0.050540
22809,-1.563077,1.489662
22810,1.062516,1.435752
22811,-2.223985,-2.812636
22812,-0.785255,-0.776867
22813,-0.325197,-1.266393
22814,-0.029015,2.486580
22815,-0.349937,1.503223
22816,0.126789,-1.391351
22817,-0.208371,1.374580
22818,0.136117,-0.609309
22819,0.185308,0.523154
22820,0.190929,-0.670987
22821,0.709211,0.278248
22822,1.317660,-0.268941
22823,1.491160,-0.410919
22824,1.057492,-0.672371
22825,-0.776357,0.557082
22826,-1.942140,0.158930
22827,-0.849705,1.516725
22828,1.015721,0.122164
22829,-2.292508,-0.627066
22830,-0.694984,1.909287
22831,1.611350,-0.281097
22832,-0.504392,1.937296
22833,-0.031543,0.338167
22834,0.890609,0.614661
22835,-1.807186,-0.189604
22836,0.643462,1.196970
22837,-1.512705,0.610455
22838,-0.960336,0.598327
22839,-0.534399,0.924027
22840,-1.613023,1.021943
22841,0.302887,2.315378
22842,0.791566,1.049095
22843,-0.290974,4.626085
22844,-1.244447,-0.385056
22845,-1.200971,-0.446621
22846,1.476240,2.117315
22847,0.694908,0.196361
22848,0.533362,1.214996
22849,0.641878,-0.397294
22850,-0.180573,-0.713182
22851,1.472586,-0.347585
22852,1.412643,-0.066181
22853,-1.347773,-0.241298
22854,1.045959,-0.286516
22855,-0.558843,-0.790053
22856,1.009696,1.641663
22857,-0.787434,0.371067
22858,-0.025751,-0.955438
22859,0.123252,-0.227441
22860,1.409947,-0.641142
22861,-0.203464,-0.257727
22862,0.133026,0.254167
22863,-1.489876,0.942749
22864,-2.753718,1.895779
22865,-2.369599,0.916017
22866,-0.386499,0.821237
22867,-4.163788,-0.738919
22868,-1.959898,-0.585164
22869,1.086521,0.102045
22870,0.778562,-0.219320
22871,0.375340,-0.116933
22872,-0.772132,0.343836
22873,-0.498391,0.915882
22874,-0.169070,0.860749
22875,0.687832,-0.953274
22876,-0.620381,0.815731
22877,-1.377723,0.550878
22878,-0.641772,0.761456
22879,0.105478,0.302950
22880,2.304789,-0.171154
22881,0.551796,0.004114
22882,-2.980009,-0.208429
22883,1.582526,-0.376830
22884,-0.983616,-0.491482
22885,-1.242781,-0.141046
22886,-3.379959,2.535356
22887,1.495070,0.021129
22888,-0.769871,0.901046
22889,-1.146569,-1.019273
22890,-0.656665,-0.647002
22891,-1.455245,2.811450
22892,2.143795,-0.576243
22893,0.509813,-0.749887
22894,0.778737,0.029779
22895,-2.394822,1.703639
22896,0.831948,0.117393
22897,-0.085369,0.887035
22898,-0.869053,0.503042
22899,-0.229171,1.617865
22900,-1.020017,0.374001
22901,-1.858984,-0.720117
22902,0.585321,-0.365011
22903,0.014011,0.004394
22904,0.634529,2.775575
22905,0.032094,0.348522
22906,-1.774710,1.713808
22907,-0.559368,0.484719
22908,1.121997,-0.481219
22909,1.600782,-1.919371
22910,0.858366,-0.510206
22911,-1.181678,-0.660131
22912,-2.565540,-0.442850
22913,-1.583548,0.003162
22914,-1.030277,0.400468
22915,-1.454153,1.736817
22916,1.471587,-0.325192
22917,1.238539,-0.482098
22918,2.204176,-0.285159
22919,1.121999,-0.696450
22920,-0.394985,-1.136446
22921,0.071084,-0.141473
22922,2.472143,0.489384
22923,2.729513,-0.303687
22924,2.370736,-0.022715
22925,-0.284360,0.251874
22926,0.139801,-0.680558
22927,-0.171762,-0.003667
22928,0.922518,0.201329
22929,1.834505,-0.071076
22930,2.460929,-0.967416
22931,2.172761,-0.474654
22932,-2.401150,2.570394
22933,1.142985,-0.243592
22934,-0.151673,0.349769
22935,1.008161,-0.076429
22936,1.089489,0.178146
22937,1.480960,0.256628
22938,-0.821497,0.373393
22939,-0.674544,3.351867
22940,0.220336,-0.356453
22941,-0.998498,2.847643
22942,0.816164,1.530773
22943,-0.847556,0.207650
22944,-1.147330,-0.624203
22945,-0.729122,-1.428249
22946,0.665605,-0.599359
22947,1.538989,-0.477063
22948,0.491919,0.423781
22949,-0.506349,0.641226
22950,1.861148,-0.797909
22951,-2.989632,-1.180053
22952,-3.432412,-0.584809
22953,-0.977901,-0.596656
22954,-0.834237,-0.906233
22955,-4.164279,-2.648714
22956,-0.191487,-0.683595
22957,1.836052,-0.083955
22958,-1.091251,0.869065
22959,0.580276,0.099749
22960,-1.802201,-0.192987
22961,2.041496,0.093479
22962,0.465990,-0.027578
22963,-2.611572,0.527348
22964,0.879544,-0.130743
22965,-0.330642,-1.869303
22966,1.609635,-0.432639
22967,-0.117674,1.044496
22968,-2.319929,0.028188
22969,1.663523,-0.532208
22970,-0.480157,-1.381135
22971,-1.456983,0.264397
22972,1.089534,-0.903038
22973,-2.402439,2.940844
22974,0.381952,0.438918
22975,-4.333969,-2.237158
22976,0.474892,-0.303922
22977,1.971977,0.467011
22978,-2.777899,-0.101404
22979,-0.937902,0.130221
22980,-0.987741,1.305378
22981,0.306640,-0.463157
22982,-0.314337,-0.423257
22983,1.998313,-1.361595
22984,-0.805811,-0.794991
22985,1.650090,-0.961216
22986,1.571218,-0.371089
22987,1.010851,0.658260
22988,0.952513,0.558751
22989,0.586525,-1.537124
22990,1.256987,-0.793025
22991,-1.341743,-1.614684
22992,-0.290002,1.809331
22993,-0.560990,0.316901
22994,-0.171695,-0.413761
22995,1.139882,-0.746786
22996,-0.290981,-0.183482
22997,0.546261,0.306863
22998,0.961608,0.780780
22999,-0.349980,-1.933395
23000,2.045965,0.233949
23001,2.382949,-1.236694
23002,2.200840,1.846945
23003,-0.286839,0.157631
23004,-3.123349,-2.016109
23005,-0.606961,-0.147505
23006,-2.353603,-0.857381
23007,1.076813,0.053318
23008,-1.843593,1.217350
23009,-1.509623,-0.408997
23010,0.256934,-1.490653
23011,-0.132164,0.289537
23012,0.699275,-0.075390
23013,0.109323,0.195101
23014,2.225658,-0.739840
23015,0.999118,-0.564155
23016,1.697391,-0.509556
23017,1.748995,-0.346563
23018,2.325959,-0.475930
23019,-1.661618,2.293431
23020,1.430921,0.112404
23021,-1.963514,0.271321
23022,1.388598,0.375864
23023,0.000542,-0.510698
23024,-2.404596,-0.743825
23025,-0.819031,-0.430970
23026,0.510302,5.649503
23027,0.030266,-0.064885
23028,1.425612,-1.189603
23029,0.794900,3.382122
23030,2.031589,-0.732901
23031,1.151928,0.291028
23032,0.616823,-0.218363
23033,0.580672,0.397574
23034,-1.669325,0.865212
23035,0.763683,1.552535
23036,-0.171372,-0.594466
23037,0.655379,-0.519270
23038,0.418715,-0.016933
23039,0.957080,-0.254078
23040,1.340904,-0.457112
23041,0.336973,0.448308
23042,0.790397,-0.479176
23043,1.620174,-0.339594
23044,1.413815,-0.664404
23045,2.091582,-1.027101
23046,1.200501,-0.611277
23047,-0.728013,-0.692558
23048,1.530654,-0.983195
23049,-0.286398,0.787721
23050,0.856032,-0.856265
23051,-1.132084,-0.470111
23052,0.209915,-0.272151
23053,-1.209804,-0.328280
23054,0.452275,1.010609
23055,-0.276725,0.108823
23056,-0.914195,-0.781988
23057,0.802246,-0.917119
23058,0.403222,-0.683571
23059,1.000847,-0.909407
23060,0.125038,0.269109
23061,-0.592948,0.105318
23062,0.821666,-0.825988
23063,1.705538,-0.930354
23064,-0.296303,-0.573100
23065,0.621786,-1.025299
23066,0.937451,-0.786832
23067,1.467252,-0.215248
23068,0.860214,-0.248914
23069,-1.587883,-1.614705
23070,-0.065234,-1.407792
23071,-0.034270,-0.078174
23072,0.337822,0.302843
23073,-0.436161,-1.072429
23074,1.620681,-1.223929
23075,1.945524,-0.632529
23076,2.064044,-1.446451
23077,0.005407,-0.665572
23078,-0.909551,-0.295018
23079,1.956112,0.993238
23080,-0.010641,-0.668551
23081,1.590296,-0.681700
23082,0.745901,0.234691
23083,-0.335681,-1.255498
23084,-1.540695,2.300004
23085,-0.370898,-1.243260
23086,0.184295,-0.304249
23087,-0.538981,-1.101389
23088,-1.438477,-0.029876
23089,1.835172,-0.919702
23090,2.580934,-0.586052
23091,0.045170,0.092134
23092,0.466160,-0.049526
23093,1.183873,-0.610736
23094,1.764193,-1.372700
23095,-0.633198,-0.735037
23096,0.080850,-1.461718
23097,0.180113,1.548981
23098,-1.767526,-1.645705
23099,-0.960336,-1.280813
23100,-0.622013,-0.304416
23101,1.650797,-0.996202
23102,1.143997,0.878994
23103,0.101559,0.340909
23104,-1.392229,3.650416
23105,-0.186354,-0.351318
23106,1.469194,-0.329676
23107,1.343553,-0.607827
23108,1.896456,-0.051055
23109,-2.109515,0.474663
23110,-0.415346,0.024170
23111,0.726642,-0.918930
23112,1.844123,-0.815695
23113,0.793726,-0.415661
23114,0.222024,-0.902825
23115,-1.137847,1.421145
23116,-0.799528,-1.605545
23117,0.331390,1.384925
23118,1.104163,-1.029814
23119,0.351462,-0.364516
23120,0.051655,0.638170
23121,-0.353011,0.513612
23122,-0.826677,0.812365
23123,2.105036,-1.232784
23124,-0.751632,3.003296
23125,-1.323107,1.912246
23126,0.507903,0.602844
23127,-0.784981,-0.732489
23128,-0.106507,-1.161864
23129,-1.974382,-1.575826
23130,-0.428983,0.615166
23131,0.929843,-0.988456
23132,0.594597,-1.209269
23133,0.723393,-1.767268
23134,-1.235358,-2.143667
23135,-0.889381,-1.439837
23136,1.076097,-0.941273
23137,-1.470929,-2.635485
23138,-2.176713,-2.563091
23139,2.176382,-0.665941
23140,2.869251,-0.824432
23141,1.112549,-0.386831
23142,0.561879,1.593786
23143,-0.494045,-1.805033
23144,0.127542,2.469384
23145,0.609569,1.298542
23146,1.911682,0.755917
23147,0.032977,-0.225647
23148,2.356431,1.431433
23149,1.864251,-0.199664
23150,2.103292,0.716011
23151,-0.701957,0.600583
23152,1.707900,0.364359
23153,0.941719,-0.229173
23154,0.922229,0.140007
23155,1.290075,0.856258
23156,1.352205,1.282205
23157,0.421313,3.577108
23158,-0.141736,0.400105
23159,1.343627,1.409689
23160,2.533174,0.922596
23161,1.476973,-0.238339
23162,2.149373,1.163992
23163,0.369690,2.422330
23164,-0.868994,-0.717203
23165,0.148599,-1.732708
23166,1.925004,1.807057
23167,0.303441,0.526702
23168,2.741901,0.595299
23169,-2.971575,-0.477733
23170,2.064586,-0.057039
23171,1.143591,-1.235257
23172,-0.924080,3.649346
23173,0.195373,0.256204
23174,-1.471021,-0.968471
23175,0.219055,1.417496
23176,-0.594628,0.460627
23177,0.562774,-0.948172
23178,-1.092850,1.566179
23179,-1.509939,1.478027
23180,-1.131979,0.406762
23181,1.599494,-0.700108
23182,0.325465,0.769220
23183,0.131189,1.634405
23184,-1.153327,-0.093343
23185,0.521486,-0.784730
23186,1.732673,-0.709963
23187,-1.442130,0.487528
23188,-1.525938,0.643306
23189,1.064429,1.744726
23190,0.827157,0.025146
23191,1.201642,0.850988
23192,1.551925,1.032183
23193,0.729867,0.513892
23194,0.666617,2.890559
23195,0.587032,0.746345
23196,0.484843,0.392563
23197,2.611750,-0.273684
23198,0.797178,-0.997443
23199,0.753886,-0.739385
23200,1.724412,1.221924
23201,1.420346,-0.292540
23202,0.241572,1.301237
23203,0.376353,0.953054
23204,-0.708363,1.889050
23205,1.413893,1.242587
23206,1.958189,1.091613
23207,0.670200,2.011740
23208,1.021305,2.566733
23209,1.044944,-0.252195
23210,1.854128,0.523140
23211,2.306118,0.420027
23212,0.982301,0.968807
23213,1.716287,0.510202
23214,-0.266352,0.155972
23215,-1.434136,-0.634528
23216,1.509881,0.065744
23217,-0.802908,1.105106
23218,-0.654730,2.008955
23219,1.826839,-0.008450
23220,0.087566,1.728717
23221,0.936460,-0.442924
23222,1.299793,-0.711052
23223,2.075954,0.915895
23224,-0.000633,-0.467318
23225,1.638241,0.211391
23226,-0.856770,1.124322
23227,1.344278,0.385637
23228,-0.417353,2.153539
23229,-0.332318,0.098640
23230,1.423649,0.686206
23231,-0.276780,1.481798
23232,0.816241,1.152103
23233,-1.090157,1.106431
23234,-0.837660,1.999834
23235,0.758950,4.038075
23236,-0.597731,2.042074
23237,-1.383472,1.474246
23238,-1.938538,-0.126540
23239,-0.151646,2.768552
23240,-1.043578,-0.204687
23241,-2.443973,0.208705
23242,-0.344485,-0.199313
23243,-2.523370,1.319119
23244,0.913529,-1.319098
23245,0.414945,-0.672603
23246,-0.676054,-0.717503
23247,0.175158,1.307815
23248,-0.297266,-1.239278
23249,-1.376751,0.549089
23250,1.371729,0.386657
23251,-0.577914,0.196869
23252,-2.329974,0.185615
23253,-3.274952,-0.878552
23254,-0.664466,1.791610
23255,-0.817204,1.649448
23256,-1.940396,-0.654183
23257,-1.506966,1.741898
23258,-0.583597,-0.785958
23259,-0.779722,0.163903
23260,-0.506010,0.868032
23261,1.131061,1.376478
23262,1.099295,-0.570709
23263,0.305016,-0.258629
23264,-0.934366,2.900617
23265,-0.586140,1.494176
23266,0.527371,0.644860
23267,-0.506740,0.210514
23268,-0.301252,-0.232226
23269,-0.425013,-1.412716
23270,0.604758,-0.694911
23271,1.509319,-0.288148
23272,-0.168958,0.809841
23273,-3.150839,-2.205159
23274,-2.450651,-0.426116
23275,0.053709,1.624448
23276,-2.499894,0.846193
23277,-0.626776,0.268895
23278,0.970563,0.012280
23279,1.413142,0.061795
23280,2.277000,-1.091125
23281,-0.038414,-0.303162
23282,0.979629,-0.305576
23283,1.653859,-0.614669
23284,1.181663,-0.654478
23285,1.113104,-0.454143
23286,-0.768674,-0.951894
23287,-0.086574,-0.502744
23288,-0.910428,0.082949
23289,1.238816,0.122009
23290,0.304839,-0.629531
23291,-0.400172,-1.336531
23292,0.414777,-0.439494
23293,0.262549,0.152171
23294,0.997982,-0.078479
23295,-0.086235,-0.279519
23296,1.000784,0.080403
23297,-0.158867,-1.074714
23298,-0.446945,-0.670332
23299,1.665843,0.398307
23300,1.112045,-0.334535
23301,0.282424,-1.131964
23302,0.314559,-1.433307
23303,-0.586703,-0.529381
23304,-1.754982,-2.426155
23305,0.153445,-1.199746
23306,1.674695,-0.874680
23307,-0.472784,-1.854113
23308,-0.303845,-0.184956
23309,-1.094881,0.520923
23310,-1.071339,1.291726
23311,1.394000,-0.926838
23312,0.648928,0.672883
23313,-0.076696,0.147957
23314,1.601962,0.702949
23315,-0.617826,2.487935
23316,-0.407517,-1.516440
23317,1.989507,-0.138309
23318,1.215494,-0.163556
23319,1.258317,-1.190476
23320,1.702312,-0.155805
23321,2.393994,-0.294283
23322,1.696958,-1.079809
23323,2.515842,-0.645401
23324,2.029034,0.329532
23325,0.845926,-0.681831
23326,-0.614387,1.907988
23327,1.698666,-1.137086
23328,-0.414431,-0.747293
23329,0.986217,0.845641
23330,0.251999,1.935482
23331,-0.132609,0.360556
23332,2.037540,0.125283
23333,-0.230217,-0.135739
23334,-0.125949,2.198909
23335,0.185344,-1.728676
23336,-2.355164,-1.812285
23337,-0.432145,-0.656720
23338,0.273751,0.633580
23339,-1.558857,-0.175469
23340,0.153614,0.726932
23341,0.199306,-0.062088
23342,0.643130,-1.608142
23343,-0.850910,0.680640
23344,0.499116,-0.663730
23345,0.154849,-0.845320
23346,0.828280,-0.431407
23347,-1.123487,0.677234
23348,2.102259,-1.063875
23349,-0.631279,-0.584812
23350,2.724436,0.046328
23351,0.050998,-0.683491
23352,1.556770,-0.686244
23353,0.836193,-1.171737
23354,-0.178452,-1.122029
23355,1.243056,0.018684
23356,-1.109697,-0.125074
23357,-0.944420,0.506445
23358,-2.722586,-0.557392
23359,-2.383005,-1.767943
23360,-3.292091,-1.571335
23361,0.301142,-1.012984
23362,1.877039,-0.385697
23363,-0.374690,-0.539444
23364,-0.460179,1.387126
23365,0.891244,0.370857
23366,0.516451,-0.895985
23367,-0.146971,-1.318110
23368,-0.848839,-1.668006
23369,0.666449,-0.589581
23370,-0.154620,-0.662111
23371,-0.159148,-0.809052
23372,0.772208,-1.434476
23373,0.680097,-0.540313
23374,0.462938,-0.963634
23375,1.240688,-0.672220
23376,1.589329,-0.425470
23377,1.234560,-0.303143
23378,-0.921368,-1.572923
23379,-0.096071,-1.549031
23380,1.331824,0.323575
23381,1.361907,-1.301960
23382,1.009591,-0.947941
23383,-0.775761,1.669284
23384,0.555169,-1.299911
23385,0.264690,-0.920970
23386,-0.466023,-1.672000
23387,-0.676695,-0.925494
23388,-1.938736,-1.178614
23389,0.417366,-1.756588
23390,0.090687,-1.901991
23391,2.105815,-1.353887
23392,1.321385,-1.728257
23393,1.030432,-0.782712
23394,1.144055,-0.035821
23395,1.430386,-0.625274
23396,1.752125,-1.204679
23397,1.526356,-1.225149
23398,1.040221,-1.412294
23399,1.769554,-0.869171
23400,-0.140842,-1.443443
23401,1.391051,-1.693387
23402,0.628646,0.009143
23403,-0.961155,-0.708659
23404,-0.803016,0.982402
23405,0.693219,-1.307014
23406,-1.854403,-0.991425
23407,1.403418,0.013158
23408,-1.749316,-0.962271
23409,-2.585369,-2.147492
23410,-1.950962,-0.418536
23411,-2.609298,-1.231944
23412,0.593249,-0.134322
23413,-1.755044,-1.356502
23414,-1.374397,0.046284
23415,0.479406,0.650547
23416,1.344777,-0.811170
23417,0.411407,-1.144511
23418,0.531226,-0.559642
23419,-1.902601,0.526138
23420,-0.018083,-0.310084
23421,1.690271,-0.275064
23422,-1.942156,0.608728
23423,0.028242,-0.341169
23424,1.088094,1.232527
23425,-1.850576,-0.078540
23426,1.353355,0.195349
23427,-0.870863,-0.554013
23428,0.969480,-1.042191
23429,-1.275815,0.726840
23430,-1.978211,0.382167
23431,-0.320429,3.291334
23432,-0.954982,0.665018
23433,-2.134730,0.516716
23434,-0.035925,0.897672
23435,-0.888844,-1.557364
23436,-0.596184,0.917272
23437,0.622720,-0.283355
23438,-1.898995,0.278412
23439,0.187029,1.754115
23440,-1.257166,3.469818
23441,-2.708137,-1.653726
23442,1.529860,-0.604142
23443,0.889778,-0.646274
23444,0.697416,1.458200
23445,-2.434791,-1.289272
23446,-1.131678,0.561438
23447,-0.844699,-0.315383
23448,1.181156,-0.642679
23449,1.872396,-0.445836
23450,0.991509,0.010738
23451,0.947415,-0.888901
23452,1.523907,0.171702
23453,0.559151,-0.001975
23454,-1.123748,-1.427293
23455,-1.033365,1.287946
23456,-1.228184,0.451674
23457,1.640802,-0.739735
23458,-2.106140,-2.028968
23459,1.224089,-0.731438
23460,-0.197605,-1.406355
23461,0.294148,-1.043893
23462,-0.342074,0.038400
23463,-0.996643,-0.208548
23464,0.280983,-1.300104
23465,0.382746,-0.577516
23466,-1.633946,-1.167592
23467,-0.271870,-0.097312
23468,0.615459,-0.981263
23469,-1.897356,0.850578
23470,-0.135854,0.056159
23471,1.189604,-1.147413
23472,-1.252116,0.222234
23473,-1.151075,0.402009
23474,-0.868217,-0.168865
23475,0.411568,-1.323476
23476,-1.842201,-0.814058
23477,0.704516,-1.641735
23478,0.775940,-0.445255
23479,0.816735,-0.741230
23480,-1.835679,-1.442267
23481,0.618228,-0.317331
23482,-1.601626,-0.897503
23483,-0.592983,-1.748487
23484,-0.569071,-0.266658
23485,1.082334,-1.183272
23486,-1.092091,-1.503729
23487,0.975269,-1.414336
23488,-0.899542,-0.361934
23489,-2.223669,1.185718
23490,1.114531,-1.152819
23491,-0.619872,-0.257775
23492,0.462227,-0.207555
23493,-0.771878,-0.953800
23494,-0.485497,0.272634
23495,-2.609516,-1.684803
23496,3.051158,-1.108347
23497,-1.592027,0.426417
23498,2.220669,-1.514607
23499,-2.020117,-0.737671
23500,-4.207713,-2.149288
23501,0.026629,-0.822087
23502,-0.255339,-0.557629
23503,-0.814949,-0.725392
23504,-0.195478,-0.518048
23505,-1.224885,-0.783172
23506,-0.226428,-1.288988
23507,1.568058,-0.253399
23508,-1.904811,4.153581
23509,0.556552,-0.334607
23510,0.230096,-0.663909
23511,1.992709,-0.781457
23512,-1.330779,-0.519325
23513,-3.056277,-1.722461
23514,0.026891,-0.686870
23515,-1.290606,0.282744
23516,0.599140,0.144387
23517,0.895455,-0.387831
23518,-3.024207,-1.555103
23519,-0.414449,0.565378
23520,-2.246103,0.043081
23521,-0.650608,-1.609225
23522,0.306341,-1.283854
23523,2.640462,-1.282960
23524,-3.114773,0.777867
23525,-1.140391,-2.174225
23526,1.776224,-1.168509
23527,-0.658027,0.342036
23528,-2.130978,0.228015
23529,0.088615,-0.654579
23530,0.605030,1.753279
23531,-2.586911,-0.811016
23532,2.009257,-0.819491
23533,-0.838574,3.528991
23534,-0.424477,-0.099862
23535,0.213494,-0.356749
23536,0.264962,0.184233
23537,0.561305,0.056110
23538,-0.991976,1.476354
23539,1.366427,-0.632874
23540,-1.181157,0.792256
23541,-0.423823,-0.173276
23542,1.252289,-0.020301
23543,-1.447682,-0.718396
23544,-0.925853,0.419736
23545,-0.708280,-0.270733
23546,-0.043259,-0.765160
23547,0.377825,0.130246
23548,0.833470,-0.692598
23549,-0.954463,-1.211371
23550,1.685737,-0.484072
23551,0.086322,0.106902
23552,-1.877075,-0.942973
23553,0.143895,0.585006
23554,-1.410328,1.174229
23555,-0.596380,-0.850137
23556,-1.106716,1.593083
23557,0.554144,0.433388
23558,-0.279539,0.552004
23559,-0.016934,-0.399354
23560,-0.006848,-0.056905
23561,1.425712,-0.506789
23562,1.258905,-0.796787
23563,-0.519061,0.045076
23564,1.635866,-0.302323
23565,-3.237045,-1.236767
23566,-1.439485,-1.318196
23567,0.961223,-0.630530
23568,0.395922,-0.344061
23569,-0.242651,-0.591944
23570,-1.370322,0.052275
23571,0.697922,1.333642
23572,0.159415,-0.593420
23573,-0.001092,2.018663
23574,0.332495,1.010707
23575,-0.743710,0.941344
23576,0.453275,0.747774
23577,0.601770,-1.960959
23578,1.546086,0.590878
23579,-0.732706,-0.997459
23580,0.106092,-0.061952
23581,-0.413527,-0.726001
23582,-1.061078,-1.202968
23583,1.042168,-0.879746
23584,-0.927218,-0.497874
23585,-0.100080,-0.359188
23586,-1.689193,-2.078416
23587,0.403658,0.209713
23588,-1.168666,0.688244
23589,0.647535,-0.845508
23590,-1.025235,0.366490
23591,-0.887151,-0.206934
23592,-1.032964,-0.790980
23593,-0.838306,-0.695093
23594,0.143042,-0.748595
23595,0.448653,-0.271675
23596,-0.400317,0.555669
23597,-0.111872,-0.144985
23598,1.384689,-0.905717
23599,0.003302,-0.798788
23600,0.965606,-1.134821
23601,0.201414,0.660414
23602,-0.034477,-0.750471
23603,-0.935552,-1.057315
23604,-0.599985,-0.163527
23605,-1.222342,-0.545014
23606,-0.565462,0.114752
23607,-0.534463,-0.124768
23608,0.605424,-0.442934
23609,0.886899,-1.120324
23610,-0.674688,0.409585
23611,1.099298,0.073672
23612,1.092578,-0.603115
23613,0.345749,-0.463842
23614,0.388232,-0.023386
23615,-0.417433,0.197104
23616,0.273859,0.144731
23617,1.325755,-0.262468
23618,0.022402,-0.762148
23619,1.092397,-0.268036
23620,-0.051181,0.741186
23621,1.774492,-0.196771
23622,0.907422,-0.125454
23623,-1.305109,-0.629768
23624,-0.417041,-0.060355
23625,-0.300718,-1.311131
23626,-1.308333,0.132283
23627,-1.628236,0.280455
23628,0.081904,-0.242318
23629,-1.687090,-0.012495
23630,-0.781730,-0.733536
23631,0.421432,-0.045119
23632,1.259817,-0.542892
23633,-1.411596,0.319565
23634,-1.071005,0.281944
23635,-0.678617,0.648539
23636,0.517250,-0.472670
23637,-1.262710,0.203416
23638,0.156526,0.810893
23639,0.413234,-0.039970
23640,1.336305,-0.440743
23641,-0.836908,-0.426657
23642,0.287358,0.109139
23643,-1.191164,0.153963
23644,-2.256203,-0.093431
23645,0.944472,-0.231025
23646,0.112144,-0.653568
23647,1.212080,-1.049096
23648,0.132678,-0.325917
23649,-0.081993,-0.774649
23650,0.858211,-0.637796
23651,0.790173,0.421105
23652,0.884831,0.089696
23653,1.614741,-0.103607
23654,0.283819,-0.693586
23655,-2.231239,0.303939
23656,-0.841980,0.373255
23657,-1.002442,-1.220680
23658,-1.639473,0.604337
23659,-0.349596,-0.476824
23660,-0.639152,-0.120462
23661,1.888123,-0.974776
23662,-0.050373,1.297376
23663,-0.182659,1.553866
23664,-0.135418,2.408259
23665,-0.422897,0.993642
23666,0.386370,-0.039390
23667,-1.905051,0.537690
23668,0.161695,-0.809137
23669,-1.779426,1.399176
23670,0.380714,2.902844
23671,-2.156660,1.699423
23672,0.575840,1.672621
23673,-1.242860,1.196605
23674,-1.489052,0.583644
23675,-0.950184,-0.187026
23676,1.271472,-0.445539
23677,-0.396115,-1.615938
23678,-1.644728,0.594663
23679,-2.100256,0.824945
23680,1.260651,1.464645
23681,0.856712,-0.072979
23682,-1.499533,0.757085
23683,1.608431,0.083077
23684,-1.034984,-0.194354
23685,0.116198,-0.271937
23686,-2.028349,0.379731
23687,-0.820298,1.609403
23688,-1.551942,0.336467
23689,-0.219079,-1.047207
23690,-0.610645,0.372784
23691,-1.227074,-0.177618
23692,-1.728966,1.026601
23693,-0.278323,-0.038930
23694,1.685504,-0.462859
23695,1.480818,-0.444030
23696,1.826555,-0.744303
23697,0.929310,-0.740763
23698,1.424432,-0.642881
23699,-2.035170,0.992732
23700,-0.841498,1.678681
23701,-0.298401,0.954183
23702,-1.739191,1.740073
23703,1.145994,-0.014421
23704,-0.451549,2.240906
23705,-0.542253,-0.611246
23706,-0.917172,-0.634207
23707,0.695768,-0.472916
23708,-1.496640,0.188505
23709,-1.312380,-0.444344
23710,-1.677944,-0.876761
23711,-2.843484,2.207839
23712,1.342594,-0.887165
23713,-0.062911,0.153137
23714,0.573284,-0.867557
23715,-0.974654,0.073042
23716,0.113564,-0.709190
23717,-2.400499,-0.321085
23718,-0.268496,0.524171
23719,1.635477,0.484660
23720,0.752062,-0.439279
23721,-2.990834,-1.605305
23722,-1.596170,-0.129417
23723,1.138444,1.083481
23724,-1.627343,0.250518
23725,0.739311,-0.043346
23726,0.614939,-0.565863
23727,0.693627,0.447153
23728,-0.367527,-0.524635
23729,-0.354394,0.995725
23730,1.294459,-0.440002
23731,-0.092845,0.192502
23732,0.652908,-0.602610
23733,-0.513165,0.146881
23734,0.608429,-1.247643
23735,0.507948,-0.033306
23736,-1.169061,-1.777912
23737,-2.089090,-0.675776
23738,-0.704219,-2.047418
23739,3.365514,-1.080114
23740,-2.294534,1.623753
23741,-1.233432,2.010969
23742,1.048629,-0.257675
23743,-1.615666,-1.350972
23744,-0.926499,-1.358827
23745,0.737876,-0.960146
23746,0.944753,-1.194700
23747,1.002099,-0.815387
23748,-0.788802,-1.115390
23749,1.762970,-1.141970
23750,-0.132446,-1.038223
23751,-1.247238,-1.907557
23752,-2.967420,-0.984655
23753,-1.131087,-1.213865
23754,-2.375028,-1.855463
23755,-0.415522,-2.505307
23756,-3.035208,-1.441074
23757,-0.891764,-1.125267
23758,-2.116754,0.877605
23759,0.520233,-0.149830
23760,0.881946,0.284316
23761,-1.056411,-1.016735
23762,0.088183,-0.328776
23763,-1.222656,0.156059
23764,-2.030048,-0.380197
23765,-0.334642,2.749489
23766,-0.667575,-1.134432
23767,0.629310,1.585505
23768,-0.397824,-2.062278
23769,0.242220,-0.231066
23770,-1.074996,-1.209990
23771,-1.273780,-0.499654
23772,0.474574,-0.268583
23773,1.440929,-0.436989
23774,-0.316817,1.389289
23775,1.619874,-0.229361
23776,-0.182478,1.471987
23777,0.695808,-1.530161
23778,1.409629,-0.949497
23779,-0.515330,-1.465957
23780,-0.616938,2.885947
23781,-0.171618,0.707740
23782,-0.332618,0.980343
23783,-0.340846,0.208716
23784,-0.408317,0.358599
23785,-1.444580,1.565728
23786,-0.352660,2.978434
23787,-0.718779,1.146000
23788,0.926521,2.466400
23789,-2.120987,-0.605508
23790,-1.460914,-1.419410
23791,1.477391,-0.678708
23792,0.020993,0.256104
23793,0.489564,0.053301
23794,-0.458396,0.660729
23795,-1.001218,0.704146
23796,-0.613273,-0.821247
23797,0.751712,0.675445
23798,-0.419762,-0.606367
23799,0.887919,-0.233115
23800,1.141210,-0.154725
23801,0.089425,1.473243
23802,-1.642805,2.562895
23803,0.249424,0.475728
23804,-0.922465,2.174961
23805,-0.675661,1.711929
23806,-0.811015,0.997446
23807,-1.757198,0.340964
23808,-0.481126,2.992442
23809,-1.494092,-0.874220
23810,0.819542,0.121238
23811,-0.092156,0.454688
23812,1.397717,-0.129861
23813,-0.432281,1.030045
23814,0.528478,-0.009980
23815,-0.925587,1.318318
23816,-1.495254,1.680877
23817,-0.133366,2.059703
23818,-2.081192,1.026165
23819,-2.758340,1.076379
23820,1.434355,0.840779
23821,0.188256,0.700149
23822,-0.919329,1.111989
23823,-0.117852,0.637845
23824,-3.405889,-0.606588
23825,0.405764,-0.650950
23826,0.337837,0.022744
23827,-0.485124,-1.902772
23828,-0.235810,-0.944565
23829,-1.939408,-1.812090
23830,-0.635037,1.018075
23831,-2.445031,-2.173431
23832,-0.612789,-1.920575
23833,0.930884,0.911771
23834,-0.587020,1.185949
23835,-3.386888,2.391472
23836,-1.222095,2.496774
23837,-0.188980,0.262116
23838,-0.128786,0.112230
23839,1.189148,-0.277236
23840,1.110908,-0.121449
23841,-1.823888,-0.636713
23842,-0.619086,-0.681431
23843,-0.339267,2.143756
23844,1.149782,0.288220
23845,0.272061,1.162563
23846,-1.703593,-2.378665
23847,0.111871,-0.920434
23848,-2.149463,-2.008267
23849,-2.866891,-1.268043
23850,1.252558,-0.494643
23851,-0.622928,-0.347523
23852,-1.354217,5.001067
23853,1.207959,4.135986
23854,0.291802,-0.563281
23855,-1.720538,0.116026
23856,-0.272372,0.774641
23857,0.671723,0.250562
23858,-0.678582,0.091636
23859,-1.049115,3.701493
23860,0.137057,-0.185602
23861,-2.071617,1.009859
23862,0.599033,-0.033639
23863,0.700883,0.186081
23864,-1.146265,-0.648279
23865,0.954704,0.170294
23866,1.180938,-0.278000
23867,0.369192,0.265191
23868,0.448514,0.633049
23869,1.780571,-0.542891
23870,0.941613,-1.194424
23871,1.774473,-0.106688
23872,0.919301,-1.194200
23873,-1.337404,-0.194776
23874,0.797325,1.093655
23875,-2.119412,-1.457092
23876,-2.923996,-2.606834
23877,-2.398360,-0.565705
23878,-1.278137,-0.816888
23879,-3.559619,-1.374563
23880,0.966160,-1.101187
23881,1.278183,-0.155058
23882,-1.223711,0.833416
23883,-2.115127,-0.493010
23884,1.947549,-1.791301
23885,1.319265,-0.842657
23886,-1.170825,3.077965
23887,0.044771,-0.585860
23888,1.944572,-1.412857
23889,1.736321,-0.357208
23890,1.343337,-2.092338
23891,1.743458,-1.633332
23892,2.904102,-0.966661
23893,-0.987417,-1.536116
23894,-0.553580,0.384955
23895,0.676359,1.254157
23896,0.325119,0.398067
23897,-4.340312,-0.987461
23898,1.033048,-1.510775
23899,-0.457450,-0.123059
23900,-0.937509,3.013718
23901,-0.194646,1.481555
23902,0.688305,1.796366
23903,1.649960,-0.227118
23904,0.558011,0.752373
23905,1.385114,0.323165
23906,2.036052,-0.106540
23907,0.716572,0.365513
23908,-0.461100,0.339442
23909,-1.509556,0.732570
23910,-0.996591,0.384236
23911,1.305274,-0.334057
23912,0.989871,-0.646664
23913,0.562074,-0.050978
23914,1.574644,0.015347
23915,1.431739,-0.359740
23916,1.791120,-0.088121
23917,0.328095,1.587103
23918,-0.098332,1.468106
23919,0.385581,0.268495
23920,-1.325531,0.656211
23921,0.736451,0.923954
23922,-1.027279,0.245674
23923,-1.151629,2.774728
23924,-0.203835,0.408891
23925,1.563512,2.079009
23926,0.881208,-0.049823
23927,-0.065352,0.032503
23928,-0.734829,2.139376
23929,1.561036,-0.993872
23930,-2.132563,0.987075
23931,0.595432,0.576022
23932,0.123237,1.692902
23933,1.074969,0.020829
23934,1.461690,-0.141317
23935,-1.253568,1.579866
23936,0.943256,-0.367270
23937,-0.375979,1.495443
23938,-0.174834,-0.767698
23939,1.288244,0.211035
23940,1.175792,-1.238879
23941,1.025297,1.020325
23942,1.603378,-1.171788
23943,-2.610663,1.202401
23944,1.620844,-0.877957
23945,0.603880,0.565299
23946,-0.312142,0.175433
23947,0.891072,-0.249277
23948,-0.376753,0.932783
23949,-0.627803,1.564748
23950,2.347546,-0.118017
23951,1.378727,-0.307689
23952,1.305691,-0.596236
23953,0.581275,-0.217361
23954,-2.159476,0.538389
23955,0.519488,-0.178809
23956,-0.765045,1.380938
23957,-0.332209,0.698348
23958,0.085107,-0.593495
23959,1.465991,1.818090
23960,-0.932866,1.153507
23961,-0.608372,0.137569
23962,-0.495148,1.520581
23963,-0.268266,-0.590742
23964,1.810137,-0.335046
23965,0.997439,-0.966975
23966,0.986380,-0.848713
23967,0.458864,0.840625
23968,1.021817,-0.644324
23969,2.342282,-1.095679
23970,0.970139,-0.314866
23971,-1.090334,-1.040186
23972,1.615001,0.140903
23973,1.457210,-0.642087
23974,-2.862355,-3.026965
23975,0.172099,-0.521226
23976,0.575198,-0.618694
23977,0.413798,-0.149323
23978,0.707799,-0.886785
23979,0.394125,-0.613652
23980,0.359164,-0.069587
23981,0.451697,-0.769119
23982,0.039576,0.689640
23983,0.581337,-0.614484
23984,0.213687,-0.510001
23985,0.301319,-0.943979
23986,1.374478,-0.324921
23987,-1.130683,-0.711159
23988,-1.092752,0.782693
23989,0.594597,-0.827290
23990,0.484310,-1.001068
23991,0.246054,-1.537391
23992,-1.550137,-1.481944
23993,-1.209885,-1.186974
23994,1.281769,-0.403555
23995,-2.075205,1.398245
23996,1.492330,-0.385596
23997,0.990349,-0.166959
23998,-0.131075,-0.492536
23999,1.690472,-0.518986
24000,-0.886089,0.583302
24001,0.145257,-1.007298
24002,0.460671,-0.307934
24003,-2.408932,-1.328214
24004,0.357886,-0.097761
24005,-1.312026,-0.234665
24006,-1.639093,-1.359546
24007,0.364651,-0.975859
24008,1.078609,-0.116637
24009,1.051641,0.059394
24010,-0.383848,1.313947
24011,0.620400,1.552247
24012,2.186293,1.340815
24013,0.028353,1.683419
24014,1.772571,1.395975
24015,2.742678,-0.372082
24016,0.445775,-0.672521
24017,0.358830,1.529269
24018,0.709947,0.400215
24019,1.073607,3.026837
24020,0.579802,1.373171
24021,0.907369,1.674260
24022,1.011588,1.060838
24023,-0.697108,1.482329
24024,-0.227845,1.697929
24025,0.933614,2.950557
24026,0.623745,-0.072033
24027,-0.148794,1.430286
24028,-1.671307,1.898928
24029,0.282119,-0.125103
24030,-0.351267,1.405270
24031,-1.822194,-0.692841
24032,-0.491833,1.511975
24033,-0.561477,0.744760
24034,-0.408598,3.097934
24035,0.667993,4.109551
24036,1.465115,2.959506
24037,1.287763,1.298387
24038,1.215210,0.404663
24039,1.734216,3.088429
24040,1.372183,-0.437592
24041,1.073681,0.285656
24042,-0.178532,-1.175962
24043,-0.462533,-0.861410
24044,-1.247318,-0.050870
24045,-0.108354,2.125762
24046,1.226630,0.895534
24047,-0.917775,2.587815
24048,1.752555,-0.041140
24049,-2.424581,0.764784
24050,-0.577865,1.807815
24051,2.337026,0.152389
24052,-2.051987,0.483731
24053,0.639734,1.699279
24054,1.651422,-0.690964
24055,0.872794,3.982515
24056,3.298181,-1.002708
24057,1.262961,0.441173
24058,-0.784798,-0.911581
24059,1.801295,0.209850
24060,1.401891,0.023179
24061,0.679036,-0.250435
24062,2.478931,-0.021825
24063,-0.157249,0.188997
24064,1.081290,-0.851143
24065,0.536157,-0.503385
24066,0.425770,1.722722
24067,1.382012,0.429284
24068,0.352121,2.832086
24069,-2.409542,0.635960
24070,-1.793164,-0.223713
24071,1.468206,1.214818
24072,0.569371,2.129113
24073,-0.483166,1.414956
24074,0.027814,1.790835
24075,-0.823212,-1.165676
24076,1.214806,1.001430
24077,0.928074,2.286617
24078,0.606600,-0.020729
24079,-1.517363,0.457568
24080,0.499828,2.373093
24081,0.508277,2.605411
24082,2.461221,0.077869
24083,1.544190,0.992874
24084,-1.028098,1.254959
24085,0.476570,0.828149
24086,-1.244732,0.063554
24087,0.817966,4.705452
24088,-1.897211,1.760862
24089,0.563839,1.604490
24090,1.042405,3.423518
24091,1.279239,0.119771
24092,-0.067025,0.497320
24093,1.187983,1.186151
24094,-0.338797,-0.142561
24095,-1.011617,-0.003278
24096,-0.109185,1.447887
24097,0.284708,-0.199470
24098,0.550661,-1.811268
24099,-0.158736,1.201152
24100,0.871972,0.415242
24101,-0.738307,1.010428
24102,0.751536,1.576733
24103,1.198552,4.578391
24104,0.595144,3.728774
24105,-1.072669,1.682272
24106,-0.753432,2.724112
24107,-0.685799,2.838702
24108,0.917887,3.740073
24109,1.751482,-0.143950
24110,1.196446,0.616557
24111,-0.631659,1.654601
24112,-0.557006,0.909018
24113,-0.028246,0.923061
24114,0.809449,1.053824
24115,0.377584,-0.543254
24116,0.106307,0.905478
24117,1.115196,-0.373763
24118,-0.211340,-0.057335
24119,-1.669810,-1.518227
24120,-3.188531,-1.674946
24121,0.233528,1.317526
24122,1.396447,0.970151
24123,1.388190,1.007404
24124,-0.185902,2.539088
24125,0.390545,0.883793
24126,1.619371,0.591401
24127,3.319705,-0.944181
24128,2.902401,-0.857293
24129,-3.072413,-0.804570
24130,0.741333,1.678077
24131,1.144570,1.605981
24132,-0.499824,1.904119
24133,-1.704453,-2.621953
24134,2.097246,-0.237131
24135,1.168478,0.050447
24136,0.752486,4.051268
24137,0.074317,2.738146
24138,1.157558,2.063891
24139,-1.728457,1.154506
24140,2.630210,-0.257949
24141,1.732134,0.724798
24142,0.846844,-0.040442
24143,0.393906,0.174972
24144,0.412898,1.756022
24145,0.976939,1.067584
24146,0.840303,-0.854305
24147,0.712896,0.187242
24148,-2.940860,-0.775083
24149,0.240880,1.569254
24150,-1.308657,-0.547367
24151,-1.516736,1.555638
24152,0.954257,-0.178504
24153,-1.491584,2.939049
24154,0.948719,3.037749
24155,0.824624,1.813742
24156,-0.468603,2.417495
24157,-1.476932,0.434557
24158,0.864804,4.429554
24159,0.555423,3.185006
24160,0.223633,2.773506
24161,1.627477,0.205217
24162,-1.844559,1.625424
24163,-0.034526,-0.235523
24164,0.796496,1.351518
24165,-1.325004,-0.838944
24166,-0.632550,0.881181
24167,1.225054,1.894233
24168,2.014138,0.933185
24169,1.296078,1.545469
24170,0.897200,1.159198
24171,2.012096,0.537564
24172,1.535852,0.461162
24173,1.453795,-0.243354
24174,0.589695,-0.243548
24175,-2.793115,0.234229
24176,-0.377785,0.462215
24177,0.152041,0.960313
24178,-0.535202,2.798068
24179,0.590428,0.604761
24180,1.513590,-0.091383
24181,1.413952,-0.407062
24182,1.026990,-0.454816
24183,-0.144041,-0.469226
24184,0.140934,1.874025
24185,-1.090163,-0.000198
24186,2.101563,-0.613518
24187,1.017235,-0.800129
24188,-3.087313,-0.012391
24189,0.205956,-0.142924
24190,0.418279,-0.227433
24191,-2.142842,2.617304
24192,-0.704439,0.218966
24193,-1.379753,0.442556
24194,1.399039,1.386221
24195,0.517188,3.764008
24196,0.164147,0.990662
24197,-1.466669,0.660948
24198,0.447377,0.333722
24199,1.218226,3.407578
24200,2.657035,0.638680
24201,0.211762,2.837158
24202,0.364546,0.525880
24203,1.317549,0.743489
24204,0.301685,1.996679
24205,1.717271,0.749788
24206,-0.232016,1.107915
24207,2.222652,1.410708
24208,2.370346,0.187992
24209,2.141865,0.842684
24210,2.358726,0.180295
24211,-0.667943,2.599363
24212,0.358342,1.193534
24213,1.568413,3.053598
24214,-1.820260,1.150486
24215,1.822892,2.303279
24216,1.570210,3.054432
24217,1.023470,3.755629
24218,1.285756,1.307019
24219,-0.153063,1.520300
24220,0.868983,0.176314
24221,3.365514,-1.080114
24222,1.182757,0.855470
24223,1.638601,0.706196
24224,1.541258,2.531033
24225,-0.010681,0.607158
24226,0.006564,2.708991
24227,1.455689,1.180784
24228,-0.767563,1.116109
24229,1.184632,4.713524
24230,-0.150783,-0.544097
24231,1.811686,1.602691
24232,1.088400,1.743375
24233,1.288508,0.213605
24234,0.018534,1.285751
24235,0.145608,1.652839
24236,0.254599,0.265431
24237,0.067954,1.677130
24238,0.227919,0.771767
24239,0.433137,1.830718
24240,0.018116,-0.975320
24241,3.011885,-0.673583
24242,0.913110,-0.625729
24243,1.266402,0.536355
24244,1.543440,-0.006023
24245,-0.386314,-0.801604
24246,-1.205438,-0.295772
24247,1.593984,0.342001
24248,-1.122885,0.996055
24249,-0.479988,-1.654162
24250,2.312766,0.211698
24251,1.306780,-0.552770
24252,0.790540,-0.068698
24253,0.393805,0.273092
24254,-0.830662,1.508733
24255,-0.993404,0.575805
24256,-2.728315,-2.251846
24257,-1.103222,1.867544
24258,-1.622638,-0.045341
24259,-1.501040,0.048288
24260,0.177046,1.948805
24261,-2.179650,0.003954
24262,-1.806330,1.985579
24263,0.250546,-1.454749
24264,0.548648,0.455798
24265,0.390972,0.410304
24266,-0.088898,1.671472
24267,1.133210,1.343506
24268,-1.343839,0.987099
24269,1.022276,0.924706
24270,1.943159,-0.935129
24271,-0.258341,0.859255
24272,1.768500,2.852484
24273,1.890685,-1.557492
24274,0.725384,-0.200494
24275,1.253016,-0.335439
24276,-1.780653,-0.027555
24277,1.441011,0.957689
24278,0.190180,-0.551926
24279,-0.302291,2.392289
24280,0.162251,-0.660079
24281,-1.068502,0.272044
24282,-0.632311,-0.521856
24283,0.714703,0.057869
24284,-1.401343,1.479481
24285,-0.789147,-0.095757
24286,-2.443783,1.116485
24287,1.169726,-0.219960
24288,1.027565,-0.639041
24289,-1.117703,0.511414
24290,0.549205,0.417952
24291,1.159395,-0.085344
24292,1.250136,0.469422
24293,-0.191602,0.556877
24294,1.784057,-0.188115
24295,0.752717,0.979919
24296,2.007194,0.263243
24297,1.498133,-0.149931
24298,1.500415,-1.406808
24299,0.692228,-0.293524
24300,0.606296,-0.663428
24301,2.117245,-0.554845
24302,1.303699,0.420233
24303,-0.624221,1.140973
24304,2.558592,0.285765
24305,1.909928,-0.833160
24306,2.118598,-0.565417
24307,0.206433,-0.761384
24308,1.011828,2.053487
24309,1.853018,0.519983
24310,2.247276,0.090152
24311,0.397038,-0.641939
24312,1.204649,1.528855
24313,-0.327840,-0.076839
24314,2.120415,-0.271573
24315,0.388079,0.931295
24316,-0.006719,1.171517
24317,0.696157,-0.780394
24318,1.699504,0.161487
24319,-1.746335,2.502193
24320,1.658613,1.445670
24321,1.448249,-0.563662
24322,-1.420555,-0.528625
24323,1.443612,1.341778
24324,0.620349,-0.821018
24325,-0.929556,1.616092
24326,1.776785,2.453389
24327,-0.147964,0.063530
24328,0.029936,-0.193099
24329,-1.279125,-0.926162
24330,0.500131,-0.931115
24331,1.190846,-0.482516
24332,-0.589620,0.522246
24333,-5.906254,-3.674054
24334,-0.188951,-0.592602
24335,-0.522267,-1.125587
24336,0.134988,-0.824227
24337,1.932263,-0.569260
24338,-0.920222,-1.684959
24339,3.107037,-0.313112
24340,2.230530,-1.382263
24341,0.931007,-0.193824
24342,0.231394,0.885838
24343,1.260234,-0.738477
24344,1.999501,-0.135624
24345,1.852457,-0.909335
24346,-1.178839,-0.671560
24347,1.543710,-1.410176
24348,0.241529,-1.216262
24349,-1.135820,0.026594
24350,0.164739,-0.057382
24351,1.779976,-1.055907
24352,1.307461,-1.191419
24353,-1.177162,1.059971
24354,0.282232,-0.394470
24355,-0.761105,-1.169363
24356,0.156879,0.342689
24357,-0.207788,-0.774855
24358,1.827136,-0.374391
24359,0.752689,-0.083643
24360,1.618130,-1.041032
24361,0.403796,0.451202
24362,0.920702,-1.242269
24363,1.191003,-0.488307
24364,2.353257,-0.649027
24365,0.036310,-1.156181
24366,0.289021,-0.812363
24367,-0.685305,3.043581
24368,-0.203842,1.041753
24369,-0.593006,3.122640
24370,0.184166,-1.096242
24371,0.827590,0.883039
24372,-0.043804,1.253178
24373,0.496172,0.648898
24374,-1.244560,1.381965
24375,-0.965722,2.317221
24376,-1.198011,0.972120
24377,-2.549089,1.677714
24378,-0.823064,-0.691721
24379,1.473465,0.030470
24380,1.332320,0.490598
24381,0.914763,-0.077141
24382,0.373872,-1.179241
24383,-0.313411,-0.108971
24384,0.459405,-0.960674
24385,-1.602187,-0.987202
24386,-0.192422,-0.110101
24387,-0.507542,0.776415
24388,1.202492,0.206038
24389,-1.233155,-0.047956
24390,-1.991082,0.965927
24391,-0.688063,0.374480
24392,0.245705,-1.181028
24393,1.607968,0.020319
24394,-1.045699,-0.493719
24395,1.103122,-0.778156
24396,0.690515,-0.175918
24397,-2.708838,0.303245
24398,-0.472656,0.394313
24399,0.591566,-0.360517
24400,1.161198,-1.119521
24401,0.790127,-0.236465
24402,0.317691,0.554518
24403,-1.611645,-0.164571
24404,0.850202,-0.379475
24405,1.306799,-0.519704
24406,0.611703,0.081214
24407,0.239282,-0.354682
24408,0.327394,-0.096144
24409,-1.835386,1.153538
24410,0.010371,-0.969719
24411,-0.010193,0.365653
24412,1.800394,-0.615070
24413,1.584127,0.312794
24414,-2.401435,-0.002925
24415,-0.270045,-0.652206
24416,1.224703,-0.225886
24417,1.740137,0.721886
24418,-3.409100,1.782110
24419,1.673756,0.421858
24420,-0.741731,-0.582171
24421,-2.223985,0.428567
24422,-1.322798,-1.519753
24423,0.610922,-0.217901
24424,-0.924236,-1.813085
24425,0.156294,-0.189317
24426,0.898471,-1.544067
24427,-3.626698,-1.262244
24428,-0.826651,-3.521146
24429,2.474467,-0.534917
24430,0.130197,-1.185217
24431,0.020030,-1.470013
24432,-2.658221,-1.733514
24433,-1.114283,-1.416867
24434,-2.423525,1.715856
24435,-3.109933,-1.179689
24436,1.009228,-0.928987
24437,0.086683,0.000616
24438,-1.513959,-1.122417
24439,0.872783,-0.985128
24440,-2.677066,0.139630
24441,2.229047,-0.698323
24442,1.011660,-1.607361
24443,0.416705,-0.246930
24444,-1.721724,-1.452473
24445,-0.244648,-1.593424
24446,-1.115936,-1.283055
24447,0.178226,-1.602967
24448,0.245000,-0.625846
24449,-4.199975,-3.487639
24450,-4.748851,-1.671803
24451,-3.878417,-3.466520
24452,-4.709392,-0.413499
24453,-3.729016,-4.695989
24454,-3.886893,-3.674509
24455,-4.253552,-4.365754
24456,-2.783465,-0.804064
24457,-1.860301,-0.454386
24458,0.602821,-0.537644
24459,0.005225,-0.598297
24460,-1.503432,-0.268314
24461,0.279675,0.328614
24462,-2.920001,0.984993
24463,-1.800914,-0.672871
24464,-1.941188,-0.375837
24465,-1.047539,0.121799
24466,-0.445067,-0.050263
24467,-1.965226,0.397929
24468,0.365794,-0.577866
24469,0.837691,0.123607
24470,0.186608,0.421986
24471,1.056311,-0.666502
24472,0.185748,0.174087
24473,0.444530,-0.007902
24474,1.551979,2.144930
24475,-1.134692,-0.006692
24476,-0.013739,1.006664
24477,0.170840,-0.418786
24478,1.105780,-0.800955
24479,-1.716109,-0.364265
24480,-0.135944,0.190111
24481,0.925240,-0.509821
24482,1.625937,0.753658
24483,0.126414,1.021132
24484,-1.021374,-1.281433
24485,-3.857696,1.258634
24486,-0.573855,1.090176
24487,-0.602321,-0.423180
24488,0.547343,-0.107040
24489,-0.910891,3.296986
24490,0.041754,0.852233
24491,1.207664,0.301875
24492,0.282032,0.347719
24493,0.063371,-0.179413
24494,-4.403991,-0.097154
24495,-1.319349,-0.502310
24496,-1.009898,0.442220
24497,0.618653,0.482221
24498,-0.044591,-0.042283
24499,0.261903,0.054879
24500,0.717149,-0.125744
24501,-1.348273,0.250300
24502,1.101155,0.138912
24503,1.883521,-1.669082
24504,0.492224,0.750000
24505,-2.244853,-0.656068
24506,0.193797,-0.252928
24507,0.895088,-0.211804
24508,0.834410,-0.521777
24509,0.350649,0.840919
24510,-1.725849,-0.799891
24511,-0.419824,-0.305120
24512,-1.042677,1.701192
24513,0.640272,1.163978
24514,1.504487,-0.360405
24515,1.374316,0.786840
24516,-3.388477,1.178102
24517,-1.447720,0.713485
24518,1.924651,0.682037
24519,0.937415,0.072767
24520,1.937114,0.299057
24521,-3.932306,-2.973443
24522,-1.976306,0.575486
24523,1.201190,0.801266
24524,-2.031681,0.734730
24525,0.261368,3.376557
24526,-1.009452,0.304825
24527,-2.182809,-0.963215
24528,-0.908509,-0.232132
24529,0.503791,0.162573
24530,0.680003,-0.915695
24531,1.106043,1.498112
24532,-0.764635,-0.374151
24533,0.109278,-1.069959
24534,-0.655922,-0.531991
24535,0.432410,0.720464
24536,2.006105,-0.508482
24537,-0.018519,0.209358
24538,0.870058,-0.961498
24539,-0.967196,3.628139
24540,-1.470576,0.419685
24541,2.644232,-0.641727
24542,-0.577234,0.034600
24543,0.392886,-1.188091
24544,0.270277,0.160887
24545,-0.880970,-1.232200
24546,0.499106,1.043136
24547,0.288944,0.002769
24548,-3.322585,-1.259359
24549,-0.858352,0.123157
24550,-2.280652,1.473364
24551,-1.781569,0.021636
24552,-1.863462,2.325344
24553,-2.088648,0.275752
24554,-2.011497,2.586695
24555,-2.562254,-0.037427
24556,1.334487,-0.970889
24557,2.849918,-0.703090
24558,2.277441,0.296251
24559,2.601039,-0.332398
24560,2.404150,-0.890846
24561,2.583934,-1.473656
24562,0.907403,-1.742651
24563,-1.245494,-0.863945
24564,-1.443305,1.322957
24565,1.115267,0.450058
24566,2.326795,-1.746063
24567,0.897256,-1.971384
24568,-0.649657,-0.117264
24569,1.155916,-0.387016
24570,0.074106,-0.120971
24571,-0.089705,0.551889
24572,-1.850993,-0.707168
24573,-1.268135,-0.928507
24574,-2.080102,-0.176801
24575,1.446868,-0.398777
24576,-2.294920,-0.114317
24577,1.570212,-0.566800
24578,-1.149689,-0.043856
24579,-0.053311,0.372804
24580,0.867295,0.596375
24581,0.725295,-1.243770
24582,-0.830331,0.929065
24583,-2.549571,-0.567026
24584,-0.538905,0.287599
24585,-0.020569,-0.509897
24586,0.018625,3.918730
24587,-0.678677,-0.543665
24588,-1.454422,1.540307
24589,-2.376028,-1.202923
24590,0.072979,-1.214480
24591,1.548809,0.397385
24592,-0.815015,0.269863
24593,-0.156922,0.754058
24594,0.212142,-0.392529
24595,-0.390003,-0.370038
24596,0.263497,0.052938
24597,-0.886236,0.123088
24598,-0.351656,-0.068740
24599,-4.013663,-5.675732
24600,1.543744,-0.874824
24601,-0.555366,0.434520
24602,1.348429,-1.139217
24603,1.542699,-1.259112
24604,-0.748763,1.322576
24605,-0.464970,-1.208179
24606,0.338357,1.092071
24607,-0.345522,0.029773
24608,-0.367078,1.882150
24609,-1.114453,-0.355556
24610,-2.473565,1.492177
24611,-2.819106,-0.046489
24612,-2.816244,-0.764279
24613,-0.361547,-0.414948
24614,-1.634176,0.109870
24615,-2.181959,-0.956624
24616,-1.727878,0.246204
24617,-2.278128,-1.666903
24618,-0.154856,-1.985291
24619,-2.841097,-1.438698
24620,-2.209370,-0.889248
24621,-3.485225,-0.506991
24622,-2.061136,-0.536228
24623,-3.088363,-1.310954
24624,-2.932430,-2.059064
24625,-2.136324,0.026740
24626,0.338002,-0.884510
24627,0.396294,-2.755557
24628,-2.307962,-1.067276
24629,-0.651813,-1.572493
24630,-2.483527,-0.351369
24631,-2.897914,0.081469
24632,-2.120129,-0.922243
24633,1.905571,-0.840443
24634,-0.584133,-0.741821
24635,1.840390,-0.384411
24636,-1.625437,1.054209
24637,-0.278354,0.208982
24638,0.757141,-1.754241
24639,0.168019,0.416491
24640,1.137650,-0.828544
24641,0.614748,-0.975739
24642,1.828531,-0.949769
24643,0.912806,-1.458980
24644,-0.366389,-0.019235
24645,1.461578,-0.713277
24646,0.458147,0.063949
24647,0.802079,-0.092489
24648,1.282648,-0.194112
24649,-0.843075,-0.876202
24650,0.938587,-0.264434
24651,0.432150,0.403817
24652,0.241386,0.161655
24653,1.132469,-0.009500
24654,-0.007351,0.374058
24655,1.068044,-0.532420
24656,0.993908,0.224247
24657,0.851964,-2.064247
24658,1.228779,0.107839
24659,-1.686384,-0.530681
24660,1.467850,0.226035
24661,-0.825986,-0.820758
24662,1.202950,0.061589
24663,0.789391,0.364168
24664,-0.965853,-0.979837
24665,1.429852,-0.153884
24666,1.260953,-1.069226
24667,-0.251290,-0.592880
24668,-1.316421,-0.323502
24669,-0.107135,-0.913720
24670,0.775684,-0.526285
24671,1.206102,0.775148
24672,-1.580985,0.603062
24673,0.526763,0.010402
24674,0.686472,-0.738318
24675,0.412291,0.278781
24676,0.747945,0.584058
24677,1.167320,-0.171780
24678,1.490155,-0.688036
24679,0.546758,-0.360518
24680,0.412040,-0.381925
24681,-0.804590,0.060159
24682,0.648958,-0.310643
24683,2.376324,-0.900446
24684,1.382953,-0.191684
24685,0.576270,-1.082107
24686,1.206637,0.388347
24687,-0.243876,0.995514
24688,0.355171,0.049285
24689,-1.163779,0.059809
24690,0.781315,0.217174
24691,1.002842,0.349504
24692,0.866966,-0.377018
24693,0.651733,0.688285
24694,-1.186433,0.870566
24695,-1.131734,-0.899456
24696,-0.437393,0.365192
24697,-1.870413,0.281825
24698,2.175691,0.457123
24699,1.096874,-0.681706
24700,1.303680,-0.313060
24701,1.756750,-0.066751
24702,-0.172164,-0.097707
24703,0.134435,-0.517965
24704,-0.686572,-0.847501
24705,-0.913967,-0.384970
24706,1.553357,0.065633
24707,0.437450,0.354466
24708,1.890213,-0.355274
24709,0.637387,-0.130777
24710,0.971020,-1.554105
24711,0.780176,-0.828072
24712,2.071977,-0.423777
24713,-0.848919,-1.798460
24714,0.400020,-2.015897
24715,-0.234702,-1.190460
24716,1.300297,-0.607961
24717,1.870998,0.214027
24718,1.934858,-0.585471
24719,1.044164,0.550602
24720,-0.231932,0.269175
24721,1.106291,-1.040152
24722,0.765290,-0.846722
24723,0.306505,-1.923761
24724,1.918512,-1.310040
24725,1.277046,-1.493778
24726,1.055925,-0.787796
24727,0.875760,-1.201829
24728,1.439178,-1.162443
24729,0.332523,-1.266272
24730,1.540686,-0.048067
24731,0.200894,1.745128
24732,1.574187,-1.961383
24733,-0.338532,2.206160
24734,-1.036935,0.227160
24735,1.197464,-0.850265
24736,-0.451174,-0.365664
24737,0.836312,-0.270189
24738,0.478405,-0.854343
24739,2.492687,-0.972134
24740,1.129147,-0.530696
24741,1.103833,-0.745290
24742,-1.046154,-1.627296
24743,0.105940,-0.471116
24744,0.788281,-0.547956
24745,0.425777,-1.110300
24746,0.644030,0.017813
24747,-0.092613,-1.298788
24748,0.355330,-1.659471
24749,0.181588,0.017468
24750,0.689738,-1.112896
24751,1.756951,-0.795436
24752,0.146324,-1.817880
24753,2.133285,-0.238584
24754,0.387150,0.987829
24755,1.849926,-1.524630
24756,-0.757797,0.496844
24757,0.653970,-1.596536
24758,-0.708340,0.489793
24759,-1.216497,-1.645956
24760,1.471142,-0.177380
24761,1.983655,-1.342752
24762,-1.027756,1.588107
24763,1.483518,-1.190130
24764,0.191969,-0.660833
24765,0.677662,-1.097849
24766,0.029443,0.476402
24767,-1.518571,1.677304
24768,-0.662842,3.492366
24769,-1.261569,0.994498
24770,0.809801,0.512840
24771,1.047452,-0.165388
24772,1.815111,0.345779
24773,-1.742288,0.700732
24774,-1.141164,1.565519
24775,-2.163517,0.709312
24776,-1.565328,0.595729
24777,1.228399,-0.672116
24778,-0.494471,0.426996
24779,-0.454007,0.739635
24780,1.002684,1.376817
24781,-1.422904,-0.127461
24782,0.882187,-0.235283
24783,1.865070,0.080187
24784,-0.388128,-0.463040
24785,1.345612,-0.557520
24786,0.058504,-0.002724
24787,1.349062,0.243249
24788,0.930667,-0.001085
24789,-3.127620,0.434206
24790,1.295369,0.100996
24791,-1.311249,-1.452598
24792,2.062249,-0.035991
24793,-1.346765,3.840068
24794,-0.997514,-0.654256
24795,1.701226,-0.207134
24796,-0.003274,-0.381283
24797,-0.955526,0.163083
24798,-0.761453,1.964976
24799,0.183333,-0.637300
24800,2.000365,0.384782
24801,-1.333651,0.248211
24802,1.794389,-0.047736
24803,0.245507,1.130766
24804,-0.441019,2.065239
24805,0.549882,0.208554
24806,1.260411,-0.347803
24807,-1.048452,1.258468
24808,0.586712,0.590007
24809,1.842488,-0.584261
24810,1.688504,-0.362242
24811,2.238845,0.026874
24812,0.756912,-1.140479
24813,1.032099,1.553217
24814,1.730605,1.034771
24815,-1.986769,1.777425
24816,2.094229,-1.160050
24817,1.519381,0.431886
24818,1.422685,-0.839514
24819,1.229893,0.588645
24820,-2.253185,3.397578
24821,-0.932843,0.453102
24822,-1.382717,0.757855
24823,-0.614900,-0.559105
24824,1.157541,-1.185134
24825,-0.235428,1.099636
24826,1.929116,-0.586380
24827,1.037280,-0.504211
24828,2.454428,-0.243792
24829,0.567656,0.333900
24830,-4.413487,-4.308489
24831,0.771022,-0.516414
24832,-1.074104,-0.606043
24833,0.814571,-1.141791
24834,2.460300,-1.258286
24835,2.142261,-0.393945
24836,0.774847,3.668976
24837,-2.390609,1.720778
24838,0.494166,-1.214346
24839,-0.223175,0.527590
24840,0.625212,-0.188375
24841,-0.790563,-1.738448
24842,2.930915,-1.189161
24843,-0.462175,-1.075546
24844,-1.973498,0.106944
24845,-1.594146,-0.181331
24846,-1.223649,-0.149222
24847,0.842307,0.720508
24848,-0.208393,-0.385150
24849,-0.054325,0.179499
24850,1.177928,0.072045
24851,1.252689,-0.072492
24852,-2.733661,0.628927
24853,2.603983,0.855432
24854,-3.472814,1.620026
24855,-0.940617,-0.237756
24856,1.648508,-0.549291
24857,-0.292288,-0.112550
24858,0.975351,0.555208
24859,1.490563,-0.122221
24860,0.035967,0.015441
24861,-1.283709,-2.405624
24862,-0.189811,-1.148884
24863,1.151386,-0.037184
24864,1.568800,-0.572175
24865,1.029586,-0.403952
24866,0.549275,0.742106
24867,2.612673,0.081720
24868,0.997280,-0.643614
24869,0.915304,-0.334999
24870,-1.395547,1.286738
24871,1.188647,-0.310617
24872,-0.995148,0.719904
24873,0.004716,-0.128314
24874,0.726679,-0.813996
24875,-2.037356,1.418884
24876,-0.382568,-0.755903
24877,-1.888125,0.306089
24878,1.249789,-0.605456
24879,-0.743141,0.134602
24880,1.657386,0.964196
24881,-0.269636,-0.225206
24882,-1.485975,-0.460821
24883,1.373824,-1.068763
24884,1.620868,0.093199
24885,1.253662,-0.559591
24886,-0.333376,-1.096067
24887,-1.906781,-1.077760
24888,-0.466985,-1.584370
24889,0.658811,0.336508
24890,-0.695855,-1.037079
24891,0.964076,-1.211763
24892,1.512178,-0.423500
24893,-0.175684,0.789209
24894,0.437211,-0.379766
24895,1.006193,-0.121677
24896,1.290761,0.205467
24897,-0.009760,-1.017839
24898,0.162388,0.301661
24899,0.728499,-0.681604
24900,-2.189904,1.766362
24901,0.935742,-0.755439
24902,1.366634,-1.660078
24903,1.507810,-0.751691
24904,0.847103,-0.890703
24905,0.567250,-1.324148
24906,-0.261793,-0.859174
24907,0.605990,-0.491690
24908,1.046610,-1.343512
24909,0.695650,0.480434
24910,-0.441107,-1.065214
24911,0.924353,-1.117069
24912,-0.321494,0.825953
24913,0.585685,0.047110
24914,-1.549917,-0.711211
24915,-0.662948,-0.754666
24916,-0.833644,0.218651
24917,-2.774575,-2.701385
24918,-0.425576,-0.876923
24919,1.259017,-0.690455
24920,-0.664978,-1.199388
24921,-1.287510,-0.024954
24922,0.529611,-0.131975
24923,0.400976,-0.564478
24924,-0.160491,1.098108
24925,-0.542701,1.436244
24926,-0.722789,0.634331
24927,0.868386,-0.157320
24928,-0.066469,2.913659
24929,-0.866530,2.490566
24930,-1.489460,1.507382
24931,1.063817,0.326355
24932,0.204151,0.632942
24933,-1.694115,-0.641590
24934,0.408185,-1.169367
24935,-2.520062,0.758826
24936,-1.376106,1.199538
24937,-0.808163,0.530057
24938,1.197404,0.049478
24939,-1.671202,1.576978
24940,0.203791,0.476539
24941,-2.008228,0.665066
24942,0.862541,-0.210136
24943,-1.781127,0.515160
24944,-1.149416,-1.660560
24945,-1.964400,-0.634788
24946,-3.002791,-0.700694
24947,-0.817895,-1.887705
24948,-2.483520,0.381399
24949,-0.379183,0.893311
24950,-1.131088,-0.042832
24951,-1.483573,0.510685
24952,-1.669664,1.115002
24953,-1.980091,2.222388
24954,0.487159,-0.497118
24955,-0.855978,-0.229090
24956,0.591315,-1.090984
24957,-2.089976,-2.038850
24958,-2.910196,0.771695
24959,-0.602957,-0.277304
24960,1.046177,0.014632
24961,-1.104117,0.388217
24962,-3.596884,0.382858
24963,0.351229,0.823477
24964,-1.156643,-0.763268
24965,1.263769,0.081749
24966,-1.039241,0.632866
24967,-0.158686,-0.201691
24968,-0.896706,-0.566545
24969,-0.351420,0.362725
24970,1.004606,-0.377484
24971,-1.740670,-2.146632
24972,-1.393718,0.187607
24973,1.849033,-0.689298
24974,0.325636,0.395843
24975,0.805437,0.293927
24976,1.630363,-0.705827
24977,0.524479,-0.128439
24978,1.850832,-0.380598
24979,1.666930,1.335220
24980,0.550494,-0.279081
24981,-0.906815,3.107626
24982,0.443582,0.852208
24983,-0.108680,-0.395370
24984,1.617867,0.430586
24985,1.818966,-0.170623
24986,0.602603,1.337032
24987,1.842260,0.726185
24988,1.459188,0.181860
24989,-0.998033,1.546034
24990,1.497663,0.499465
24991,0.043875,-0.659230
24992,-1.276838,-0.613947
24993,-0.045910,-1.072468
24994,1.115011,0.012201
24995,1.218495,1.125331
24996,-1.655103,2.613035
24997,1.096706,-0.727178
24998,1.367431,-0.013347
24999,-2.485690,0.950291
25000,-0.076325,-0.412759
25001,1.216262,0.509361
25002,0.997095,0.063444
25003,-0.144351,0.627420
25004,0.127270,0.181940
25005,1.583305,0.426422
25006,-0.232427,-0.990225
25007,1.797215,0.348783
25008,0.108518,1.340815
25009,0.539055,-0.571115
25010,2.653694,1.032134
25011,0.380442,0.994999
25012,1.064055,0.549601
25013,0.720206,-0.045784
25014,1.077842,-0.440967
25015,0.816559,-0.258875
25016,-0.012878,-0.227255
25017,0.803290,0.786010
25018,1.326617,0.212591
25019,-2.076883,-1.757211
25020,-0.528659,1.129146
25021,1.414564,3.057003
25022,0.772373,5.731630
25023,1.342903,-0.266912
25024,2.125778,1.330983
25025,1.304943,0.816248
25026,1.572818,-0.200567
25027,-0.770610,2.734623
25028,0.430439,0.933750
25029,-0.352238,0.869629
25030,-1.976053,-0.438662
25031,1.955188,0.563881
25032,1.105854,-1.123894
25033,0.857350,-1.014337
25034,1.238224,0.223342
25035,0.590666,-0.254705
25036,1.243825,-1.016620
25037,-0.191136,0.442173
25038,1.049270,0.448649
25039,1.963304,-0.392403
25040,-0.246289,1.622509
25041,0.304256,0.782042
25042,-0.111815,2.046086
25043,-1.657928,-0.633982
25044,0.677162,-0.819900
25045,0.915557,-0.498175
25046,-2.799939,0.782750
25047,-1.324552,-1.686583
25048,-0.102541,-0.052725
25049,1.073443,-0.566961
25050,-0.448460,-1.116752
25051,1.547002,-0.205159
25052,0.640420,0.720965
25053,0.043538,-0.738069
25054,0.738332,0.705748
25055,-0.809037,0.018740
25056,1.720391,-0.210481
25057,-0.965519,0.857163
25058,1.223403,-0.549082
25059,-2.728561,-0.425541
25060,-2.062784,0.641979
25061,-0.145972,0.089533
25062,0.736710,1.138437
25063,-0.002397,-0.857648
25064,1.955005,-0.209231
25065,2.005631,-0.574365
25066,1.087675,0.628984
25067,1.398978,-0.764631
25068,-0.838475,-0.587963
25069,0.707030,-0.781402
25070,0.177072,0.335501
25071,1.038600,0.460227
25072,0.189077,2.364192
25073,2.379986,-0.361750
25074,0.662443,0.396625
25075,0.698204,-0.447924
25076,0.526648,0.770247
25077,0.867459,-0.701527
25078,-2.520549,0.808834
25079,1.190015,-0.907523
25080,1.058029,1.904645
25081,0.657914,-0.086040
25082,-0.221040,-0.216093
25083,-0.325531,0.961631
25084,1.123237,0.014561
25085,1.472803,0.302564
25086,0.759106,-0.562324
25087,-0.081945,-0.104605
25088,1.643095,-0.868602
25089,-0.335088,-0.000163
25090,1.027684,-0.753437
25091,-1.650125,0.018772
25092,-0.520194,0.460745
25093,-0.621151,-1.381986
25094,-0.124628,-0.971377
25095,0.739996,-0.559054
25096,-0.582366,-0.639391
25097,0.194532,-0.890776
25098,0.773554,0.109888
25099,1.198229,-0.764347
25100,-1.097109,-0.159281
25101,0.117106,-0.265236
25102,1.194241,-0.835737
25103,0.265039,0.248961
25104,0.019484,-0.264158
25105,-0.276878,-0.379082
25106,0.070072,0.658291
25107,0.248437,-0.713973
25108,0.187705,-0.453705
25109,0.142091,-0.686184
25110,2.135500,-0.719888
25111,-1.150880,0.064226
25112,1.790462,-0.992439
25113,1.578743,-0.708780
25114,1.501302,-0.650509
25115,0.892045,0.020138
25116,1.118477,-1.166382
25117,0.500581,-0.545567
25118,0.355894,-0.499410
25119,0.742723,-0.358253
25120,0.622234,-0.498643
25121,-0.191721,-0.998531
25122,1.930002,-1.532922
25123,0.092313,-0.135579
25124,1.274486,-0.614570
25125,-0.367486,1.618366
25126,0.783920,-0.580481
25127,0.337081,-0.856509
25128,0.815837,-1.077011
25129,-0.295078,1.297955
25130,-3.298294,-1.139867
25131,0.757987,-0.646394
25132,-0.339105,0.747050
25133,-1.423479,-0.645422
25134,0.166247,0.206995
25135,-0.739738,-0.126904
25136,0.124446,0.072893
25137,-0.187696,0.698609
25138,-0.345079,-0.154095
25139,-0.675226,3.641595
25140,-0.842214,0.679266
25141,-1.213924,1.603522
25142,0.149662,0.195114
25143,-2.479569,2.456703
25144,-0.359898,0.905645
25145,-2.243854,-0.430422
25146,-0.608986,-0.245130
25147,-1.479738,0.165291
25148,-1.709209,1.624864
25149,-1.511771,0.910782
25150,0.610057,0.870320
25151,0.491660,0.576611
25152,1.126712,0.519648
25153,0.935479,-0.292197
25154,-1.216324,0.611068
25155,-0.725370,-0.494696
25156,1.964996,-1.139900
25157,-1.711082,0.351281
25158,1.353990,-1.141060
25159,1.330050,-0.366416
25160,-0.302261,-0.278900
25161,-0.458506,0.262199
25162,0.513007,-0.086318
25163,1.148159,-0.527306
25164,-1.369387,0.998093
25165,0.946492,-0.776620
25166,-4.165249,-1.659109
25167,1.625173,0.002042
25168,0.233496,0.296664
25169,1.435614,-0.707925
25170,1.264385,-0.184308
25171,1.099535,0.638164
25172,1.447734,-0.704412
25173,0.720054,0.075844
25174,0.221963,-1.334417
25175,0.359179,-0.492837
25176,0.797697,-0.129839
25177,2.429812,-0.840948
25178,-0.474714,-0.496618
25179,1.782183,-0.552080
25180,0.664493,-0.583472
25181,-0.062330,0.744226
25182,0.746465,0.181911
25183,-2.921362,2.078357
25184,0.777265,-0.731960
25185,-0.989081,0.404854
25186,1.098274,-0.052346
25187,1.766731,-0.833800
25188,0.809548,-0.563653
25189,-1.410836,0.821266
25190,0.641562,-0.347093
25191,0.444079,-0.303172
25192,-0.776844,-0.328949
25193,0.163293,0.053719
25194,1.712500,-1.507764
25195,-0.751367,-0.413717
25196,-1.944693,-3.379963
25197,1.269661,-1.001221
25198,0.143244,-0.227588
25199,0.982879,-0.977589
25200,0.235422,0.294071
25201,1.103208,-1.106062
25202,0.545047,2.014773
25203,-2.833446,-1.561637
25204,0.191608,-1.822672
25205,-2.320911,-0.780178
25206,-1.543246,-1.646854
25207,-3.077516,-2.489616
25208,-0.810150,-0.564718
25209,-0.676507,-1.061361
25210,0.773653,-0.903861
25211,2.169348,-0.913242
25212,0.126309,-0.483417
25213,0.884661,-0.882650
25214,1.487167,-0.782066
25215,0.439762,-0.048500
25216,-0.238008,-0.368097
25217,1.632594,-0.426239
25218,-0.813352,-0.674969
25219,1.399341,-1.435695
25220,1.940039,-1.768538
25221,0.391660,-1.449534
25222,0.212794,-1.342030
25223,-1.995023,-3.075328
25224,-1.971693,0.542015
25225,1.422274,-1.573158
25226,-0.061401,-0.542158
25227,-0.130753,1.414250
25228,-0.743184,-0.486042
25229,-0.327143,2.177153
25230,1.843334,0.738820
25231,1.373975,-0.560978
25232,-0.898576,0.266352
25233,-0.337270,-1.019721
25234,0.959356,-0.736959
25235,2.124348,-1.016941
25236,1.322864,-0.674774
25237,-0.439768,-0.561537
25238,1.534637,-0.330344
25239,1.129342,-0.081028
25240,0.937994,0.936139
25241,0.398493,0.705182
25242,0.183275,-0.321082
25243,1.894735,0.696154
25244,0.537721,-0.642693
25245,0.596746,-0.519694
25246,1.057164,-0.719485
25247,-0.210161,-0.888133
25248,-1.458442,-0.562054
25249,0.225427,-0.282377
25250,-1.577992,-0.986846
25251,-3.529003,1.489019
25252,1.382239,1.724102
25253,0.162175,1.224671
25254,0.337516,0.228525
25255,-2.857928,0.863581
25256,0.887378,0.420989
25257,0.018127,-0.104437
25258,0.042330,0.316325
25259,1.536811,-0.225890
25260,0.341213,-0.408205
25261,-1.415438,-1.477102
25262,0.733368,-0.676742
25263,2.666228,-0.482052
25264,0.389819,0.380077
25265,0.754520,-0.798797
25266,1.106302,0.492592
25267,-0.184724,4.046216
25268,0.166309,-0.159748
25269,1.379939,0.063632
25270,0.469711,0.058389
25271,-0.328859,2.605367
25272,-0.167619,0.094945
25273,0.493044,-0.730571
25274,-1.907840,1.365815
25275,-3.604436,0.252836
25276,0.991990,5.963061
25277,-2.501045,-1.982044
25278,-4.105905,-0.261682
25279,-2.128776,1.603230
25280,-4.697212,-2.973208
25281,-4.542830,-2.995831
25282,-4.122307,-3.934231
25283,1.243754,-0.754344
25284,1.731852,-0.870492
25285,1.687329,-0.247599
25286,0.162352,-0.512461
25287,0.418562,0.530765
25288,-0.169637,-0.158315
25289,1.323433,0.002828
25290,-0.027343,0.439661
25291,-0.905031,0.305081
25292,0.946659,0.336600
25293,-0.830755,0.800972
25294,-1.138551,-2.414882
25295,-0.830276,-0.306848
25296,0.049971,-0.889943
25297,2.381622,0.639058
25298,1.066759,0.213294
25299,-1.493955,0.694751
25300,0.811161,-0.098014
25301,-0.676419,1.031416
25302,-0.432645,-0.532484
25303,-1.617145,-0.754706
25304,1.847005,-0.708967
25305,-0.357000,-0.751115
25306,-1.274860,0.075489
25307,-2.747520,-0.547879
25308,-1.089926,1.062108
25309,-2.068647,0.689872
25310,-0.471196,1.491843
25311,-0.937195,0.022838
25312,2.037884,1.360852
25313,0.779974,-0.589882
25314,0.655571,4.198141
25315,0.674190,1.210047
25316,1.420254,1.475487
25317,0.229397,0.799366
25318,-0.191332,-0.644828
25319,0.324188,0.347934
25320,0.524193,0.210915
25321,-0.259457,-1.014308
25322,0.224124,-0.432872
25323,0.517854,-0.977115
25324,1.431026,0.558052
25325,1.035880,0.252937
25326,0.964669,-0.605747
25327,-0.826377,-0.787382
25328,-1.189315,1.895293
25329,-2.260936,0.601179
25330,3.181933,-1.131474
25331,0.279344,-1.189477
25332,1.571918,-0.498328
25333,-0.547964,-1.871376
25334,1.925924,0.374470
25335,0.500396,-0.706412
25336,1.039704,-0.410688
25337,-2.417724,1.717220
25338,1.663731,-0.063286
25339,1.516381,-0.703127
25340,-0.508640,0.558202
25341,-2.745222,0.353503
25342,0.538623,-0.038049
25343,0.305610,-1.215096
25344,-1.560160,-0.002762
25345,1.453687,0.431689
25346,-1.072279,-1.182818
25347,-1.796947,0.200042
25348,-0.294275,1.061189
25349,1.060336,0.680956
25350,1.600751,1.700276
25351,-0.706258,-1.007180
25352,-0.126772,-1.291709
25353,0.150795,-0.621732
25354,-1.903383,-1.890769
25355,1.660430,-1.551924
25356,0.086016,-0.394164
25357,-0.522019,-0.062435
25358,-1.139003,2.373660
25359,0.799632,-0.132849
25360,-1.406168,1.971516
25361,0.225390,1.039487
25362,0.049006,0.444965
25363,0.503068,-0.759567
25364,-0.827442,-1.071184
25365,1.387942,-0.039545
25366,1.352759,-1.252667
25367,0.399335,-1.160563
25368,0.968050,-0.276226
25369,0.608313,0.023934
25370,-0.031015,0.302036
25371,0.005233,-0.518376
25372,1.343886,-0.552962
25373,0.573942,-0.028667
25374,-0.936647,-1.290916
25375,1.294185,-0.197943
25376,-0.789766,1.893590
25377,0.602656,-1.067486
25378,-2.072586,-0.379802
25379,-0.075583,-1.606621
25380,1.617963,-0.290890
25381,-1.948316,2.848859
25382,1.171201,-0.982611
25383,1.115161,-0.978091
25384,-0.311187,-1.178648
25385,-0.487693,0.277008
25386,1.360401,-0.097177
25387,-0.243780,0.287295
25388,-5.018108,-2.872221
25389,-0.374666,-1.393304
25390,-1.271500,1.809908
25391,0.687638,-0.269868
25392,0.037659,0.779892
25393,0.691184,-0.392716
25394,-1.455578,1.337360
25395,1.531459,-1.145822
25396,-0.400095,-0.086626
25397,0.873893,-0.612848
25398,0.368259,-1.124362
25399,-2.598166,-1.557130
25400,-2.123729,-0.284951
25401,-3.322897,-1.166916
25402,-2.372542,-0.915600
25403,0.232434,-0.726462
25404,-0.391897,-0.259023
25405,1.055265,-0.766570
25406,-0.562312,-1.647726
25407,-1.047863,-1.635966
25408,0.771266,-0.082124
25409,0.096065,-1.066721
25410,0.283044,0.519281
25411,1.607634,-0.082707
25412,-2.191044,-0.379874
25413,1.219689,-0.039426
25414,-1.511176,-0.051902
25415,2.003873,0.493896
25416,-0.041159,-1.065170
25417,-0.402267,-1.312189
25418,0.759191,-0.125504
25419,0.065100,0.633588
25420,1.075649,-0.008567
25421,0.109157,0.460290
25422,0.739225,0.356510
25423,1.422747,2.447713
25424,-0.317713,-0.491234
25425,1.615094,-2.202352
25426,1.513919,-0.123510
25427,-0.941165,-0.863706
25428,1.524111,0.111096
25429,0.504215,-0.179447
25430,1.306210,-1.420289
25431,-0.174790,0.151919
25432,1.555847,-1.532101
25433,0.954615,-0.308205
25434,0.601334,-0.139822
25435,-1.248813,-1.819914
25436,-1.102084,-0.916557
25437,-3.767034,-1.314629
25438,-0.231725,0.156794
25439,0.797641,-0.424851
25440,0.205180,-0.374726
25441,-0.357785,-1.214846
25442,-0.673835,-0.067081
25443,-0.015043,-2.214539
25444,-0.869826,0.454762
25445,-0.145561,1.446444
25446,0.235420,-0.912932
25447,1.043304,0.498975
25448,0.925634,-0.282720
25449,-0.042573,-0.704332
25450,-0.267828,0.483323
25451,0.281739,0.273713
25452,-0.344156,0.441758
25453,-1.009806,-0.752605
25454,-1.160024,0.166332
25455,-0.124048,2.050778
25456,1.626851,-0.433210
25457,-0.076547,-1.206895
25458,-0.703941,-0.941598
25459,-0.247917,0.735781
25460,-2.925565,-2.104981
25461,0.673829,-0.084454
25462,-0.738898,0.555159
25463,-1.717936,0.586497
25464,-1.242936,-0.344178
25465,-2.509965,0.466941
25466,0.666113,0.107700
25467,-1.530333,-0.331267
25468,1.374502,-0.654256
25469,-0.419554,2.370677
25470,0.867264,0.699071
25471,-2.966182,0.511795
25472,-0.264335,0.807543
25473,-0.346886,0.176669
25474,-0.440798,0.334226
25475,1.465748,1.249650
25476,-2.256437,1.542507
25477,-1.479196,1.102766
25478,-0.474299,0.253824
25479,0.297750,-0.920883
25480,-0.400519,1.485215
25481,-2.016899,-1.575806
25482,1.038003,-0.065445
25483,1.550752,-0.793931
25484,0.532115,0.013005
25485,-0.225568,-0.878255
25486,1.391442,-0.813312
25487,1.783802,-1.169279
25488,0.730871,-0.258576
25489,-1.169217,-0.994923
25490,-1.943963,-0.667427
25491,0.929258,-1.119666
25492,-1.529296,-0.144509
25493,0.565699,-0.180394
25494,-0.969565,-1.311727
25495,2.760388,-1.037450
25496,0.324168,-0.119754
25497,1.586799,-0.778886
25498,0.306588,-0.498303
25499,1.175121,-0.861032
25500,-1.426291,-0.215304
25501,1.136490,-0.972648
25502,-0.432965,0.833155
25503,0.466371,-0.567103
25504,-1.497690,1.738240
25505,-2.505464,2.520374
25506,0.342614,-1.307712
25507,1.082188,-1.298682
25508,-2.388029,-0.117581
25509,-1.329844,-1.565545
25510,-1.771522,-0.416066
25511,-3.442466,0.473061
25512,0.125154,2.218749
25513,2.612792,-0.070816
25514,-1.098730,-0.318880
25515,-1.337601,-0.508392
25516,1.653822,-0.718908
25517,1.996164,-0.860727
25518,1.316026,-1.292588
25519,-1.370004,0.298222
25520,1.123266,-0.644834
25521,1.361763,-0.836264
25522,0.554805,-0.332632
25523,-1.275590,-1.039089
25524,-2.466057,2.453409
25525,1.853103,-0.565823
25526,-0.716582,0.668485
25527,-0.718580,0.070584
25528,-2.050580,-1.239034
25529,1.668398,-1.087276
25530,-0.641901,0.652978
25531,-0.050261,-0.424134
25532,0.932937,1.519046
25533,-0.813355,-1.034369
25534,1.028661,-0.404892
25535,0.463354,0.642826
25536,1.476183,0.470457
25537,-0.216589,0.931563
25538,0.465452,1.830097
25539,-2.583028,0.670122
25540,0.722509,0.327942
25541,1.735458,-0.202793
25542,-0.748526,-0.728110
25543,0.783357,-0.162089
25544,1.309160,-0.387269
25545,-1.116681,2.236183
25546,-0.326458,0.317178
25547,1.321991,-0.856381
25548,-1.775430,-0.371173
25549,-1.680272,-0.705522
25550,0.246887,0.858735
25551,-0.461390,-1.342403
25552,-0.350604,-1.649527
25553,1.608751,-0.019031
25554,0.875794,0.490894
25555,-1.037408,-1.290030
25556,0.445889,0.805605
25557,-0.222064,-0.777907
25558,1.555346,-0.791810
25559,-0.305228,1.045123
25560,1.182326,2.602228
25561,2.119366,-0.898311
25562,2.060749,-1.425590
25563,0.630372,2.295828
25564,2.059963,0.088690
25565,0.128683,-0.545581
25566,0.584659,0.260029
25567,0.817702,-0.348753
25568,-0.125460,-0.024530
25569,1.156836,-1.076836
25570,0.780817,0.064098
25571,2.054335,-1.870822
25572,-0.243753,1.883815
25573,0.718589,0.345759
25574,0.218704,0.274924
25575,-1.544048,-0.197258
25576,1.907881,0.110660
25577,0.683149,-0.150022
25578,1.096860,-0.487398
25579,1.156490,-2.124139
25580,-2.079265,0.751031
25581,1.440077,0.073820
25582,3.257756,-0.760354
25583,1.374806,0.628060
25584,-1.777039,-1.779267
25585,-2.901505,-0.331665
25586,1.759318,0.597301
25587,0.072950,-0.266309
25588,2.004836,-0.440926
25589,0.739716,0.489766
25590,0.646120,-0.108553
25591,-1.399601,-1.188254
25592,-1.134573,-2.547549
25593,-2.472804,2.072882
25594,-0.199575,0.523122
25595,0.677534,-0.580953
25596,0.076510,-1.490054
25597,0.179544,-0.642580
25598,2.406223,0.223206
25599,-2.553733,0.568669
25600,0.862603,0.837186
25601,1.285616,1.284448
25602,-2.058435,0.069077
25603,-1.586520,0.515316
25604,0.607332,0.185310
25605,0.764224,1.666682
25606,-0.328857,1.230128
25607,0.443453,2.343778
25608,-1.290472,0.452415
25609,-0.879676,-1.599734
25610,0.309398,2.986425
25611,1.625754,0.407031
25612,-0.715039,-0.627958
25613,0.014938,-0.462002
25614,-0.238842,0.972976
25615,0.385726,-0.763914
25616,-0.908634,-0.532736
25617,-0.331622,-1.250510
25618,-2.140568,-0.728030
25619,1.242023,-0.669812
25620,-1.627541,0.257585
25621,1.086520,-0.613162
25622,0.296078,0.518404
25623,-0.179781,0.983973
25624,-1.086924,1.219333
25625,-0.394085,-0.167067
25626,-1.425071,1.014674
25627,-1.597164,2.033443
25628,1.206243,1.305484
25629,-0.479242,0.077887
25630,2.412070,-0.086933
25631,-0.903494,1.047026
25632,-1.529772,1.463647
25633,1.514002,-0.996078
25634,-0.022928,1.609755
25635,1.003768,1.146912
25636,1.829234,-0.294639
25637,-1.327963,0.093497
25638,1.877152,-0.440386
25639,0.320879,-0.029522
25640,0.841083,1.083747
25641,1.132810,0.153829
25642,1.275624,0.933709
25643,1.557043,-0.717752
25644,1.525030,-0.249019
25645,1.384594,0.329091
25646,1.672951,0.163656
25647,0.049860,1.322159
25648,1.553076,0.420565
25649,0.627957,0.542233
25650,-2.984872,-0.718095
25651,-0.251837,0.210235
25652,-0.936048,-1.002006
25653,0.388405,3.240570
25654,-0.280198,0.165094
25655,-1.107626,1.474970
25656,-1.902630,0.349938
25657,-0.379800,1.146886
25658,-1.562788,-0.079332
25659,1.725092,-0.218032
25660,0.794407,0.221357
25661,1.116215,-0.354178
25662,-0.080582,-0.415701
25663,0.417455,0.769796
25664,-2.502265,1.197900
25665,1.635569,0.554471
25666,1.197251,-1.195587
25667,-0.375122,1.517323
25668,0.932861,0.047752
25669,0.272766,1.560119
25670,-0.563788,0.607902
25671,-0.219371,-0.732356
25672,0.769958,0.090710
25673,2.021380,-0.382677
25674,1.553667,-0.601223
25675,1.452995,-0.623700
25676,0.841199,0.440792
25677,-1.022495,0.687988
25678,-1.539843,-0.290155
25679,1.545108,0.981429
25680,0.238459,0.414906
25681,1.783606,-0.681819
25682,-0.979466,-0.542777
25683,1.953779,-1.024975
25684,0.845820,0.304288
25685,1.549992,-1.177935
25686,1.875305,0.491193
25687,1.397524,0.979133
25688,-2.164411,-0.889728
25689,-0.888449,-1.413616
25690,0.648977,-0.741703
25691,0.224030,-0.121888
25692,-1.355390,0.123916
25693,-0.674837,0.764474
25694,-0.761597,-0.284414
25695,0.328115,0.011618
25696,-1.041360,0.835899
25697,-3.258443,0.347928
25698,-0.892114,0.431180
25699,-1.798458,-1.045978
25700,-0.492072,-0.438654
25701,-1.204628,0.821414
25702,1.666216,-0.592695
25703,1.277004,0.317914
25704,-2.278179,1.172362
25705,-0.571174,-0.715010
25706,1.366467,0.974917
25707,1.963408,-0.613860
25708,0.163481,-0.849597
25709,-0.401824,0.153180
25710,1.535623,-0.291317
25711,-2.879843,0.964093
25712,-1.194480,-0.400052
25713,1.333786,0.135745
25714,-0.435439,-0.701271
25715,0.453764,-1.052230
25716,-0.792083,2.179034
25717,2.097069,1.070210
25718,0.970299,-0.389935
25719,1.737757,1.249658
25720,-0.364058,-0.889635
25721,0.227442,-0.327355
25722,0.358784,0.057384
25723,-2.122207,1.666780
25724,-0.142564,0.553070
25725,0.024696,-0.164254
25726,-1.383833,2.169600
25727,0.579602,2.843379
25728,1.979291,0.586563
25729,-0.431283,1.550119
25730,0.665579,0.350309
25731,0.866549,0.716799
25732,2.219904,-0.721546
25733,1.408991,-0.469870
25734,-1.389947,1.668233
25735,1.145967,0.083826
25736,0.094396,-0.767772
25737,-1.311039,-0.545432
25738,-0.140952,0.538141
25739,-0.562989,0.830962
25740,0.777132,1.339780
25741,0.457294,-0.659338
25742,1.553719,-1.403046
25743,1.172499,-0.205988
25744,-0.083191,0.042490
25745,1.538767,-0.726432
25746,0.969487,-0.937177
25747,1.267970,-0.402057
25748,0.554430,-1.086818
25749,-0.291754,-1.414918
25750,0.918215,-0.810768
25751,-0.295734,-0.190920
25752,1.358654,0.102512
25753,0.705368,-0.661549
25754,1.692354,-1.060698
25755,-1.040645,0.841068
25756,1.118951,-0.252850
25757,-0.207904,1.840545
25758,0.694469,0.007995
25759,0.014259,-1.291318
25760,-2.149995,-0.110000
25761,1.862398,0.111516
25762,-0.022573,0.567456
25763,0.555280,-1.210707
25764,0.914112,-0.743295
25765,2.368395,-1.423006
25766,-0.685712,0.329754
25767,0.976236,0.058240
25768,1.616832,-1.351455
25769,-2.078196,0.509774
25770,-0.609811,0.141505
25771,-2.404432,-1.633464
25772,1.594075,-0.851134
25773,-0.903494,0.264358
25774,-0.830270,3.330375
25775,-3.697351,-0.391578
25776,0.169215,2.299032
25777,0.397135,-1.245869
25778,-0.324702,0.138415
25779,2.682335,-0.462065
25780,-1.942275,-1.034630
25781,0.759207,-1.378142
25782,-2.044310,-2.246571
25783,-1.128269,-1.500515
25784,1.037855,-0.432913
25785,-2.755260,-1.756223
25786,0.598941,-0.334291
25787,1.340507,-0.261407
25788,1.512372,-0.131084
25789,-1.167297,-0.446221
25790,-1.709256,3.344555
25791,1.553291,-0.225688
25792,-1.942448,1.088021
25793,-0.204573,-1.705926
25794,0.487388,-0.763903
25795,0.254388,-1.365605
25796,0.854793,-0.425608
25797,1.919164,-1.414088
25798,0.698707,-0.581974
25799,-1.869333,-1.392229
25800,-0.777225,2.845335
25801,0.648047,-1.720081
25802,2.420321,-1.134821
25803,1.795949,-0.804061
25804,-3.159115,0.942374
25805,1.222098,-0.731658
25806,-1.533245,-2.133349
25807,2.588132,-1.157120
25808,-1.135378,-0.641002
25809,-0.478406,-0.854059
25810,-0.661968,-0.087691
25811,-1.629049,1.732167
25812,0.186519,-0.581732
25813,-0.690845,1.557147
25814,2.229851,0.187568
25815,-1.076640,1.669765
25816,0.158356,0.997177
25817,0.620141,0.124747
25818,2.293638,-0.106300
25819,-0.055869,-0.221925
25820,-0.518498,-0.084020
25821,-0.340711,-0.015350
25822,1.112702,1.309652
25823,-1.549595,0.696428
25824,0.925534,0.110687
25825,-1.586257,-0.382784
25826,1.467597,-1.286385
25827,0.778439,-0.871726
25828,1.886167,-0.585057
25829,1.903341,-0.028180
25830,-0.127956,-0.664732
25831,0.763263,-0.131573
25832,-0.635342,-0.148771
25833,1.147166,-0.228774
25834,1.732038,1.222931
25835,1.318287,-1.445256
25836,-0.764398,1.460442
25837,-1.688222,-0.008190
25838,1.624460,0.874960
25839,1.155995,1.986179
25840,0.684175,0.189916
25841,-0.136243,-0.641181
25842,-2.305487,-1.241224
25843,-0.271050,-0.083717
25844,-0.991075,-1.719881
25845,-2.099042,-1.426897
25846,-1.385313,-1.246392
25847,1.557338,-0.817603
25848,-1.987431,-0.089594
25849,-0.064254,-2.419061
25850,0.811034,-1.930840
25851,0.425107,-2.047677
25852,-0.580456,-1.686240
25853,0.412894,-0.940591
25854,-0.294172,-1.442368
25855,-3.172761,-3.640412
25856,-2.004681,-2.695661
25857,0.951377,-0.715598
25858,0.195090,-1.295777
25859,1.485560,-1.415234
25860,1.116634,-2.179924
25861,0.147453,-1.344872
25862,-0.449484,-1.521101
25863,-1.095670,0.064032
25864,1.237726,-0.549378
25865,-0.511693,-0.264262
25866,-0.312008,-0.900795
25867,1.176426,-0.787147
25868,0.058879,-1.444252
25869,-0.211333,-0.317813
25870,-0.416493,-1.431230
25871,0.903667,-0.266870
25872,0.474439,-1.176017
25873,2.201109,-0.881247
25874,-0.009674,-1.407151
25875,-0.815524,0.235114
25876,0.214606,1.451376
25877,-1.134096,-1.228688
25878,1.751862,-1.402617
25879,1.309086,-0.808031
25880,0.383718,-0.489237
25881,0.514522,0.328046
25882,2.594295,-1.441215
25883,2.175685,-1.281029
25884,-0.957549,-0.826920
25885,-0.525823,-1.012058
25886,0.118030,0.667146
25887,0.122035,-1.420270
25888,-0.727065,-0.600557
25889,0.255018,-0.892106
25890,0.869087,-1.617078
25891,-2.068711,-1.578924
25892,-1.735479,-2.121036
25893,-0.746533,-1.237939
25894,0.360565,-1.747118
25895,1.934785,-0.093574
25896,-0.170437,1.270527
25897,-1.049056,0.724091
25898,0.105189,-1.273262
25899,-1.064176,0.425495
25900,-0.161391,0.542235
25901,1.462471,-0.388272
25902,0.173827,-0.877830
25903,-1.194017,-0.246729
25904,1.408384,0.014745
25905,1.482886,-0.733894
25906,0.365168,0.353011
25907,0.343199,0.644984
25908,-1.302531,-0.789443
25909,0.138880,-1.477488
25910,-3.352241,-0.539441
25911,-0.169459,-0.225668
25912,-1.616358,-0.102973
25913,-1.403421,-0.011197
25914,-3.633399,-1.348298
25915,-0.442839,-1.226123
25916,-0.992888,-0.617378
25917,0.402028,0.478245
25918,1.627150,-1.437585
25919,1.196472,-0.858478
25920,-1.807642,0.914907
25921,0.436681,0.131798
25922,0.356746,-0.971022
25923,0.949298,-0.955661
25924,0.150734,1.352321
25925,1.082815,0.833870
25926,-0.697835,0.525507
25927,-2.373387,0.064205
25928,2.357678,0.004362
25929,2.211909,-0.253129
25930,0.814402,0.399977
25931,-0.068354,0.556639
25932,0.780016,0.753520
25933,0.618146,0.678400
25934,-0.136348,-1.082213
25935,2.380069,-0.241940
25936,0.837368,-1.110601
25937,2.467167,-0.057525
25938,0.853546,1.165402
25939,-0.041024,-0.127057
25940,1.143826,0.055164
25941,-2.310401,0.300464
25942,2.860556,0.205763
25943,-1.085582,0.917624
25944,-0.772538,0.165855
25945,0.502178,-0.415829
25946,1.245760,3.777319
25947,-0.647786,-0.757894
25948,0.345693,1.057851
25949,0.466186,2.483758
25950,0.406618,-0.303162
25951,2.446416,-0.238356
25952,-2.207035,-0.190788
25953,0.295139,2.362820
25954,-1.036493,0.006754
25955,0.117348,2.671762
25956,0.153342,1.132296
25957,-0.135842,0.735512
25958,1.130768,2.355743
25959,1.357585,0.895556
25960,-1.378196,3.005457
25961,0.688981,1.229301
25962,0.516955,-0.824030
25963,-0.273019,1.998883
25964,2.333863,0.773525
25965,0.819630,-0.893935
25966,0.772522,0.905225
25967,-0.785752,2.251167
25968,-0.508917,-1.363686
25969,1.867909,0.595892
25970,0.636339,0.704575
25971,-0.332184,0.448544
25972,1.165805,0.449941
25973,-0.806664,0.198799
25974,1.254353,0.546140
25975,0.159745,1.239467
25976,-1.808323,0.271229
25977,2.534057,0.299076
25978,1.814347,-1.514080
25979,1.500492,-0.287252
25980,1.524286,1.812151
25981,1.853467,0.380443
25982,1.950544,1.896691
25983,-0.620359,1.619348
25984,1.180335,1.654955
25985,0.299075,2.256499
25986,-0.247519,0.516016
25987,0.938775,4.108313
25988,1.636334,1.199399
25989,-0.153438,2.227840
25990,0.987136,1.154803
25991,-0.932857,-1.566237
25992,0.672999,1.268853
25993,1.081692,0.699148
25994,0.878274,2.898733
25995,0.588377,-0.003276
25996,0.490157,-0.224358
25997,-0.253571,2.172137
25998,0.481882,0.003973
25999,1.153346,-1.200462
26000,0.874988,-0.142938
26001,1.810632,-0.265698
26002,-0.158227,0.106682
26003,-1.493027,1.313655
26004,1.454699,-0.725554
26005,-0.824844,0.902554
26006,-1.386099,-0.186950
26007,0.227565,0.180181
26008,-0.420459,2.070916
26009,-1.594879,0.559902
26010,-0.891499,0.668290
26011,-2.087713,0.304684
26012,-0.422331,-0.164975
26013,-1.652330,0.871545
26014,-1.170278,0.359103
26015,-1.721145,1.808275
26016,-0.682282,0.535931
26017,-2.072204,-0.950857
26018,0.033713,-0.741612
26019,0.582024,-2.221429
26020,-1.826740,1.314375
26021,-1.934345,-0.192680
26022,0.013786,-0.043215
26023,-1.807519,2.046431
26024,-3.083243,-0.266486
26025,1.155941,1.549771
26026,0.778159,1.146418
26027,2.098705,0.328807
26028,0.980127,1.582746
26029,-0.467720,-0.214482
26030,0.723210,0.887404
26031,-2.522912,0.442454
26032,-0.137142,-1.593087
26033,1.354164,-0.856627
26034,-1.718252,-1.807362
26035,-2.276011,-0.812439
26036,0.815430,-0.522767
26037,0.376032,0.898872
26038,0.701826,-0.080235
26039,0.501364,-0.140377
26040,1.538654,-0.076243
26041,-1.316891,0.075233
26042,0.911275,-0.553151
26043,0.608726,-0.999638
26044,1.146774,0.340243
26045,0.504993,-0.625812
26046,2.499004,-0.661663
26047,0.392295,-0.341846
26048,0.745260,-0.673373
26049,1.077904,-1.018654
26050,0.762210,0.265776
26051,0.770869,-1.222613
26052,1.468524,-0.884394
26053,1.927462,-0.975041
26054,0.935481,-0.093219
26055,0.378290,-0.951977
26056,1.639210,-0.979296
26057,0.640489,-0.938910
26058,1.387936,-0.997541
26059,1.098094,-0.187564
26060,-0.399533,1.914024
26061,-0.111954,1.021619
26062,1.896120,0.470935
26063,0.069842,0.771843
26064,1.141927,-0.125681
26065,-0.007066,1.519242
26066,1.439530,-0.535515
26067,0.774309,0.784255
26068,-1.784413,-1.827466
26069,0.425664,-0.696839
26070,-1.239359,-1.266900
26071,-1.430673,-0.444521
26072,-0.745538,-0.184206
26073,1.130119,-0.713895
26074,-0.200365,-0.509544
26075,2.522162,-0.744986
26076,1.540012,-0.984150
26077,0.780128,-0.815813
26078,0.368208,0.084651
26079,1.435363,-1.131296
26080,-0.319074,-1.708562
26081,0.884682,-1.728320
26082,0.820794,-0.209077
26083,-1.026782,0.574136
26084,1.272000,0.668735
26085,0.113274,1.456632
26086,0.648862,-1.050608
26087,0.627164,-0.467763
26088,1.859528,-0.451645
26089,-0.317214,-0.883369
26090,1.697692,-1.420294
26091,2.045795,-0.757581
26092,-0.481159,-0.991194
26093,0.121440,-0.776389
26094,-0.767166,-1.282885
26095,-1.332736,0.814886
26096,0.582699,-0.964708
26097,0.830576,-0.423271
26098,1.467090,-0.574862
26099,0.904012,-0.119478
26100,0.645113,-0.011421
26101,1.427818,-0.226616
26102,-1.278650,-0.487330
26103,0.996835,-0.557483
26104,1.566167,-0.353585
26105,-0.547119,-1.770641
26106,-1.136494,-2.161689
26107,-1.107544,0.453873
26108,-2.927942,-1.201535
26109,0.552846,-1.601843
26110,0.802987,-1.285265
26111,-0.955384,-0.461672
26112,0.144060,-0.287525
26113,-0.567493,-0.839080
26114,-0.469151,-1.147328
26115,-0.703935,-0.265128
26116,0.275051,-0.202951
26117,0.004176,-0.168960
26118,-2.389858,-0.382234
26119,-0.466901,-1.099908
26120,-1.385914,0.172028
26121,-1.056960,0.041914
26122,-0.310840,-0.027290
26123,-0.620908,-0.486243
26124,-1.618939,-0.729218
26125,-0.978510,-0.382075
26126,-0.484547,-1.253343
26127,-2.381342,-0.601372
26128,-1.881380,-0.398061
26129,-0.956176,-0.559906
26130,-1.662451,-0.395788
26131,1.237314,-0.094906
26132,-1.304073,0.278454
26133,0.779052,0.856762
26134,1.768225,0.286584
26135,-1.430545,3.606806
26136,-0.758577,-0.175860
26137,1.040626,0.006912
26138,1.180857,-0.711831
26139,-2.147044,-0.795835
26140,-1.576576,0.110218
26141,-1.480875,-0.341656
26142,-2.201834,0.468227
26143,-1.688622,-0.234904
26144,-1.943761,-2.028689
26145,-1.918657,-1.454970
26146,-2.371125,-2.123886
26147,-2.006184,0.203623
26148,0.662838,0.436037
26149,0.626012,-0.325397
26150,1.251128,-0.823693
26151,2.226576,-0.898951
26152,1.324415,0.335497
26153,-1.588297,-0.880428
26154,0.621102,-1.610210
26155,2.953077,-0.471155
26156,0.074584,-0.521166
26157,-0.900642,1.094955
26158,-0.985422,0.384219
26159,-1.863485,-1.725553
26160,-1.184727,-1.366954
26161,-1.073096,-1.035208
26162,0.699585,0.071177
26163,-0.498257,0.620115
26164,-0.288119,0.519005
26165,2.304240,-0.829790
26166,0.343960,-0.114605
26167,-0.087271,-1.592935
26168,-3.462329,-3.153300
26169,0.981094,-1.350573
26170,-1.841324,-0.717493
26171,0.863105,-1.490830
26172,1.850551,-1.317863
26173,0.900195,-1.884803
26174,-1.687385,3.494532
26175,1.429970,0.259392
26176,-1.816907,0.916710
26177,-0.037587,-0.013870
26178,-1.177357,0.274369
26179,0.572593,2.120096
26180,1.804162,0.505311
26181,-1.073299,1.505309
26182,-2.016966,-0.270865
26183,-0.984803,-0.018582
26184,1.425000,-0.994855
26185,-2.604161,0.857448
26186,1.019501,3.120419
26187,-1.041196,-0.151325
26188,-0.733135,-0.642036
26189,0.185666,-0.148938
26190,-0.477081,-0.324538
26191,-1.685691,-0.620670
26192,-0.118012,1.038064
26193,-3.067407,1.834022
26194,0.650856,-0.411359
26195,-0.359883,0.415984
26196,0.729494,0.153989
26197,-2.962240,0.493095
26198,0.442922,1.630628
26199,-1.122123,0.363518
26200,0.001142,0.071867
26201,-3.355234,-1.229115
26202,-0.920833,-0.098078
26203,-0.452883,-0.725774
26204,0.497160,-1.085254
26205,-1.982160,0.094303
26206,1.887144,-0.593990
26207,0.068180,0.374126
26208,-0.069552,0.441762
26209,-0.124571,-0.464975
26210,-1.020984,-1.492786
26211,-2.211081,-1.264041
26212,-1.647902,1.371630
26213,-0.243899,0.214849
26214,0.331680,-0.200062
26215,0.608936,0.435982
26216,0.688267,0.109350
26217,0.047390,-0.451415
26218,-1.323899,-0.158581
26219,-3.730052,-1.445059
26220,-1.071021,-0.377939
26221,0.996684,-1.022549
26222,1.511025,-0.992799
26223,-1.174750,-0.137057
26224,-0.988446,-0.524554
26225,-0.549554,-1.002312
26226,1.637350,-0.828939
26227,-0.876998,1.404760
26228,-1.516824,-1.809472
26229,-3.026338,-2.203950
26230,-2.260863,1.595380
26231,-1.576759,-0.494804
26232,-0.662761,-0.538656
26233,-0.802337,-0.686744
26234,-1.280274,-0.162987
26235,0.443857,-1.825167
26236,0.680712,-1.422518
26237,1.205071,-0.343394
26238,-1.572530,-1.841410
26239,-0.483151,-0.780096
26240,-0.904270,-1.926245
26241,2.262986,-1.132263
26242,1.953394,-1.341108
26243,0.555461,1.459199
26244,-0.193288,0.005843
26245,-0.588423,1.042275
26246,2.534403,-1.171434
26247,1.049861,-0.338505
26248,0.060840,-0.716719
26249,1.131588,-0.875295
26250,-2.873682,0.620976
26251,-2.608726,-2.744075
26252,0.263122,-2.711743
26253,-0.331279,-0.141441
26254,0.750046,-0.265136
26255,-0.758315,1.211694
26256,-0.791433,-1.260738
26257,-1.459185,-0.022060
26258,-0.237315,0.030970
26259,-1.442797,-0.049641
26260,-0.091036,-0.609155
26261,-1.140993,1.443423
26262,-1.702757,-1.167791
26263,1.247910,-0.320240
26264,-1.548594,-1.052958
26265,0.878349,-0.362523
26266,-3.149686,0.228233
26267,2.869699,-0.232124
26268,1.529041,-1.250205
26269,0.615478,-0.413965
26270,-0.034141,0.395123
26271,-0.291243,-0.409769
26272,0.628779,0.371005
26273,-1.173470,3.076411
26274,-4.406561,-0.101683
26275,-0.396431,-0.661144
26276,1.251457,-0.546294
26277,0.216857,-0.119926
26278,0.035586,0.118652
26279,-0.686457,0.236911
26280,-0.129683,0.538451
26281,-0.388773,-0.315620
26282,-1.413502,-0.472622
26283,-0.817760,0.060210
26284,-0.715517,-1.411303
26285,-0.993938,-0.201184
26286,-0.447692,0.419332
26287,-0.832864,0.062016
26288,0.549437,-0.545936
26289,-0.447999,0.082422
26290,0.522012,0.007769
26291,-0.061742,-0.388108
26292,0.760671,-0.030686
26293,1.009166,0.239724
26294,0.882645,-0.720424
26295,0.664480,0.669085
26296,0.264292,-0.083136
26297,0.024629,-0.728098
26298,0.590386,-0.826681
26299,-0.329861,1.560155
26300,-0.709907,-1.279197
26301,-0.366047,1.249085
26302,-2.289534,0.196671
26303,-0.256435,-1.040578
26304,0.206082,1.106353
26305,-2.054929,-0.187521
26306,0.285815,1.465701
26307,0.738939,-0.492694
26308,0.052818,-0.597019
26309,1.697706,-0.806117
26310,0.653125,-0.857321
26311,-1.566200,-1.251767
26312,0.277600,-1.169677
26313,-0.150909,-0.274239
26314,0.696488,-0.869602
26315,-1.166400,-0.106801
26316,-0.032862,-0.392396
26317,0.253495,0.454451
26318,0.261949,-0.104243
26319,0.319618,-0.520532
26320,0.121691,0.130543
26321,0.977830,-0.842981
26322,0.268808,1.214362
26323,-0.139568,-0.676368
26324,0.790037,-0.880009
26325,0.476103,-0.612464
26326,0.746258,-1.188074
26327,1.043740,0.690197
26328,-0.179399,0.598846
26329,0.430091,-0.782714
26330,0.459388,0.146946
26331,1.178344,0.154535
26332,-0.288190,0.101414
26333,-0.107814,0.060920
26334,0.386341,-0.058332
26335,0.413446,-0.627660
26336,0.296913,-0.884240
26337,-0.670766,0.036746
26338,1.687760,-0.440471
26339,0.061922,-1.253584
26340,1.831579,-0.258149
26341,-0.394126,-0.143784
26342,0.146536,-0.755825
26343,-2.532498,0.412065
26344,-2.209895,0.852551
26345,0.675182,-0.499384
26346,0.171595,0.061929
26347,-0.184169,0.042017
26348,-0.865135,-0.787135
26349,0.587490,1.151503
26350,0.879803,-0.224969
26351,1.186068,0.180160
26352,0.963310,-0.688522
26353,0.148116,-0.613422
26354,0.828915,0.308423
26355,-2.497040,-0.338125
26356,-0.985070,-2.115738
26357,1.244135,-0.161783
26358,2.052729,-0.109984
26359,-1.113727,-0.435616
26360,-0.818916,-0.441977
26361,-1.495951,0.445524
26362,-0.859989,1.055408
26363,-0.289457,1.507584
26364,1.101243,-0.481052
26365,-0.225853,-1.453902
26366,1.151304,-0.828115
26367,-0.560200,-1.083613
26368,-0.418830,-0.281953
26369,0.487003,-1.248249
26370,-0.539695,-0.181439
26371,1.543965,-1.391773
26372,-0.800777,0.603152
26373,0.029784,-1.041187
26374,-0.995921,0.548009
26375,0.369140,-0.537613
26376,-0.478170,-1.273662
26377,-0.484075,-0.299672
26378,0.148534,-1.143839
26379,1.039842,-0.579373
26380,0.291307,-0.310331
26381,1.112050,0.082428
26382,0.361579,-1.079750
26383,-0.870577,-0.714867
26384,1.232966,-0.578466
26385,1.361397,0.360885
26386,0.267105,-0.500400
26387,0.606828,-0.476721
26388,0.244028,0.100885
26389,-0.545094,0.379627
26390,0.350018,-0.454621
26391,0.813268,-0.141714
26392,0.376277,-0.109332
26393,-0.898952,-0.286672
26394,-1.409217,0.483620
26395,-1.219225,0.664742
26396,-1.470615,0.325403
26397,0.565847,-0.039168
26398,-2.933183,0.848986
26399,-0.916458,0.759558
26400,-0.626536,-0.362599
26401,0.681658,0.100746
26402,-1.082713,2.690359
26403,0.919650,-1.056104
26404,-2.077820,1.645658
26405,-0.574616,1.272446
26406,-2.586516,0.862334
26407,-2.905914,-1.692597
26408,0.533767,0.086472
26409,-0.699216,-0.054341
26410,-0.117710,0.396644
26411,-2.198539,0.232868
26412,0.172983,0.181535
26413,0.026624,4.689302
26414,-1.017324,0.017401
26415,-1.304548,2.106126
26416,1.308391,2.573890
26417,-0.334943,-0.799053
26418,1.367098,-0.154596
26419,1.290614,-0.110861
26420,-3.817252,1.130201
26421,-1.355709,1.622605
26422,-1.367121,0.675826
26423,-0.081305,0.739820
26424,-1.024398,0.764274
26425,-1.280781,0.945051
26426,-0.003784,-0.648326
26427,-0.897360,-0.260111
26428,-2.704704,-1.990556
26429,-0.282548,0.066757
26430,-3.386877,-2.126125
26431,-0.172548,0.053192
26432,-0.858506,0.934976
26433,-0.635975,0.450010
26434,-0.595859,0.029502
26435,-1.108078,0.544630
26436,-0.229056,0.230566
26437,-0.238172,-0.252126
26438,-0.703274,0.490516
26439,0.055992,-0.567097
26440,0.717310,-0.943688
26441,0.030764,-0.592647
26442,1.337274,-0.857439
26443,-1.753681,0.490358
26444,0.473242,-1.023125
26445,-4.722000,-1.350420
26446,-0.918662,-0.505408
26447,0.371288,-0.523654
26448,-1.907120,2.316265
26449,-3.620606,-0.948055
26450,0.490824,0.919142
26451,-0.231760,-0.426126
26452,0.906267,0.851697
26453,1.266205,-0.961097
26454,-1.231078,0.895225
26455,0.640310,-0.605191
26456,-0.430028,0.037269
26457,-0.739457,0.197611
26458,-0.592946,0.311204
26459,-1.148795,1.371313
26460,-0.403383,0.120687
26461,0.030386,-0.642075
26462,0.957959,-1.304859
26463,-1.005922,0.492119
26464,-1.038504,-0.869137
26465,0.711795,-0.669111
26466,1.505413,-0.230001
26467,0.389799,1.524305
26468,0.102388,-0.461131
26469,1.178549,0.758961
26470,-1.552896,-0.103424
26471,-1.271857,-0.669445
26472,1.282484,-0.403312
26473,1.218461,-1.215817
26474,1.355545,-0.696618
26475,-0.599645,-1.364116
26476,-1.812865,-1.567217
26477,1.860245,-0.779516
26478,-0.688048,-1.070126
26479,-0.102926,-1.510409
26480,-0.158001,-1.419953
26481,-1.985432,1.386077
26482,-1.214557,-0.422482
26483,1.483423,-0.911498
26484,-2.596870,-0.311081
26485,1.672139,-0.006518
26486,-1.204144,-1.717595
26487,0.205477,-0.498251
26488,-1.733138,-0.890705
26489,0.727772,0.760996
26490,-2.709852,-3.289051
26491,-0.546036,-0.211359
26492,-1.289412,-0.616353
26493,1.979179,-1.078713
26494,1.942022,-0.678095
26495,0.750026,-0.776226
26496,0.343478,-2.274472
26497,-0.775754,-1.801180
26498,-2.382993,-1.138793
26499,0.721088,-1.626706
26500,0.151120,-0.235181
26501,0.403229,-1.154520
26502,0.854268,2.010646
26503,1.046168,-0.978638
26504,0.417657,-0.579288
26505,0.018030,-0.981291
26506,-0.540062,2.012454
26507,1.633857,-0.740839
26508,0.769606,-0.566210
26509,1.447681,-0.313779
26510,0.188809,0.017114
26511,-2.024374,-1.537615
26512,0.815130,-0.113963
26513,1.618472,1.229369
26514,0.449126,-1.685184
26515,1.237849,-0.226722
26516,-1.801816,-3.221440
26517,-3.360824,-0.727226
26518,1.779475,0.474728
26519,1.511591,0.239956
26520,1.140734,-0.173758
26521,-0.269256,2.312541
26522,0.866857,-0.756930
26523,1.937136,-0.397812
26524,-0.155611,2.852475
26525,0.820179,-0.010776
26526,-1.199022,3.787372
26527,0.665870,1.755519
26528,1.324570,0.345068
26529,-2.845637,1.919519
26530,-0.371959,0.698844
26531,0.774356,0.429206
26532,-1.042938,2.650964
26533,-2.057298,-0.036404
26534,0.323496,2.929817
26535,-0.974129,0.904986
26536,1.037781,4.731110
26537,0.973628,0.670521
26538,0.687649,1.390823
26539,-0.492906,1.095477
26540,0.555271,0.533658
26541,-0.239561,-0.430347
26542,1.069651,0.063274
26543,-0.759134,1.013368
26544,1.735379,0.109026
26545,0.302960,0.501437
26546,-0.165562,1.730382
26547,-0.007511,2.701445
26548,0.072239,-0.102533
26549,-0.967630,2.120756
26550,-0.256270,0.699005
26551,0.582939,-0.110978
26552,0.649435,-0.840515
26553,-2.386542,0.270971
26554,-0.817204,0.345176
26555,0.277083,0.252144
26556,1.614375,1.083378
26557,1.516749,0.144262
26558,0.590908,1.368183
26559,0.657131,0.292511
26560,0.103759,0.888654
26561,2.454537,-1.664164
26562,0.842104,-0.931710
26563,0.042792,1.075701
26564,0.231278,-0.395738
26565,-0.836761,0.048927
26566,0.596784,-0.735527
26567,0.689804,0.813140
26568,-1.044354,1.661391
26569,0.760940,1.002265
26570,0.504818,0.014098
26571,0.244409,1.245780
26572,0.168921,0.069542
26573,0.736370,0.303445
26574,0.366801,0.636936
26575,-2.108713,0.003947
26576,-1.197380,-0.364428
26577,-2.150321,-1.880467
26578,0.412372,0.511092
26579,2.063885,0.445635
26580,-1.027665,-1.775922
26581,1.370534,-0.644349
26582,2.604752,-0.770181
26583,0.437389,0.435524
26584,-2.733355,-2.766269
26585,-0.251822,0.230675
26586,1.979233,-0.884707
26587,0.737393,-1.011646
26588,1.612447,-0.326027
26589,0.560644,-0.148407
26590,-1.286684,1.073592
26591,-0.536338,0.416261
26592,-0.559605,-1.549591
26593,-0.408723,-0.847153
26594,-0.358993,0.882087
26595,0.733789,0.861606
26596,0.109641,-0.961226
26597,1.590396,-0.532764
26598,0.920967,-0.166048
26599,0.174577,-1.387192
26600,1.136736,-1.010622
26601,1.914996,-0.933960
26602,-1.535126,0.071238
26603,2.163401,-0.405220
26604,2.609220,-0.132771
26605,0.928271,-0.410066
26606,-0.223412,-1.557093
26607,0.640211,-0.083138
26608,0.777399,0.921814
26609,0.101384,1.110772
26610,0.949648,0.173612
26611,-0.100496,2.143817
26612,0.564133,0.240267
26613,-1.819275,1.628686
26614,1.538848,-0.391859
26615,0.642709,0.052337
26616,1.491089,0.439569
26617,-1.042249,1.856456
26618,-0.866218,0.313815
26619,-0.061822,-1.118900
26620,0.489258,0.650585
26621,0.982609,-0.737729
26622,0.292309,-0.365616
26623,0.307343,-0.273934
26624,-3.121908,-0.333607
26625,-1.873545,-2.031802
26626,1.685860,1.691361
26627,2.250950,-0.124760
26628,0.815034,-0.186725
26629,-1.491586,0.735163
26630,-0.978987,3.413786
26631,0.482117,0.585647
26632,-0.844500,-0.729829
26633,1.103388,-0.727203
26634,-0.931086,-2.165906
26635,-0.093385,-1.181548
26636,1.269173,-0.272894
26637,0.480992,-0.775062
26638,-0.492838,-0.232732
26639,-1.468377,-2.804162
26640,0.718232,-0.331332
26641,-1.138612,0.845336
26642,-0.814960,0.262572
26643,-1.366386,-0.493641
26644,-0.231334,1.148467
26645,2.041790,-0.260929
26646,-0.133526,-0.144166
26647,-0.677777,1.102980
26648,0.457309,0.393244
26649,-2.409792,-0.077110
26650,-0.296062,-0.525645
26651,0.743476,0.599308
26652,-0.265949,-0.151359
26653,0.378199,-0.598302
26654,0.697280,-0.207126
26655,-1.261285,0.210876
26656,-0.294843,-0.129345
26657,0.551770,0.906818
26658,1.261972,0.169869
26659,-0.089707,0.160001
26660,-1.061494,-0.320579
26661,-3.296386,-0.886498
26662,0.810973,0.108042
26663,-1.409748,-1.556217
26664,1.174806,1.867724
26665,-1.304159,-0.218630
26666,-0.257229,0.791763
26667,-1.709424,1.068742
26668,1.786755,-0.351821
26669,0.944758,-1.338546
26670,2.084902,-0.781546
26671,0.134142,-1.198509
26672,0.257961,-0.009112
26673,1.817579,-0.681916
26674,0.034828,-0.496657
26675,-0.063398,0.569631
26676,0.453316,1.688402
26677,1.928595,0.413200
26678,-0.050459,-0.337399
26679,-0.364815,2.512230
26680,-1.351671,0.866998
26681,-0.761410,0.167272
26682,-2.152661,-0.172153
26683,0.887100,0.557797
26684,-0.830340,0.368407
26685,1.062966,-0.850878
26686,0.247681,-0.830828
26687,0.247651,-0.211370
26688,-0.377321,1.233191
26689,1.603297,0.108232
26690,1.384652,0.277317
26691,0.849220,0.133207
26692,1.672283,0.086486
26693,0.865233,-0.710518
26694,0.374987,-0.327584
26695,0.610884,-0.154727
26696,0.722359,-0.499940
26697,0.438087,0.406477
26698,0.361559,-0.239048
26699,0.430707,-0.237289
26700,1.438207,-0.630973
26701,-0.850580,0.125044
26702,2.011265,-0.680153
26703,-0.267924,0.334188
26704,0.489216,0.227968
26705,0.924171,-0.740982
26706,-0.253564,0.013914
26707,-0.721601,-0.064313
26708,-0.880454,0.406391
26709,-1.023437,1.096296
26710,-1.319075,0.068849
26711,-0.716931,-0.441239
26712,1.380146,-0.229772
26713,1.194931,0.279708
26714,2.046924,0.117426
26715,1.701662,-0.398836
26716,0.702816,0.263811
26717,1.225329,-0.354280
26718,1.464316,1.266199
26719,0.971619,-0.148569
26720,1.261186,-0.228627
26721,-0.589475,0.279849
26722,1.690647,-0.796674
26723,2.162304,-1.369170
26724,1.946204,-0.402970
26725,1.352394,-0.476984
26726,0.198919,1.296593
26727,1.199934,0.496500
26728,0.241353,0.144990
26729,0.516547,-0.731417
26730,1.836552,-0.385072
26731,-0.937999,0.210990
26732,-2.695475,0.225334
26733,0.362085,-1.239899
26734,-0.525076,0.065672
26735,-0.489266,-1.161116
26736,1.259808,-1.411860
26737,-1.840362,-1.794153
26738,0.951368,-0.965995
26739,-0.075782,0.068265
26740,-0.760474,-0.376625
26741,-0.502339,-0.002394
26742,-2.126565,0.623424
26743,-2.052215,1.060064
26744,-0.052289,-0.250731
26745,1.340545,-0.769645
26746,-2.597593,1.663148
26747,-0.311976,1.158296
26748,-0.435139,1.048435
26749,0.301519,2.290412
26750,1.467024,2.635963
26751,-0.960819,-0.721703
26752,0.000472,2.601487
26753,-1.299928,0.684202
26754,0.746341,-0.505339
26755,0.096971,1.969546
26756,2.890097,0.330634
26757,2.005773,0.517065
26758,-0.157612,2.594425
26759,1.159694,0.396054
26760,0.721738,3.424939
26761,0.248781,1.323723
26762,0.588418,1.028911
26763,1.751901,-0.249086
26764,1.117433,0.626533
26765,-3.485114,-2.671980
26766,-0.000192,2.597515
26767,0.574867,1.169368
26768,1.810284,-0.359589
26769,0.338286,-1.306994
26770,0.402790,1.110296
26771,-0.327950,0.179378
26772,0.331806,2.053547
26773,1.705371,1.180694
26774,0.629104,2.225821
26775,1.386277,0.736296
26776,1.659768,0.278644
26777,-0.023891,-1.018119
26778,-0.109227,1.854619
26779,-0.979178,2.117952
26780,1.615610,0.652846
26781,0.324647,0.663169
26782,1.373331,1.202859
26783,1.966541,-0.532770
26784,1.372793,0.650765
26785,1.711125,-0.060535
26786,1.477390,-0.161246
26787,0.071070,0.860344
26788,2.323462,-0.234559
26789,-1.479612,-1.217398
26790,-2.451718,-1.619751
26791,-0.509987,0.318135
26792,0.250486,0.136585
26793,1.368228,-0.482846
26794,3.055935,-1.251377
26795,-0.493160,3.184187
26796,0.120973,1.890822
26797,-1.520276,1.038963
26798,0.787776,4.055687
26799,0.714909,0.791820
26800,-1.268597,0.834303
26801,1.468053,0.079124
26802,0.606992,0.221020
26803,-1.879082,1.797146
26804,0.615784,2.691402
26805,0.442834,0.766102
26806,1.239838,-0.076480
26807,-3.494257,1.622498
26808,3.176819,-0.520182
26809,1.177758,0.747791
26810,0.315598,0.520171
26811,0.630858,1.283220
26812,0.308680,0.672670
26813,0.178129,2.928696
26814,1.833315,1.939065
26815,1.737095,1.216846
26816,0.111738,0.384073
26817,-0.571975,2.954447
26818,-0.162396,3.078970
26819,1.961698,0.272523
26820,-2.400604,-1.607510
26821,1.414578,1.464857
26822,-0.280355,0.452407
26823,-0.875603,3.242512
26824,-1.163569,3.034387
26825,-0.645323,0.958059
26826,0.825916,0.869860
26827,0.163467,0.605739
26828,0.218575,0.868402
26829,0.875371,0.173798
26830,2.613131,0.123435
26831,0.880324,0.708836
26832,0.492695,0.184564
26833,0.260666,0.696454
26834,0.134262,0.006577
26835,1.357371,0.240482
26836,1.602691,0.279725
26837,-1.072479,-0.343911
26838,2.146470,-0.326857
26839,0.220830,1.800771
26840,0.602921,2.417984
26841,-1.236325,0.542995
26842,0.866092,-0.709248
26843,1.849179,0.105518
26844,-1.620872,0.094103
26845,-1.075769,0.263207
26846,0.526859,0.261919
26847,1.442549,0.538367
26848,1.729552,0.438618
26849,1.069921,0.338101
26850,0.884475,0.097870
26851,1.045300,1.762931
26852,0.228801,1.250931
26853,1.147647,0.231310
26854,-1.971293,1.331929
26855,1.806717,0.940844
26856,0.687041,1.230323
26857,-0.029690,1.646027
26858,-0.148841,1.664355
26859,1.173662,2.675144
26860,0.845537,1.939355
26861,0.765202,3.591099
26862,2.285612,0.495038
26863,0.784653,0.111315
26864,0.490100,-1.073277
26865,1.173912,-1.126175
26866,1.275334,-0.345831
26867,-0.210994,-0.213611
26868,1.636628,-0.255768
26869,0.674701,0.804006
26870,-1.497684,2.139778
26871,-0.507589,1.576742
26872,-0.008069,1.611261
26873,-2.016374,-0.844500
26874,1.114675,1.422666
26875,1.404692,0.679386
26876,0.269186,0.328693
26877,1.097314,0.315294
26878,2.154426,-0.740528
26879,-0.477866,-0.020435
26880,1.581919,0.086348
26881,0.632325,-0.373829
26882,-0.330401,0.787565
26883,1.957505,1.344860
26884,0.463667,1.218306
26885,0.958226,2.166431
26886,0.151128,-0.790695
26887,-0.233559,0.921079
26888,0.530733,0.486914
26889,1.060665,0.942420
26890,-0.828044,1.741273
26891,1.216402,0.934140
26892,-0.700587,-0.895911
26893,-1.629400,0.225657
26894,-0.170326,1.969686
26895,-0.539198,-0.525538
26896,-0.602522,-0.776643
26897,-1.291558,0.841873
26898,1.504482,0.176729
26899,-2.378034,-1.245316
26900,-0.656939,-0.786548
26901,1.833419,1.351156
26902,-0.412077,1.110174
26903,-1.958052,1.662119
26904,-0.232529,0.659280
26905,-0.274597,1.525847
26906,0.471844,-0.754663
26907,1.896323,0.706171
26908,0.629546,1.095148
26909,1.258500,0.847289
26910,1.521070,0.711445
26911,0.519304,2.097080
26912,-1.232880,1.022987
26913,-1.016005,1.863793
26914,-0.999559,0.215266
26915,-1.303378,1.065998
26916,-3.126944,1.117617
26917,-0.237700,-0.645902
26918,-1.699127,0.141445
26919,-2.245189,1.046696
26920,-1.192605,1.361382
26921,-0.004891,0.962274
26922,-2.041652,1.022618
26923,-1.668680,0.723651
26924,-1.313287,0.944082
26925,-0.561987,1.517228
26926,1.030308,0.459262
26927,1.384906,0.348245
26928,1.352631,2.447241
26929,0.225050,2.383650
26930,2.067563,0.868015
26931,0.555567,2.675718
26932,1.473256,0.688511
26933,-0.744546,-0.204184
26934,-0.696942,-0.461910
26935,-0.051498,0.486133
26936,0.239878,3.685472
26937,-0.870056,0.358186
26938,-0.329910,2.983516
26939,-1.072974,1.027506
26940,1.381179,1.050140
26941,-1.695761,1.099349
26942,0.853095,0.755711
26943,0.824241,0.751902
26944,-0.016655,0.570103
26945,2.194976,0.257419
26946,-1.832049,1.676497
26947,1.033513,-0.132263
26948,2.696902,0.133427
26949,0.945201,0.425857
26950,1.861186,0.294192
26951,0.619032,-0.895817
26952,1.344670,0.517756
26953,0.909577,-0.774634
26954,0.492204,0.301134
26955,0.403252,0.672669
26956,-1.524691,4.374583
26957,-0.015514,2.882374
26958,1.564156,4.187627
26959,1.103694,0.747838
26960,1.867601,0.175597
26961,0.542885,-0.623684
26962,0.558810,0.192889
26963,-0.328978,3.846861
26964,1.247488,0.288850
26965,0.060532,-0.719300
26966,1.091414,-0.356606
26967,-0.290787,1.251271
26968,-2.018571,-0.372357
26969,0.159801,1.371511
26970,-1.440008,0.314386
26971,1.158432,-0.720374
26972,1.652768,2.654395
26973,1.843793,-0.354765
26974,2.168665,0.736930
26975,1.120378,0.654669
26976,0.772458,0.101283
26977,0.663495,-0.127696
26978,-0.729368,-1.389518
26979,1.462379,0.623953
26980,1.033342,1.817619
26981,-0.194215,-0.127946
26982,1.176107,0.745242
26983,0.477387,-0.866170
26984,-1.103397,-0.124638
26985,-1.646400,0.590651
26986,-1.236047,-1.008868
26987,-1.349886,3.634845
26988,0.513706,-0.198661
26989,0.508865,-0.274342
26990,-1.560764,2.972200
26991,1.194901,-0.118917
26992,-1.441847,1.040498
26993,-3.888966,0.295734
26994,1.595561,1.192731
26995,2.382380,0.193579
26996,1.428119,-0.153586
26997,-2.356021,1.117221
26998,1.741600,-0.363360
26999,1.828622,0.096357
27000,0.649770,-0.120392
27001,0.467370,0.419046
27002,-3.097904,1.917154
27003,0.557670,0.492639
27004,0.169218,0.674147
27005,0.980442,1.940419
27006,2.358643,1.358211
27007,1.724408,0.531165
27008,1.738045,-0.407322
27009,-0.023629,0.347727
27010,0.286728,-0.813904
27011,1.189465,0.403121
27012,1.265566,0.484990
27013,0.383910,0.088754
27014,1.241305,0.275535
27015,0.725583,-1.207196
27016,0.740462,5.038380
27017,0.597677,3.314842
27018,-1.579010,-0.614546
27019,-0.083582,-0.031451
27020,0.476938,0.166981
27021,1.226457,1.244269
27022,-0.192569,0.069216
27023,2.158426,-0.773544
27024,1.451964,0.005880
27025,1.470301,0.318077
27026,2.241921,-0.173468
27027,1.661791,-0.243731
27028,-3.137475,-1.200573
27029,0.966354,-0.245101
27030,-0.642476,0.046820
27031,-0.625670,0.626718
27032,-2.103214,-0.556532
27033,-0.675772,1.909540
27034,0.363359,0.733781
27035,1.043796,0.174655
27036,0.288544,0.037597
27037,-1.195229,-0.343356
27038,-1.600513,-1.213778
27039,0.441134,0.903993
27040,0.154166,1.529170
27041,1.125362,-0.415986
27042,0.954483,1.452152
27043,1.070524,1.706990
27044,0.498370,2.174890
27045,1.426218,3.113450
27046,-0.463995,0.534863
27047,2.192577,0.268293
27048,0.242870,-1.026763
27049,1.076159,0.704764
27050,2.768448,-0.430615
27051,0.916185,0.375687
27052,1.022474,-0.927303
27053,0.364080,0.642982
27054,0.587231,0.723136
27055,1.467988,-0.757681
27056,0.537231,1.969234
27057,2.368221,-0.907765
27058,-0.400981,-0.146288
27059,0.184068,-0.520860
27060,-1.887142,0.928207
27061,0.374909,0.199704
27062,-0.936544,0.057366
27063,0.336626,-0.066177
27064,0.386716,-1.456602
27065,1.394867,-0.341925
27066,2.345712,0.325978
27067,-0.736543,0.615146
27068,1.857005,2.800074
27069,0.638787,-0.366291
27070,-0.191865,-1.220262
27071,-0.419345,-2.164054
27072,1.947626,0.073633
27073,2.040646,-0.553253
27074,1.179454,-1.242815
27075,2.003594,-0.549594
27076,-2.132017,-1.396455
27077,2.389279,0.105939
27078,-0.061600,1.234502
27079,0.070159,0.094805
27080,1.198051,1.669550
27081,0.095884,0.870699
27082,1.681035,-0.074807
27083,-1.097948,1.220243
27084,1.061194,-0.218664
27085,-1.826191,-0.270751
27086,-1.469206,0.269350
27087,1.661840,-0.621694
27088,0.685996,-0.447079
27089,-0.182813,2.782755
27090,-0.975089,2.444923
27091,0.232582,0.306191
27092,-0.510373,0.415880
27093,0.900656,0.148681
27094,-2.011027,-0.742976
27095,-0.238364,0.077788
27096,0.399029,0.153504
27097,1.769234,-0.625049
27098,0.158245,0.235616
27099,0.759167,0.118730
27100,0.276849,-1.252516
27101,0.590057,-0.605207
27102,1.274323,1.296718
27103,1.447105,-0.751040
27104,0.953249,3.506024
27105,1.212408,1.254763
27106,-0.145367,0.406747
27107,-0.845746,0.875621
27108,0.921823,0.474735
27109,-0.494246,-0.289347
27110,1.509513,0.413113
27111,0.668474,-0.519460
27112,0.482929,-0.277934
27113,-1.833697,-0.556564
27114,1.115693,1.411679
27115,1.198591,-0.586204
27116,0.450760,0.008510
27117,-0.180513,-0.527367
27118,0.762316,1.433026
27119,1.091651,0.875722
27120,-0.894004,2.041534
27121,1.298203,0.863572
27122,1.150026,0.149426
27123,1.920643,-1.042970
27124,0.198956,-0.298201
27125,1.452954,-0.592923
27126,-1.037438,-0.183632
27127,-1.720459,0.612806
27128,0.937614,0.044788
27129,0.677246,1.237977
27130,-0.897481,-0.647486
27131,-0.967970,0.680527
27132,0.593869,-0.185365
27133,1.339332,0.016520
27134,-1.582694,-1.472371
27135,-0.915042,0.355631
27136,-0.536182,-1.445985
27137,1.184577,-0.066274
27138,0.052250,-0.036155
27139,0.767038,0.649211
27140,1.385968,-0.562381
27141,1.613513,-0.589810
27142,1.136152,-0.821600
27143,-0.088317,1.724494
27144,-1.826127,-0.750551
27145,3.365514,-1.080114
27146,-2.927173,-2.482356
27147,-2.911435,1.449005
27148,-3.911065,-4.737365
27149,-1.717553,2.550143
27150,-2.407850,-4.511967
27151,1.311910,-1.607761
27152,0.933748,-1.832050
27153,-0.915000,-0.280217
27154,-3.666765,-0.551848
27155,-0.682695,-0.734272
27156,-0.223806,-0.510844
27157,-1.150191,-0.699453
27158,-2.880101,-1.599461
27159,0.316135,-0.611786
27160,0.122144,-1.029546
27161,-0.873569,0.733694
27162,1.990769,2.999293
27163,-1.017390,0.417330
27164,0.333338,-0.916017
27165,1.564427,-0.375008
27166,0.170659,-0.313375
27167,-2.782920,2.902597
27168,-0.425282,-1.824717
27169,-0.477614,-0.459748
27170,-0.097967,-0.465118
27171,1.005689,-0.743119
27172,1.114638,-0.208124
27173,1.266172,-1.673650
27174,1.691090,-0.994960
27175,-0.013810,0.332510
27176,-2.130081,-2.192711
27177,0.562435,0.107695
27178,-0.435125,-1.959778
27179,-0.991950,2.381361
27180,0.255341,-1.678958
27181,-0.063630,-1.026269
27182,0.895948,-1.647983
27183,-0.282325,0.150191
27184,-0.576729,-0.360547
27185,0.006938,-2.031528
27186,-0.681028,0.698269
27187,-2.371303,-1.258354
27188,-2.224441,-4.663974
27189,-0.219059,0.359655
27190,-0.613645,0.956046
27191,-0.163806,1.241755
27192,-0.388830,1.670073
27193,0.030010,1.285978
27194,-0.533770,0.221582
27195,0.123774,0.584253
27196,0.328983,1.769761
27197,-0.908243,0.690067
27198,1.763257,0.374664
27199,1.415437,1.152142
27200,0.659425,-0.187959
27201,1.436222,1.861988
27202,-1.894083,0.836166
27203,-0.009142,-0.088965
27204,0.007155,2.609691
27205,-0.008097,-0.314485
27206,-5.156068,-4.825645
27207,-1.507278,2.234786
27208,1.592842,-1.200588
27209,-1.389607,1.970762
27210,0.615212,-0.377628
27211,-0.315844,1.043236
27212,-0.662898,0.989134
27213,-0.866447,-0.552438
27214,-0.997978,-0.111883
27215,-0.524545,-0.856806
27216,-0.109239,0.346482
27217,0.648140,0.525352
27218,0.367086,0.335871
27219,-0.972818,0.479016
27220,0.236100,1.839292
27221,-0.633133,0.693810
27222,-1.145187,-0.797460
27223,-0.059648,-1.041473
27224,-0.112355,-0.170188
27225,1.695237,-0.535369
27226,1.012002,-0.925949
27227,1.469417,-0.282950
27228,0.352031,-0.443895
27229,-0.563998,-1.247318
27230,0.228528,0.192929
27231,-3.188872,0.881916
27232,-1.666515,-0.046636
27233,-0.088396,-0.247896
27234,-0.083147,0.175671
27235,0.871950,0.622320
27236,0.888500,1.178565
27237,-3.224096,1.444864
27238,-1.143268,-0.663958
27239,0.546155,1.214686
27240,0.018469,-0.542637
27241,2.037058,1.401988
27242,-0.271409,0.174755
27243,-0.765697,1.455231
27244,-0.217026,-1.001702
27245,1.740910,0.670586
27246,-0.456077,-0.507280
27247,-0.642342,0.013739
27248,-0.653521,-0.245001
27249,-0.811125,-2.064171
27250,-3.879061,-1.808525
27251,-1.119304,-0.542624
27252,-1.157180,-0.127735
27253,-1.082920,-1.082075
27254,-1.378008,-0.488188
27255,1.875535,0.480761
27256,1.550380,0.022294
27257,-2.828369,1.146190
27258,-2.852933,0.069555
27259,3.365514,-1.080114
27260,-0.401767,0.176870
27261,0.697442,0.160417
27262,1.145171,0.240550
27263,0.394516,-0.036377
27264,-2.192681,0.355046
27265,0.670502,1.452817
27266,1.367220,1.374651
27267,-1.410589,-0.819928
27268,0.701150,-0.268027
27269,-0.016942,-0.393914
27270,1.239937,-0.548519
27271,0.702458,3.025153
27272,0.462751,0.874005
27273,-1.951260,4.019037
27274,-1.418897,0.907475
27275,0.301238,3.508435
27276,-0.649057,3.736857
27277,0.313059,-0.464989
27278,-0.070123,0.021877
27279,-1.613358,0.667661
27280,-1.206517,0.330867
27281,0.116202,-0.762731
27282,-0.247917,0.735781
27283,0.799761,-0.440923
27284,-1.285275,1.127440
27285,-2.939306,-1.520178
27286,2.005708,-0.362855
27287,-1.276556,-0.706540
27288,-0.340002,-0.734568
27289,-2.755530,0.284160
27290,-2.637535,0.496365
27291,0.148874,-0.021280
27292,-0.959381,0.317898
27293,0.850373,-1.220137
27294,-2.253972,-2.984671
27295,-0.659491,-2.402361
27296,-0.429111,-0.452383
27297,0.592586,-0.905869
27298,1.554197,-0.708096
27299,-0.209636,-0.689693
27300,0.515425,-0.488285
27301,0.392857,-0.565301
27302,2.653015,-0.280541
27303,-0.480280,0.496239
27304,1.298441,-0.484719
27305,-2.593448,2.004501
27306,0.791842,0.435563
27307,1.381886,0.675448
27308,0.146403,-0.257395
27309,-0.456566,0.224738
27310,2.425737,-0.686583
27311,0.313444,-0.488212
27312,2.390605,0.050652
27313,-2.499151,0.402102
27314,-1.434673,-0.252228
27315,-1.304162,-1.249780
27316,1.518931,0.238987
27317,1.799721,0.444189
27318,-0.619073,-0.705080
27319,-0.262194,0.282510
27320,-2.566769,-1.247659
27321,-0.111080,-0.669768
27322,-1.475681,-0.808935
27323,-0.343424,-0.590800
27324,-0.394681,0.889322
27325,1.192779,-0.610520
27326,0.545884,0.356543
27327,-1.613564,2.880504
27328,-1.149180,-0.222668
27329,-0.490499,-0.142811
27330,0.951427,0.589166
27331,-0.017164,-0.025305
27332,-2.238360,-0.068129
27333,1.438210,-0.371517
27334,-0.560636,-0.884735
27335,-0.018823,-0.298872
27336,-2.094513,-1.292950
27337,-1.077770,0.083571
27338,0.980363,0.508509
27339,-2.082821,1.450027
27340,-0.486145,-0.036186
27341,-0.475308,-0.524797
27342,-0.305136,-0.198026
27343,0.459129,0.727387
27344,-0.824048,1.356683
27345,-2.027149,1.043354
27346,0.274528,1.059759
27347,-1.702044,-0.077708
27348,1.002801,0.035969
27349,0.082042,-0.724442
27350,-3.573677,0.572715
27351,1.460484,0.214647
27352,-0.343260,-0.522095
27353,-0.887763,-0.535834
27354,-2.717655,-2.191327
27355,-1.299749,-0.211710
27356,-0.253713,2.291205
27357,-2.950168,1.340548
27358,-1.089684,0.467073
27359,-0.540674,-0.711084
27360,1.402306,0.237798
27361,0.983041,-0.535909
27362,-1.101839,-0.843123
27363,1.017509,-0.429994
27364,-0.955243,-0.282562
27365,-0.533242,0.526638
27366,0.040921,-0.584676
27367,2.192382,-0.163881
27368,2.009343,-0.831147
27369,-2.846018,-0.612106
27370,0.825154,-0.484765
27371,-0.495600,0.004795
27372,0.100883,0.471974
27373,2.276065,-0.869234
27374,-2.019110,-0.558861
27375,-1.410276,-1.489868
27376,0.977410,-1.091916
27377,-1.674322,-1.258467
27378,-3.017030,-1.778474
27379,-0.237248,-2.012974
27380,0.202431,0.970047
27381,1.478056,0.457337
27382,0.576268,-0.492393
27383,-3.921531,0.501674
27384,1.106348,0.409719
27385,0.185981,3.232382
27386,-3.454332,-2.066018
27387,0.848042,0.844509
27388,-1.459427,-1.746702
27389,1.529632,-0.664858
27390,1.357025,-0.150993
27391,-0.795573,-2.153739
27392,1.471349,-0.848214
27393,-0.348400,0.524528
27394,-0.570392,0.632545
27395,-0.093912,0.814601
27396,0.107631,0.378439
27397,-0.899371,2.209382
27398,1.815180,0.368817
27399,0.421245,0.603174
27400,0.597848,0.288818
27401,-0.327759,-0.208429
27402,0.429798,0.649237
27403,-0.216243,-0.313345
27404,1.835848,-0.260537
27405,0.197760,0.420113
27406,0.387597,0.818114
27407,2.634413,0.079863
27408,-0.215255,-0.726267
27409,2.271964,1.247961
27410,-0.450716,-0.153531
27411,-0.939338,0.676533
27412,-0.581491,-1.306976
27413,0.655433,-0.502667
27414,2.171062,-0.668780
27415,0.878179,-0.258042
27416,-0.935958,3.617382
27417,0.309564,-1.367207
27418,1.583110,-1.269558
27419,0.458671,-0.537595
27420,1.747809,-0.363888
27421,-0.153810,-0.114227
27422,0.108538,0.236974
27423,-2.685483,-0.451552
27424,2.296932,-1.060049
27425,2.437418,-0.297363
27426,-0.661414,-0.332114
27427,0.836561,-0.971465
27428,1.362870,-0.386750
27429,1.196828,-0.153348
27430,0.041648,-0.927200
27431,-0.698412,-0.594497
27432,1.789791,0.394247
27433,-0.142416,-1.293226
27434,0.938889,0.030257
27435,-0.416318,0.180219
27436,1.394650,-1.007655
27437,-0.381093,0.112437
27438,1.046859,0.058506
27439,2.049857,-1.565404
27440,0.564268,0.090437
27441,-0.947530,0.398645
27442,-0.379322,0.628740
27443,-0.048880,-0.737830
27444,2.100607,-0.484372
27445,-0.467031,0.802633
27446,1.187772,-0.531440
27447,1.100948,1.300955
27448,0.035100,-2.592499
27449,0.079046,-0.222626
27450,1.307545,-0.702593
27451,0.776618,0.293614
27452,1.079674,0.985659
27453,2.103636,-0.807735
27454,-1.305535,0.050753
27455,1.705827,-1.091144
27456,-4.952655,-1.838192
27457,1.089673,-1.525509
27458,0.980318,0.521509
27459,-0.318378,0.631827
27460,0.084627,0.102459
27461,1.410402,2.256235
27462,0.984427,-0.340305
27463,0.147234,-1.487571
27464,0.652790,-0.025838
27465,-0.803226,-0.084500
27466,1.244594,-0.740501
27467,1.528714,-0.543727
27468,-0.727085,-0.613795
27469,0.904327,-0.461445
27470,1.610894,-0.547495
27471,0.541392,-0.546494
27472,-2.204813,-2.408694
27473,-3.368436,-0.639358
27474,0.186488,-1.215874
27475,-0.460829,-1.118792
27476,0.390155,-0.417856
27477,0.561033,-0.234956
27478,-1.037063,0.333226
27479,0.457356,-0.076763
27480,-0.229406,0.437216
27481,-0.006078,-0.087121
27482,1.480098,-0.703498
27483,0.587165,-0.865224
27484,0.771623,-0.350823
27485,0.507734,-0.648406
27486,0.895697,-1.680906
27487,-2.354716,0.628743
27488,0.180948,-1.322867
27489,0.900453,-1.566074
27490,-0.406043,-0.370577
27491,0.951762,-1.251166
27492,1.062540,-1.276119
27493,0.511207,-1.245985
27494,-1.003575,0.538110
27495,2.764035,-1.465737
27496,0.109714,-0.165886
27497,-0.322102,-0.350230
27498,-0.723382,-0.566986
27499,0.470737,-0.411862
27500,-0.550717,-0.795781
27501,-1.720903,-2.842235
27502,-1.884508,-1.600581
27503,0.290166,-1.308044
27504,0.239364,-1.099285
27505,-0.538314,-0.090821
27506,-4.392052,-3.814354
27507,-2.719218,-2.127069
27508,-3.052982,-0.899755
27509,-2.174432,-1.935888
27510,-2.931427,-2.526217
27511,-0.981831,-1.710843
27512,-3.964875,-1.358028
27513,0.593476,-0.903298
27514,2.423636,-1.487641
27515,-0.830123,-2.188611
27516,-0.192255,-1.563180
27517,1.223728,0.324395
27518,-2.340782,-0.418654
27519,-0.332437,2.013636
27520,1.011050,-0.176781
27521,-2.783844,0.550787
27522,-1.133911,1.054534
27523,-3.570199,-1.086091
27524,1.180579,-0.471111
27525,-1.403939,1.654139
27526,-0.101828,-0.610689
27527,2.171859,0.024562
27528,1.148421,-0.448074
27529,2.185195,0.347924
27530,2.436360,-0.502374
27531,2.399099,0.350003
27532,0.752714,-0.909659
27533,1.883496,0.216098
27534,2.479875,-0.885419
27535,2.235032,-0.745229
27536,0.785458,1.310017
27537,1.005906,0.124973
27538,-0.742021,0.722013
27539,2.025550,-0.451837
27540,-1.633614,-0.198511
27541,2.115706,0.700282
27542,-0.050614,1.716351
27543,-0.026765,1.563165
27544,1.711053,0.966698
27545,-0.250700,2.868331
27546,0.315571,-0.268081
27547,-0.532378,1.399810
27548,0.704876,0.547990
27549,0.013513,0.946615
27550,2.270366,-0.862795
27551,0.794722,0.050479
27552,-0.041902,-0.378233
27553,0.938551,-1.086600
27554,-2.212367,0.223207
27555,1.367868,-0.653259
27556,1.898536,-1.057075
27557,-1.731713,4.625738
27558,0.755373,-1.122260
27559,2.137937,-1.088437
27560,2.083939,-0.426602
27561,0.032785,0.597422
27562,0.585571,0.481564
27563,3.248726,-1.130197
27564,-0.144963,-0.715898
27565,0.803323,-0.134290
27566,-2.792979,-1.540953
27567,-0.709129,0.620397
27568,0.239226,0.184575
27569,1.264156,0.267340
27570,0.706950,0.113459
27571,-2.909149,1.115780
27572,0.680997,-0.215312
27573,-0.575677,-0.343487
27574,-0.034897,-1.052647
27575,0.908694,-0.490564
27576,-2.191685,0.965056
27577,-0.659949,0.706277
27578,-0.070616,0.012949
27579,1.551237,-0.973613
27580,2.306231,0.161028
27581,0.057601,2.017066
27582,-1.126391,-1.092097
27583,0.176676,-1.087053
27584,0.429589,-0.236434
27585,-1.045437,2.431563
27586,1.177338,-1.093282
27587,-0.265742,0.836205
27588,-3.013426,-2.128205
27589,1.633573,0.026019
27590,1.388891,-0.618627
27591,0.628119,0.058502
27592,1.050518,0.642275
27593,2.717297,-0.683912
27594,1.378099,-0.819956
27595,2.364175,-0.284554
27596,-0.085619,0.263669
27597,0.866437,-0.517355
27598,-0.605942,0.333625
27599,0.230418,1.007389
27600,1.281297,0.033188
27601,0.909940,-0.865106
27602,0.451208,0.065847
27603,1.094837,0.168449
27604,2.276198,-0.716409
27605,0.632194,-0.071461
27606,0.765785,-0.030465
27607,2.965783,-0.799778
27608,-0.526494,-0.709866
27609,-0.364672,0.571873
27610,0.661432,1.843436
27611,1.474444,-0.582277
27612,-0.297410,0.634091
27613,1.393683,0.892513
27614,-0.654536,-0.499749
27615,-0.644378,-0.200857
27616,-1.895060,1.447072
27617,-0.872091,2.289471
27618,-0.606576,0.247269
27619,-1.143755,-0.446380
27620,-1.245932,1.000046
27621,0.668706,-0.650568
27622,0.643601,0.354405
27623,-1.393862,-0.525480
27624,-1.329639,0.656723
27625,-2.490005,1.441755
27626,-0.243718,-0.513637
27627,-0.222024,-0.191035
27628,1.592517,-0.015472
27629,0.433964,0.422146
27630,1.123099,-0.590119
27631,0.995139,1.576303
27632,-3.062529,0.997216
27633,0.565106,-0.786129
27634,-1.433014,-0.280623
27635,-1.764988,1.291874
27636,-1.029266,-0.286482
27637,-2.493234,1.502418
27638,-0.529616,-1.029074
27639,0.125784,0.108005
27640,1.425308,-0.535942
27641,-1.004313,0.297583
27642,0.069129,-0.928811
27643,0.256112,0.703443
27644,0.003609,-1.479263
27645,0.114061,0.252550
27646,1.338471,-1.520930
27647,0.585327,-0.086215
27648,0.232810,-0.505958
27649,0.968871,-1.244084
27650,-0.395999,-1.324645
27651,1.288062,-1.004769
27652,-4.223005,1.949492
27653,-0.898343,0.378460
27654,-0.639852,-1.888112
27655,0.387102,-1.883000
27656,-1.223131,-1.188124
27657,0.673611,-0.718121
27658,-2.816754,-0.096842
27659,1.335466,-1.025543
27660,-1.917966,1.419152
27661,-1.332229,-0.268403
27662,0.913016,2.381343
27663,-0.112613,1.215544
27664,0.384123,0.558416
27665,-2.174849,0.882259
27666,-0.136701,-0.556800
27667,-2.176946,1.617421
27668,1.433086,-0.297464
27669,-0.244093,0.467220
27670,-2.026468,-0.876822
27671,-0.999302,0.264626
27672,-0.866992,2.079444
27673,-1.705004,-0.488977
27674,-1.097229,1.594520
27675,-1.359889,0.615883
27676,-0.717101,-1.003938
27677,0.249436,-0.732527
27678,0.637524,0.204440
27679,0.523652,0.632710
27680,0.901716,1.617629
27681,0.005259,0.034316
27682,-0.257950,0.826677
27683,-2.050334,2.211094
27684,1.069334,-0.018983
27685,0.741875,0.014476
27686,-0.113836,0.177840
27687,-0.450869,-0.019102
27688,-0.008450,-1.096151
27689,1.580548,-0.273161
27690,-1.447030,0.344357
27691,-0.060991,-0.890449
27692,-0.021049,-0.688176
27693,-2.085056,1.523496
27694,-1.758630,-0.868405
27695,-1.148620,0.175617
27696,-0.395466,0.039384
27697,-0.596318,1.811323
27698,-0.746650,0.025754
27699,0.452368,-0.991119
27700,-2.117133,-1.881957
27701,-2.093238,2.068021
27702,-0.663707,-1.488115
27703,0.154647,-0.625082
27704,-2.205817,0.129905
27705,-1.841343,-0.427482
27706,-0.854727,0.615030
27707,-1.222654,-0.389957
27708,0.545797,-1.516165
27709,0.135508,-0.506586
27710,0.029362,-0.832758
27711,-2.212421,1.090371
27712,-0.360459,0.086703
27713,0.455888,-0.763082
27714,-0.436309,-0.238297
27715,-0.617126,0.348293
27716,-0.315249,1.578393
27717,-1.104166,0.594106
27718,-0.102344,1.198399
27719,-0.165600,2.984868
27720,-0.708085,0.583610
27721,-0.317096,2.107599
27722,-1.207747,-0.113853
27723,0.139952,0.391073
27724,-0.451441,-0.122929
27725,0.074552,0.450151
27726,1.973584,-0.801985
27727,-1.611266,-0.074221
27728,1.726715,0.403729
27729,1.358643,0.974920
27730,-1.472847,0.448485
27731,-0.429721,0.924300
27732,-0.824788,1.562813
27733,0.212049,0.325030
27734,0.870050,2.190857
27735,0.786252,-0.423726
27736,-2.046327,0.889121
27737,0.352545,0.708411
27738,0.905190,-0.128467
27739,0.031566,0.072378
27740,0.519078,0.210823
27741,0.475756,0.523452
27742,-0.799488,2.125422
27743,0.467426,0.153255
27744,-0.893999,-0.169441
27745,-1.904887,2.198641
27746,-2.260054,2.554942
27747,1.329107,1.700765
27748,1.369379,0.655718
27749,0.306950,3.284322
27750,-0.271847,0.264219
27751,0.416382,1.651503
27752,0.954300,-0.869150
27753,-2.034687,-2.186559
27754,1.878666,0.602457
27755,0.607447,0.679815
27756,2.828606,-0.586842
27757,0.158996,0.985076
27758,-1.566379,1.850382
27759,-2.120758,-2.456765
27760,0.790670,-1.347784
27761,-1.339707,0.767166
27762,2.453862,-0.175150
27763,-0.094547,-0.118856
27764,-0.686032,2.297540
27765,-1.591645,-1.015806
27766,0.102200,-0.330499
27767,1.874226,0.076166
27768,-1.098924,0.537454
27769,-0.221854,-0.889360
27770,-0.137779,0.283560
27771,-1.427937,0.526220
27772,-2.280521,2.354005
27773,0.158273,1.174788
27774,0.401090,0.507746
27775,1.785148,1.037722
27776,-1.850045,0.583975
27777,2.268610,0.014135
27778,2.304747,0.036838
27779,2.709843,0.029437
27780,0.722189,0.214824
27781,1.774289,0.427722
27782,-0.998577,-0.882676
27783,-1.029476,-0.869003
27784,1.240610,-1.116388
27785,-0.735423,-0.621386
27786,-0.960979,0.311593
27787,-1.085640,0.511960
27788,-0.110798,1.892489
27789,1.795139,0.241781
27790,0.400144,-0.512518
27791,0.809180,0.141792
27792,-0.232697,0.117211
27793,0.818069,-0.295273
27794,2.737105,-0.021679
27795,1.711877,0.788843
27796,-0.677807,-1.016637
27797,0.152022,1.024740
27798,2.554816,-0.372265
27799,1.448343,0.110912
27800,-1.177604,-0.630509
27801,0.349022,-0.298109
27802,-1.814198,0.412504
27803,1.492848,-0.186118
27804,-0.060320,-0.377714
27805,-1.629594,-0.253505
27806,2.144647,-0.351823
27807,1.909844,-0.713809
27808,1.894244,-0.331713
27809,-0.999453,-0.621896
27810,0.720530,-0.586046
27811,0.552705,-0.323426
27812,1.140648,-0.638603
27813,1.766110,-0.672619
27814,0.240607,-0.458015
27815,0.981235,-0.232011
27816,1.850480,-0.717463
27817,1.611079,0.040112
27818,0.223252,-0.040958
27819,0.534235,-0.995103
27820,-1.279469,-0.347154
27821,-0.731626,0.040727
27822,-1.089784,0.750944
27823,1.556656,0.167869
27824,-0.048909,-0.163034
27825,0.271632,-0.042422
27826,0.795154,0.214018
27827,1.023086,0.861055
27828,0.914186,-1.176496
27829,-0.487147,0.275060
27830,0.684122,-0.670305
27831,0.218036,-0.659657
27832,0.527135,0.792000
27833,0.988346,-0.913636
27834,-1.117786,-0.929945
27835,0.364974,1.332435
27836,0.741155,-1.088174
27837,1.616832,-1.161880
27838,0.992687,-0.614528
27839,-0.130605,-0.345077
27840,1.463742,-0.201211
27841,-0.843420,0.146091
27842,-0.393831,-0.571610
27843,0.753848,-0.242355
27844,0.990262,-1.021179
27845,1.316540,-0.196952
27846,1.386415,-1.268917
27847,0.397387,-0.507308
27848,0.588891,0.336025
27849,1.248507,-0.541698
27850,-0.254722,-0.377570
27851,0.759468,0.103094
27852,0.320629,-0.526744
27853,-3.063282,-1.956108
27854,-0.442240,-0.380660
27855,1.511364,-0.472029
27856,1.106259,-0.728982
27857,-0.029940,-0.064921
27858,1.029028,-0.277102
27859,0.596090,-1.041482
27860,0.145295,0.389516
27861,2.229280,1.702332
27862,-3.086276,2.312986
27863,0.322871,-0.378634
27864,-0.786214,0.708738
27865,0.873927,-0.743749
27866,-0.561984,3.454094
27867,-0.752100,2.771865
27868,0.916193,-1.006462
27869,1.332005,-0.452411
27870,0.521145,0.759180
27871,-0.579478,-0.071580
27872,-0.307014,-0.223534
27873,-0.407372,-0.618874
27874,0.669736,0.357116
27875,-0.362653,-0.501908
27876,0.544196,0.523941
27877,1.197042,-0.126160
27878,1.292814,-0.016848
27879,1.811947,-0.598152
27880,1.118016,-0.354783
27881,-3.638317,0.205080
27882,0.913396,0.265813
27883,0.673719,-0.062490
27884,0.801362,-0.229485
27885,1.768092,0.061497
27886,-0.369572,0.563310
27887,-2.183028,0.655144
27888,-0.520221,0.297250
27889,-1.467364,0.124083
27890,1.737932,-0.604135
27891,2.055308,-0.410510
27892,-1.249247,0.091361
27893,-4.671896,-1.238381
27894,-0.246987,-0.701862
27895,0.388168,0.230712
27896,0.853614,1.289694
27897,0.195235,0.870650
27898,-0.889919,0.122589
27899,0.501801,-0.081875
27900,0.866874,-0.102433
27901,0.261543,0.259666
27902,1.490186,-0.382211
27903,-1.304634,0.563069
27904,-2.218115,-0.565389
27905,-0.787819,1.288427
27906,-1.829512,0.357004
27907,-0.039822,-0.549237
27908,1.620572,-0.496089
27909,1.827789,-0.654912
27910,0.390272,-0.035803
27911,2.169944,-0.648115
27912,1.065510,0.221848
27913,0.761200,-0.326407
27914,2.115587,-0.413138
27915,1.656196,-0.195860
27916,0.347605,-0.745941
27917,-0.091663,0.204924
27918,0.203345,0.405714
27919,-1.354541,0.877596
27920,0.529318,-0.632222
27921,0.494654,0.085522
27922,0.375174,0.160053
27923,-0.658434,0.512517
27924,-0.105702,-0.518724
27925,0.742029,-1.016356
27926,0.733711,-0.912421
27927,0.288197,-0.859718
27928,0.705620,-1.158535
27929,1.003986,-0.691752
27930,-1.316800,0.689335
27931,-0.504176,0.321020
27932,-0.169419,0.707676
27933,-0.363951,1.235914
27934,2.328004,-0.584778
27935,0.174650,0.320394
27936,1.532949,-1.050936
27937,0.713867,-0.756683
27938,-2.779195,1.429369
27939,0.795892,-0.509070
27940,0.211879,2.301010
27941,-2.560748,1.317875
27942,-0.567108,4.531157
27943,-2.792918,0.627354
27944,-1.302093,-1.949910
27945,0.199829,2.434765
27946,1.311081,-1.324741
27947,0.674514,-0.587342
27948,2.370245,-1.452083
27949,-1.286015,-0.918046
27950,-2.406120,-0.643055
27951,0.534884,-0.750834
27952,0.837528,0.762884
27953,1.568805,0.166633
27954,0.301113,0.239367
27955,1.359913,-0.494143
27956,-0.295608,0.122149
27957,2.006995,-0.602260
27958,-1.920303,-0.938870
27959,-0.515586,2.057170
27960,-0.390129,-0.859654
27961,-0.032182,-0.462964
27962,-0.504332,-0.358370
27963,-2.599163,-0.678421
27964,1.176816,0.120405
27965,0.270072,-0.040033
27966,1.567898,-0.024614
27967,-1.378421,-0.527268
27968,1.175205,0.592378
27969,0.568884,0.328935
27970,-4.517237,-5.033827
27971,1.708240,-0.461567
27972,-0.055698,2.205112
27973,0.935184,0.236094
27974,0.998033,-0.364503
27975,-0.782670,-0.450030
27976,-1.678178,2.988608
27977,1.621706,-1.527995
27978,-1.190112,-2.666726
27979,-0.548435,-0.943573
27980,-2.849814,-2.691500
27981,-0.214079,-0.454886
27982,0.867944,-1.723920
27983,-0.650320,-1.837585
27984,-1.670814,-2.161956
27985,0.086553,-0.179120
27986,-0.116010,1.502093
27987,-0.101351,2.346155
27988,-2.140299,2.804320
27989,0.531086,-0.452272
27990,-1.261156,0.441368
27991,-1.315443,-0.018849
27992,2.270934,-1.281441
27993,-0.973615,2.394140
27994,-2.853541,-2.403195
27995,1.394925,-0.219290
27996,2.324320,-0.059757
27997,0.742233,0.124065
27998,1.463722,1.283647
27999,1.087611,0.314909
28000,-0.694033,2.810159
28001,-0.779968,-0.230465
28002,-0.479607,-0.492892
28003,0.986187,-0.398706
28004,-0.472547,0.313979
28005,0.493209,-1.018083
28006,-1.973670,-0.057907
28007,1.358681,-0.145419
28008,-0.724753,-0.392972
28009,1.411546,-0.422867
28010,1.027881,5.349871
28011,-1.856064,1.179627
28012,0.908362,0.251834
28013,0.968250,-1.185604
28014,-2.096387,1.627423
28015,-0.241283,0.129848
28016,2.567788,-0.844241
28017,1.437842,-0.900335
28018,2.532230,-1.332918
28019,-2.887297,1.038654
28020,-0.317454,0.205819
28021,0.794908,-0.027067
28022,-0.301629,0.363430
28023,0.780950,-0.723004
28024,1.419060,0.227953
28025,-1.201516,-1.126172
28026,1.399563,-0.710871
28027,0.883794,0.756772
28028,1.895880,-1.613728
28029,-0.250760,0.026070
28030,-1.969432,0.440648
28031,-0.729225,-1.632488
28032,0.308947,0.066751
28033,0.949839,1.396497
28034,-0.230032,0.000265
28035,0.398090,0.802751
28036,-0.914056,3.528238
28037,-0.061781,2.047960
28038,0.916559,0.669430
28039,1.883215,-0.204790
28040,-0.628201,3.560467
28041,1.374429,-0.058353
28042,2.447339,-0.855372
28043,1.902870,-0.302247
28044,0.769894,-0.650164
28045,-0.749183,3.498021
28046,1.389868,1.522554
28047,0.250811,1.036340
28048,-0.751988,-0.985542
28049,0.022123,0.271109
28050,-1.798354,-0.034859
28051,-1.870256,0.310960
28052,0.632984,0.915076
28053,0.007205,0.565432
28054,1.653330,0.015403
28055,-0.034290,0.853118
28056,-3.584118,-0.862374
28057,-0.908388,0.790257
28058,-0.074322,-0.669505
28059,0.289958,-0.171818
28060,-1.285966,-1.038332
28061,1.551733,-0.374400
28062,1.829012,-0.683660
28063,-0.951463,0.004590
28064,0.980841,0.866577
28065,2.239720,-0.696574
28066,0.605605,-0.682013
28067,1.655234,0.512761
28068,-0.179073,2.626861
28069,1.519885,-1.027639
28070,2.626299,-0.403777
28071,-1.619365,-0.771630
28072,-1.529166,-1.494426
28073,0.933361,-1.171098
28074,-0.073813,-0.923498
28075,-2.370479,-2.451429
28076,-0.388434,-1.421922
28077,-0.734916,-0.745621
28078,-2.255203,-0.686585
28079,0.260446,-0.565598
28080,1.049036,-0.040696
28081,-0.023443,-0.683585
28082,2.557341,-0.027663
28083,0.974572,0.169187
28084,0.492151,0.372765
28085,1.673440,-0.613991
28086,1.307725,-0.031475
28087,-1.079524,-0.726890
28088,1.324820,-0.692188
28089,0.983701,-0.186856
28090,-0.657676,0.163300
28091,0.657055,-0.617831
28092,-3.010689,-1.742489
28093,-0.914998,2.736088
28094,1.789226,-0.789971
28095,-0.349598,1.511971
28096,-0.147353,1.231043
28097,-2.288731,0.757753
28098,-1.458907,-0.858034
28099,-0.095617,0.460122
28100,0.096023,-0.960436
28101,2.307830,-1.053209
28102,0.448853,0.330939
28103,0.488672,0.228550
28104,1.323838,-0.372477
28105,-2.443992,0.404596
28106,1.007231,-0.106635
28107,-0.900277,-0.624637
28108,-1.501922,1.652436
28109,-0.437876,2.840290
28110,-2.164123,2.659326
28111,1.026492,1.173720
28112,-0.523198,1.266431
28113,-0.953852,-0.973585
28114,2.099092,-0.521672
28115,0.393506,1.053099
28116,-0.614131,1.142852
28117,-0.001371,-1.009474
28118,-0.050140,-0.335093
28119,-0.915115,-1.026807
28120,-2.522744,0.411301
28121,0.736124,-2.091369
28122,1.162695,-0.698371
28123,0.476176,-1.506938
28124,2.308144,-1.239489
28125,-0.618324,-1.056576
28126,0.283606,-0.990015
28127,-1.687292,-1.210465
28128,1.908217,-0.901362
28129,-5.877345,-4.485776
28130,0.724291,-1.662798
28131,1.811345,0.027471
28132,0.152981,-1.148556
28133,1.442748,-0.549562
28134,1.496104,-1.570435
28135,-5.803302,-3.782940
28136,2.030782,-1.147768
28137,0.742965,-1.438972
28138,0.109556,1.249092
28139,-1.753890,1.187111
28140,-0.278785,0.406394
28141,0.746811,-0.121496
28142,0.330212,-0.338650
28143,1.372000,-0.595232
28144,-0.768687,-1.393038
28145,-0.898873,0.925288
28146,0.434942,0.120237
28147,-0.829915,2.557345
28148,1.178035,3.480486
28149,-0.112288,-1.908908
28150,-1.128425,-1.071626
28151,-0.194661,-1.159275
28152,-1.241534,-0.880657
28153,0.801574,-1.087992
28154,-3.523629,-0.886560
28155,1.306421,0.226592
28156,0.917714,-0.190013
28157,0.449353,-0.541470
28158,1.262888,-0.785457
28159,0.906478,-0.445595
28160,0.134757,-1.075827
28161,-3.095747,-2.568774
28162,-2.632218,-0.773198
28163,-2.796127,-1.273031
28164,-1.929700,-2.145736
28165,-2.443473,-0.055651
28166,-2.104608,-2.044588
28167,-0.540258,-1.613776
28168,-2.258942,-1.407315
28169,-0.953339,5.019647
28170,-1.453789,-1.716421
28171,1.692402,-0.571995
28172,1.584776,-0.823023
28173,0.513158,1.507309
28174,1.758359,-1.245483
28175,0.207738,-1.522702
28176,0.626242,-1.000614
28177,0.957146,-0.588516
28178,-0.755601,0.870672
28179,-0.217453,-0.345811
28180,0.501013,-1.086123
28181,0.271567,2.190891
28182,0.780342,-1.343793
28183,-0.427199,-1.425202
28184,-0.469983,-1.754148
28185,-1.414047,-1.150793
28186,1.323681,0.714018
28187,-1.314510,0.458641
28188,0.106748,-0.653477
28189,0.704666,-0.928436
28190,-0.652155,-0.308405
28191,2.051488,-0.160479
28192,0.685855,0.870195
28193,-0.414263,0.920328
28194,0.616513,-0.152214
28195,0.614024,-0.701436
28196,1.204772,-0.553950
28197,-2.420670,-0.598023
28198,1.837460,0.434134
28199,1.639562,-0.612633
28200,-1.653713,-0.973712
28201,-1.571942,-1.696801
28202,0.084522,-0.278518
28203,0.565046,0.283673
28204,-0.380042,0.293808
28205,0.812434,-0.325264
28206,-0.548532,-0.025672
28207,0.460281,-0.451026
28208,0.723910,0.238505
28209,-0.394408,-0.787490
28210,-1.697515,-0.520365
28211,-0.896850,0.450263
28212,-1.407181,-0.044545
28213,-3.854162,-0.775165
28214,-0.648374,0.935715
28215,-0.790841,0.199124
28216,-0.898314,-0.137963
28217,1.363400,-0.810576
28218,1.409578,-0.552754
28219,1.305810,-0.846872
28220,-0.740027,-1.530957
28221,1.066535,-1.202271
28222,0.215489,0.655475
28223,-0.054827,0.022985
28224,-0.875072,-2.821207
28225,-0.066148,1.739894
28226,-0.211121,0.809372
28227,-2.296494,-0.372410
28228,0.863009,-0.573795
28229,-1.942247,0.651507
28230,-0.653696,-0.511501
28231,-0.231103,-0.701509
28232,-0.359889,-0.113873
28233,-0.308289,-1.530190
28234,-1.696565,-0.435590
28235,1.398434,-0.867380
28236,-0.060278,0.931179
28237,0.751051,-1.704469
28238,-2.690913,-1.038672
28239,-1.613694,-0.267856
28240,-1.978831,-0.495792
28241,-0.016748,1.934531
28242,-3.883924,-2.148623
28243,0.725529,-0.004835
28244,0.686230,-0.674692
28245,0.611660,-0.327624
28246,0.500542,0.022099
28247,-1.744624,-1.444263
28248,1.745377,-0.779907
28249,1.589687,-0.837448
28250,0.176402,1.185686
28251,2.082924,-0.672252
28252,0.016780,-0.533815
28253,2.881719,-0.213527
28254,-0.247873,1.455113
28255,0.423588,-0.394730
28256,-1.046477,1.067924
28257,-0.243466,-0.031682
28258,0.435151,0.395864
28259,0.597019,-1.042015
28260,-0.384908,1.989635
28261,0.959061,1.374868
28262,-0.607041,1.261658
28263,-0.009173,-1.962582
28264,1.674626,-0.329184
28265,1.847572,-1.043258
28266,-0.449593,0.857230
28267,-4.095538,-4.344790
28268,0.881555,0.204267
28269,1.538115,0.285886
28270,1.865659,0.524280
28271,0.148290,0.110028
28272,2.166703,-1.325267
28273,0.894078,-0.172721
28274,-0.430970,1.266507
28275,0.658060,-1.008351
28276,-0.415394,-0.006666
28277,-0.687289,-0.021337
28278,0.654404,-0.827694
28279,-1.262289,-2.103549
28280,0.495629,0.820680
28281,-1.286798,-0.716608
28282,1.455119,2.020970
28283,0.909876,-0.151254
28284,3.056997,-0.748789
28285,-0.374559,-2.114674
28286,0.341720,-0.920692
28287,-3.714227,-2.334274
28288,-0.401164,0.612760
28289,1.924306,-0.707275
28290,-0.660487,-0.592707
28291,-0.393877,1.095311
28292,-1.033408,0.644674
28293,1.060198,-1.052367
28294,-1.102928,0.236192
28295,-0.436614,-1.433604
28296,-0.586452,0.149888
28297,-2.856932,-0.399592
28298,-1.828665,-0.941067
28299,-2.864050,-1.420008
28300,-0.499808,-1.740691
28301,0.986618,-1.000803
28302,-1.355726,-1.440881
28303,1.468869,-1.476565
28304,1.596040,-1.136488
28305,1.018416,1.043523
28306,-0.140731,0.932670
28307,0.664593,-0.312167
28308,-2.319931,-1.763496
28309,0.009341,-0.165519
28310,2.424282,-0.823616
28311,-1.535494,1.491426
28312,-1.965422,0.406678
28313,-0.274056,-1.207592
28314,-1.664375,3.221986
28315,-1.370167,-1.223899
28316,-2.142182,1.179818
28317,0.340080,0.669654
28318,0.412662,-0.266562
28319,-0.374651,2.227395
28320,-1.875415,-0.173166
28321,1.420391,-0.892973
28322,0.870911,0.322664
28323,-2.696762,0.092173
28324,0.368875,-0.602338
28325,1.580147,-0.382968
28326,0.316577,-0.242313
28327,0.605968,1.115555
28328,1.901324,-0.070874
28329,-1.987293,-1.608734
28330,-0.020314,0.269378
28331,2.301806,0.280704
28332,-1.168040,0.320868
28333,2.079227,-0.661243
28334,-2.084969,1.619524
28335,1.823296,0.453350
28336,0.909801,0.587147
28337,0.930446,0.757772
28338,1.973699,-0.600204
28339,0.029910,-0.187773
28340,1.545791,0.581160
28341,1.249372,-0.090563
28342,1.615683,0.103804
28343,-2.036748,-0.823702
28344,0.115817,-1.460805
28345,-3.035122,-1.317266
28346,-0.648928,1.546056
28347,-0.531772,-1.344646
28348,1.701117,-0.660586
28349,1.209319,-0.075102
28350,-0.108440,-0.482753
28351,1.390047,-0.428019
28352,1.939212,-0.057356
28353,-1.711033,0.909357
28354,1.157836,-1.069589
28355,1.232970,-0.213102
28356,2.390004,1.361553
28357,-0.655501,0.137917
28358,1.766487,-0.845318
28359,2.669407,-1.060089
28360,0.661372,0.363325
28361,-2.075162,-0.693450
28362,-0.536838,0.025299
28363,2.908248,-0.833677
28364,2.198936,-0.273464
28365,1.237162,-0.102226
28366,2.668110,-0.295162
28367,2.394974,0.248619
28368,0.549588,0.119427
28369,1.514616,1.490648
28370,1.009434,-0.749022
28371,-2.079425,-0.068867
28372,0.760122,-0.316561
28373,-0.225999,0.067736
28374,-0.287534,-0.932998
28375,0.830892,-0.498712
28376,0.214484,-0.602284
28377,1.092998,-0.024694
28378,-0.430822,0.422565
28379,-0.314164,-0.416241
28380,1.200131,0.310339
28381,0.022061,-0.022982
28382,1.033659,0.504862
28383,0.425776,1.161186
28384,1.667370,-0.755853
28385,-0.473043,-0.319705
28386,-0.444595,-0.336277
28387,-0.597103,-1.051623
28388,1.322643,-0.753078
28389,1.352014,-0.618326
28390,-0.199247,0.052760
28391,2.542052,0.258436
28392,0.476303,0.425341
28393,0.083802,0.513609
28394,1.590731,-0.113421
28395,-3.025949,2.578419
28396,0.692999,0.020586
28397,-1.705579,0.679959
28398,1.800947,0.403384
28399,-1.383500,1.475293
28400,1.173598,1.787542
28401,1.617070,2.751259
28402,0.061771,2.377872
28403,-0.368488,1.470116
28404,-1.202118,0.523967
28405,-0.750263,0.919449
28406,1.383286,-0.030190
28407,2.012971,-0.642853
28408,-1.745548,1.035181
28409,0.606949,0.931690
28410,-1.386716,0.478264
28411,-1.567879,-1.127570
28412,1.428877,-0.721103
28413,1.411449,-0.560578
28414,1.055693,0.431035
28415,-1.966579,0.596387
28416,0.951387,0.348670
28417,0.704161,-0.503929
28418,1.869760,0.310184
28419,0.907564,3.285382
28420,-0.661752,0.280241
28421,2.062586,-0.177724
28422,1.646587,-0.504028
28423,1.978676,-0.449226
28424,0.808077,0.331754
28425,2.044193,-0.072990
28426,0.392813,-0.002728
28427,-1.076403,0.482005
28428,1.864567,-0.238141
28429,0.747616,3.371887
28430,2.170452,-0.455562
28431,-1.752168,0.487687
28432,0.670230,-0.499710
28433,0.935853,0.708911
28434,-0.124663,0.768053
28435,-0.712549,0.805191
28436,1.938241,0.249899
28437,-0.753108,0.648638
28438,-1.811450,0.746385
28439,-2.051114,-0.218448
28440,-2.124347,0.795371
28441,-0.238090,0.919744
28442,-0.654257,-0.256449
28443,-0.953214,0.638306
28444,-1.029432,1.326077
28445,1.140119,0.065288
28446,1.366767,-0.849729
28447,1.519370,0.230190
28448,0.794745,-0.368834
28449,0.473553,-0.726829
28450,2.001392,-0.596346
28451,1.813425,-0.399523
28452,-1.214731,0.167118
28453,0.729970,0.107742
28454,-0.735020,0.837566
28455,-2.431967,-1.392461
28456,0.656921,0.121391
28457,1.133460,0.542150
28458,2.160464,0.606244
28459,-1.919763,-1.812140
28460,-0.114422,0.473218
28461,-0.155933,1.101034
28462,-2.514319,-0.914351
28463,1.079738,0.159933
28464,-0.070837,1.330673
28465,1.353740,0.979823
28466,0.233997,0.690206
28467,1.329369,-0.590471
28468,1.278028,-0.051446
28469,1.241457,-0.343347
28470,-1.305221,-0.763991
28471,1.179530,0.107550
28472,-0.413812,1.366367
28473,0.295525,-1.108602
28474,1.831382,-0.590434
28475,-0.822861,1.708299
28476,-1.706355,0.966590
28477,-0.375067,1.308260
28478,-2.054574,-0.147453
28479,-1.236706,-0.772753
28480,-1.559478,0.490614
28481,1.999672,-0.568791
28482,1.518356,-0.645554
28483,-1.402131,2.918693
28484,1.559374,-0.199595
28485,-2.498756,0.880948
28486,-0.658616,-1.487939
28487,0.687581,-1.095962
28488,0.981840,1.324184
28489,-0.405294,-0.169515
28490,1.808341,0.013168
28491,-0.021626,-1.544963
28492,1.925767,0.468723
28493,-2.157262,-0.182107
28494,0.810420,0.299308
28495,-0.367922,0.063818
28496,1.029298,0.637483
28497,0.796327,0.225649
28498,0.044471,2.106928
28499,-1.824893,1.101880
28500,0.603540,-0.808759
28501,1.837725,-0.007545
28502,1.836712,-0.670982
28503,0.691507,-0.138190
28504,1.595976,-0.806091
28505,0.792463,0.506723
28506,0.359962,1.143544
28507,0.633064,0.104667
28508,0.175425,-0.451124
28509,1.456114,-0.849997
28510,-0.329095,3.603796
28511,-1.047030,0.069089
28512,-1.605403,0.173096
28513,-0.559318,0.322463
28514,-1.302985,-0.709868
28515,0.336703,-0.267075
28516,0.451641,1.277319
28517,0.371711,0.248022
28518,1.484261,0.492433
28519,0.455184,1.384863
28520,-0.709333,0.697624
28521,-0.057855,-0.153890
28522,1.382185,-0.884718
28523,1.092087,-0.078245
28524,0.736612,-0.351000
28525,1.818665,0.524007
28526,1.614545,-0.735723
28527,0.770028,0.442176
28528,-0.531776,-0.923288
28529,-1.884651,0.445622
28530,-0.208314,-0.448417
28531,0.013087,-0.570122
28532,0.268778,0.314782
28533,-0.096613,-1.739448
28534,0.876207,-0.883470
28535,-0.286453,-0.996336
28536,-0.183313,1.030788
28537,-0.125910,-0.745658
28538,0.411416,1.547105
28539,-0.114984,-1.353247
28540,0.793061,1.863282
28541,0.392020,-1.038386
28542,1.798825,-0.656483
28543,2.090255,-0.398720
28544,1.636105,0.574990
28545,-2.247173,1.833041
28546,-0.045184,0.177593
28547,-1.767648,-1.607447
28548,-1.107694,-1.243841
28549,-1.546440,-1.691096
28550,-2.731381,-2.365165
28551,-1.048042,2.552950
28552,-1.132639,-0.162248
28553,0.852456,-0.578267
28554,0.723736,0.129667
28555,-1.335509,2.336445
28556,1.537105,0.020390
28557,-0.571656,-1.014672
28558,-1.547647,-3.156151
28559,-0.729196,-2.733150
28560,-3.046662,-0.029212
28561,1.225017,-0.616590
28562,1.507193,0.828915
28563,-1.021199,-1.742227
28564,1.241703,-0.535971
28565,-0.402124,-1.663716
28566,1.081430,-0.467477
28567,2.958393,-0.889188
28568,-0.230849,-0.378655
28569,0.719461,-0.236262
28570,-0.168208,-1.522377
28571,-0.054127,-1.793477
28572,-2.549038,-1.513011
28573,0.550191,-0.691425
28574,1.399308,-0.403571
28575,1.294879,-1.165494
28576,0.320119,-1.583396
28577,-1.139747,-1.200354
28578,0.772667,-0.810639
28579,1.183969,-1.236577
28580,1.051585,-1.323916
28581,-0.284745,-1.239585
28582,-0.529333,-0.663362
28583,0.531457,-0.671461
28584,-1.411332,-0.675189
28585,0.688927,-0.035831
28586,1.840436,-0.076391
28587,0.910176,-0.775190
28588,-1.441672,-0.858439
28589,-0.366567,1.406525
28590,-0.175671,2.198689
28591,-1.233969,-0.044618
28592,-2.292999,-1.460502
28593,1.394362,0.450702
28594,1.228067,-0.288482
28595,1.485098,-0.382898
28596,0.391873,0.181420
28597,-1.141877,0.308386
28598,-2.178524,0.284001
28599,-0.015769,2.922148
28600,1.250650,-0.460388
28601,-1.465277,-0.166123
28602,-2.759127,-0.516633
28603,-2.157100,0.024261
28604,-1.315615,0.683375
28605,-2.303709,0.067505
28606,0.062749,-1.216809
28607,1.325937,0.207075
28608,0.646358,0.065439
28609,0.252884,-0.939437
28610,-0.846245,0.883177
28611,1.186585,-0.675064
28612,0.800539,-0.282237
28613,0.034738,-1.761442
28614,-0.893573,-0.364184
28615,1.474841,0.662705
28616,1.482014,-0.276710
28617,1.848882,-0.112623
28618,-0.071193,-0.140444
28619,-0.766684,-0.460091
28620,1.418682,-0.214459
28621,-2.545390,-1.561723
28622,1.072353,1.286390
28623,1.642555,-0.659157
28624,0.846024,-0.917497
28625,-0.993635,0.595059
28626,-0.508337,-1.321287
28627,1.361419,-1.486251
28628,-1.309432,-1.519804
28629,-1.475678,-2.150062
28630,1.984231,-0.957044
28631,0.364390,-1.186219
28632,-1.861785,-2.111166
28633,-1.087980,-1.483380
28634,-0.094794,0.854962
28635,0.773718,-0.177334
28636,0.218533,0.105847
28637,1.602384,-0.715431
28638,-1.138762,-0.311224
28639,-1.012648,-0.341561
28640,-0.539719,0.097733
28641,0.602321,-1.020916
28642,-0.939088,-1.280462
28643,0.193219,-0.840838
28644,-0.120980,1.637100
28645,-1.890326,1.054401
28646,2.029164,-0.802183
28647,1.066193,-0.452622
28648,-0.049711,2.186784
28649,1.292714,-0.304658
28650,-2.964259,1.945811
28651,1.625012,-0.973273
28652,1.353269,-0.174878
28653,-0.106711,0.958114
28654,1.480878,-0.666722
28655,-0.324420,-1.258692
28656,0.732579,0.613466
28657,0.820697,-0.615347
28658,-0.504675,-1.777964
28659,-0.667443,-1.201618
28660,1.458097,-0.423434
28661,-0.599485,0.459163
28662,1.357283,-1.860550
28663,0.259739,-0.932104
28664,-0.002841,-1.125593
28665,-1.473058,1.038473
28666,-0.601426,-0.206750
28667,-0.157064,-0.523510
28668,-0.461878,-2.008705
28669,1.904289,-1.052814
28670,1.662191,-0.410269
28671,-1.441309,-1.851890
28672,0.565109,-1.751720
28673,0.012171,-0.912116
28674,-0.300642,-0.708793
28675,0.220041,-0.481733
28676,0.484920,0.233256
28677,1.596281,-1.385200
28678,0.078904,-1.112430
28679,-0.993087,-1.265800
28680,-0.809955,0.125613
28681,-1.188289,-1.727147
28682,-1.240122,-1.273943
28683,1.366968,-1.190807
28684,0.837364,0.271116
28685,-1.120306,-0.919934
28686,0.261572,-0.985449
28687,-1.431353,-0.315855
28688,-0.083973,0.082033
28689,-0.510857,-1.767480
28690,0.267322,0.921708
28691,1.654558,-1.179786
28692,0.261877,-1.768762
28693,1.799742,-1.544936
28694,2.920958,-0.730654
28695,2.492063,-1.126354
28696,2.290460,-0.802210
28697,3.242565,-0.715278
28698,1.732219,-0.761854
28699,2.002263,-1.179710
28700,1.160411,-1.563339
28701,0.500759,-1.739232
28702,0.517862,-1.338789
28703,1.783528,-0.900460
28704,1.458298,-0.402304
28705,0.917461,-1.059233
28706,-1.442014,-0.832762
28707,1.308430,-0.195987
28708,0.378243,0.048214
28709,0.896162,-0.255879
28710,0.505281,-0.694841
28711,-0.782879,-0.839030
28712,1.109580,-1.112890
28713,0.766048,0.653324
28714,0.422408,0.618259
28715,-0.494972,-1.573531
28716,1.562233,0.137094
28717,-0.602902,0.017485
28718,1.687172,0.382085
28719,-1.987668,-1.294396
28720,1.388522,0.019384
28721,-1.512329,-0.522849
28722,-1.157907,-0.582900
28723,2.302683,0.912468
28724,-0.247917,0.735781
28725,1.313368,0.904667
28726,1.821275,-0.119576
28727,1.583797,0.084319
28728,1.535460,0.397199
28729,0.724195,0.298648
28730,2.070689,1.591737
28731,2.179420,1.190478
28732,1.653772,-0.166408
28733,0.685594,0.072609
28734,-0.745660,0.852654
28735,-0.987520,0.173615
28736,1.341852,0.466613
28737,1.138202,0.156492
28738,0.586129,-0.396519
28739,0.586354,1.039138
28740,0.654498,-0.616756
28741,-0.973868,-0.202219
28742,0.828373,0.353840
28743,-0.961821,-1.307802
28744,1.118266,-0.399388
28745,0.162011,0.521013
28746,1.035742,0.819272
28747,0.339308,1.533647
28748,1.939526,0.051286
28749,0.671060,-1.150965
28750,2.105384,0.190108
28751,0.536530,0.925478
28752,1.235921,0.711194
28753,0.170924,0.123039
28754,1.727373,-0.632687
28755,-1.656445,2.433212
28756,-0.730344,0.168657
28757,2.275388,0.352579
28758,0.491684,0.437048
28759,1.004747,-0.215146
28760,1.297126,0.154323
28761,0.974670,-0.283082
28762,-0.227181,-1.239948
28763,-1.729003,0.759730
28764,-0.314321,1.541543
28765,1.617778,-0.775750
28766,0.779560,0.551512
28767,-1.607464,-1.540099
28768,-2.231424,0.113866
28769,-0.007392,0.126858
28770,1.421893,0.913165
28771,-0.573288,-0.621747
28772,-2.465335,0.726189
28773,1.209852,1.075992
28774,1.263829,0.558288
28775,1.514855,0.898037
28776,1.614705,0.109711
28777,-0.353392,2.569693
28778,-0.839317,0.859434
28779,0.620925,2.162529
28780,3.028236,-0.079279
28781,-1.080200,1.508958
28782,0.540277,0.494058
28783,0.917057,0.963458
28784,0.392411,0.792772
28785,-0.779023,0.309723
28786,0.858091,-0.538055
28787,1.658016,-0.104621
28788,1.001435,0.584075
28789,-1.169230,0.059293
28790,-1.731218,0.081868
28791,0.916574,-0.385882
28792,-0.107438,1.102743
28793,-0.696987,0.291537
28794,-0.274719,0.807832
28795,-0.333795,1.919244
28796,-1.501366,-1.982631
28797,-0.007293,0.729743
28798,-1.019004,0.787353
28799,1.005212,-0.056776
28800,-0.857207,1.144911
28801,-0.468666,0.939557
28802,-2.723025,0.146062
28803,-2.143028,1.665285
28804,-2.043241,-0.740208
28805,-2.651515,1.592813
28806,0.975375,1.234616
28807,-0.184045,2.283529
28808,-0.817434,-1.368933
28809,0.352443,-0.011713
28810,-1.456836,2.088150
28811,0.507415,1.363332
28812,0.604783,1.071902
28813,-1.215584,-0.161422
28814,0.282324,0.231590
28815,-0.827101,1.741684
28816,-0.585349,1.088068
28817,1.445718,-0.026982
28818,0.616214,1.598686
28819,-1.226039,1.539819
28820,-2.230552,0.594730
28821,-1.981855,0.317927
28822,2.440350,-0.563077
28823,-0.541916,-1.997711
28824,2.625593,-1.237708
28825,0.329996,-0.783032
28826,1.215903,-1.721358
28827,2.438388,-0.910762
28828,-0.390970,0.528892
28829,-1.221058,0.659296
28830,0.994562,0.158452
28831,-0.529815,0.276259
28832,0.160859,0.662501
28833,0.843592,-0.133864
28834,-2.878831,-0.377918
28835,2.082601,-0.299146
28836,-1.148497,0.367336
28837,0.473441,-0.394970
28838,0.189413,0.484027
28839,-2.752523,0.398474
28840,0.021826,-0.301514
28841,0.040753,0.571150
28842,-0.396458,-0.489087
28843,0.297989,0.906216
28844,0.271161,0.136143
28845,1.503926,-0.213453
28846,0.345785,-0.913757
28847,0.370490,1.318914
28848,2.243663,0.360418
28849,0.666229,0.329478
28850,0.970455,0.310458
28851,-0.454539,-1.912358
28852,1.896162,-0.539316
28853,-1.508553,-2.088911
28854,2.992047,-0.987807
28855,-0.288824,-0.517543
28856,0.934636,-0.417321
28857,0.545644,-1.064057
28858,-0.527963,-1.805605
28859,-0.776227,-0.234796
28860,-0.276141,-1.334243
28861,1.165936,-0.277358
28862,-0.839701,-0.700242
28863,1.376023,-0.156068
28864,2.154655,-0.029978
28865,-0.660619,0.399441
28866,0.203201,-0.956803
28867,0.585666,1.209830
28868,-1.963461,0.082145
28869,-0.831419,-0.292468
28870,-1.489138,3.483127
28871,0.435874,-1.496397
28872,-0.069131,0.224632
28873,-1.738692,-0.860587
28874,-1.067844,-0.604133
28875,1.152889,0.282641
28876,0.909599,-0.675817
28877,-0.724767,0.413855
28878,0.670443,0.580963
28879,0.287541,-0.369785
28880,2.273958,-0.637175
28881,0.807250,0.282911
28882,0.143933,-0.152096
28883,0.070270,-0.799679
28884,0.453846,0.186159
28885,0.439838,-0.424148
28886,-0.586427,3.239750
28887,-0.433546,-0.180601
28888,-1.595179,0.826567
28889,-2.028396,2.941291
28890,-0.278820,-0.364786
28891,0.634931,-0.782206
28892,-0.766316,-1.551806
28893,0.143235,-0.655627
28894,-0.740946,1.366628
28895,-1.065951,-0.762933
28896,-1.301133,0.977050
28897,0.124698,1.196638
28898,2.771516,-0.110530
28899,-2.719194,-1.929551
28900,0.144695,0.001346
28901,0.785997,-0.690853
28902,1.316965,-0.438825
28903,-0.201864,-0.189731
28904,-2.436190,3.265347
28905,-1.292425,-0.590913
28906,-1.420077,1.490294
28907,-0.582897,0.114962
28908,1.521516,-0.732531
28909,-2.580871,-0.336914
28910,-0.691583,-0.090950
28911,-2.064322,-1.018607
28912,-0.190516,-1.027970
28913,0.052931,0.369531
28914,0.057695,-0.196433
28915,0.596008,0.956367
28916,0.076829,-0.428127
28917,-0.777409,-1.185847
28918,1.333399,-0.052524
28919,-3.538884,-1.306823
28920,-0.120894,-1.547801
28921,-0.013879,-0.787947
28922,-1.943648,0.368479
28923,-1.141358,-0.704173
28924,1.291326,-0.161479
28925,0.686681,-0.142895
28926,-2.190393,1.173930
28927,-2.142435,-0.754920
28928,0.201247,-1.104371
28929,0.294888,0.613300
28930,-0.921801,3.257943
28931,1.466521,0.294556
28932,1.338852,-0.132346
28933,0.395009,-0.630150
28934,0.077188,-1.713285
28935,0.256709,-1.397722
28936,0.299337,-1.410307
28937,-0.866760,-0.661740
28938,-0.233942,-0.488737
28939,-3.116184,-0.364630
28940,-0.794434,-1.887716
28941,0.053707,0.016374
28942,-2.094123,-0.998787
28943,0.565695,-0.139615
28944,-2.449415,-1.030379
28945,-1.441048,-0.321176
28946,-2.056835,-0.734141
28947,0.774591,-1.179635
28948,-0.427518,-1.125785
28949,0.168096,-1.072607
28950,0.853699,-0.283368
28951,0.875201,-0.827168
28952,-0.031442,-0.120566
28953,0.841734,-0.304168
28954,1.001603,-0.563649
28955,2.510087,-0.575884
28956,1.127074,-0.405429
28957,-0.070197,-0.629734
28958,-1.020096,0.546923
28959,1.007332,-0.739919
28960,-1.998182,-0.948222
28961,-1.465868,-0.888704
28962,0.138687,-1.596118
28963,0.700843,-0.500238
28964,1.169645,-1.088019
28965,-2.767774,0.721804
28966,-0.811796,-1.097279
28967,0.349845,-2.311226
28968,-0.773626,-1.176439
28969,-0.704039,-0.530308
28970,0.851997,-1.233268
28971,1.603696,-1.416686
28972,0.377474,-1.599932
28973,2.268243,-0.425255
28974,0.765848,-1.145443
28975,0.955088,-1.466453
28976,-0.027375,-1.919182
28977,1.103147,-1.511793
28978,-0.496017,-1.737946
28979,-1.748517,-0.106222
28980,-2.498402,-1.234533
28981,-0.007934,-0.439092
28982,0.743528,-0.597581
28983,-0.441617,-1.310147
28984,-1.789088,-0.605295
28985,-1.334896,-0.340376
28986,-1.188229,-0.805106
28987,0.178003,0.603196
28988,0.275770,0.860215
28989,0.492538,-0.026245
28990,0.110821,-0.424514
28991,-0.449792,0.451857
28992,-1.186127,0.979380
28993,-2.270185,1.122798
28994,-2.919080,1.417836
28995,0.539951,0.532149
28996,0.377641,1.100004
28997,1.295383,-1.135235
28998,0.182296,1.198463
28999,-1.379513,-1.594127
29000,-1.709976,-1.696756
29001,-0.307804,-0.246191
29002,-0.095452,-0.052828
29003,-3.492988,0.009542
29004,0.587391,-0.401074
29005,-0.963116,0.390557
29006,-4.343093,-2.065164
29007,-1.216907,-0.856437
29008,0.146160,0.982026
29009,0.581906,-0.321906
29010,1.852423,-0.682576
29011,1.983760,-1.623594
29012,-1.676805,0.699587
29013,-0.931750,-0.085887
29014,0.071918,1.361317
29015,0.648535,1.309234
29016,0.830020,0.509599
29017,0.480552,-1.048120
29018,-0.557844,-0.316922
29019,2.364569,0.824000
29020,0.155866,0.957403
29021,-3.325454,2.336039
29022,-3.166113,-3.581495
29023,0.314108,-1.113643
29024,0.272050,1.391191
29025,0.471194,0.979865
29026,1.827269,0.286527
29027,-2.330063,-0.517643
29028,0.851540,0.172230
29029,-0.451572,-0.569532
29030,-0.711206,-0.244282
29031,1.147562,0.953885
29032,-0.816751,-0.088823
29033,1.235934,-0.485744
29034,1.656640,-0.892322
29035,0.493902,0.004631
29036,-0.857935,-0.937091
29037,-3.767082,1.432413
29038,-0.680331,-0.105651
29039,0.972640,0.457441
29040,-2.510809,-1.039677
29041,0.586397,-0.365913
29042,-0.850931,-0.682939
29043,0.445270,0.017903
29044,-1.081718,1.269603
29045,-1.433058,-1.463156
29046,0.913893,-1.252801
29047,2.474009,-1.171715
29048,-0.758921,-0.666448
29049,1.541659,-1.309184
29050,1.234261,-1.516226
29051,-0.198603,-1.166713
29052,1.624454,-1.341413
29053,1.499709,1.672921
29054,0.814291,-0.207543
29055,3.176366,-0.618190
29056,1.804659,0.970692
29057,1.794834,1.542819
29058,-0.720613,-2.014774
29059,-0.283157,0.918672
29060,-1.785422,-2.193826
29061,-2.596583,-0.170933
29062,-2.305452,-1.425826
29063,1.689997,0.670374
29064,-0.105765,-0.728841
29065,-1.145355,-0.482548
29066,-1.626053,0.053373
29067,0.583516,0.421072
29068,-0.252329,-0.421109
29069,0.077179,-1.721608
29070,-1.328243,-1.446175
29071,1.515191,-0.102522
29072,-2.674789,1.335437
29073,-1.788354,0.103170
29074,-1.094075,-1.212287
29075,0.366790,0.061176
29076,-0.763310,0.042722
29077,-0.702137,-0.519729
29078,1.219886,-0.359777
29079,0.176919,-0.393261
29080,0.211826,-0.590482
29081,-1.141439,0.570162
29082,1.215370,-0.064661
29083,-0.256348,-0.197264
29084,0.924408,-0.666217
29085,2.144735,-0.724171
29086,-0.915892,0.713725
29087,1.053915,-0.591851
29088,-2.083600,-0.021029
29089,1.000717,-0.420002
29090,0.695363,-1.022995
29091,1.038275,-0.811425
29092,-0.208403,-0.391744
29093,-0.689842,-0.831029
29094,-1.367166,-0.014791
29095,-1.911656,0.228945
29096,-1.389150,-0.405893
29097,-1.129538,1.487066
29098,-0.463707,0.568840
29099,-1.317129,0.221918
29100,1.450648,-0.815370
29101,1.009084,-0.620218
29102,1.836627,-0.316350
29103,0.649339,0.232171
29104,-1.639611,-0.723417
29105,-2.160761,0.327365
29106,0.848376,-1.267493
29107,-1.754231,-0.511720
29108,-1.286285,-1.426643
29109,0.395915,0.111450
29110,-0.042008,-0.117139
29111,0.509200,-0.267121
29112,-0.043436,-0.865075
29113,-0.169768,0.359709
29114,1.344564,-0.050450
29115,-0.871215,-0.303908
29116,0.576182,-0.669518
29117,0.480729,-0.232763
29118,-0.485255,-0.667715
29119,-1.113034,-1.177988
29120,0.664317,-0.965465
29121,-0.351101,-0.265046
29122,1.386517,-1.116049
29123,-0.103362,-0.855612
29124,-0.640717,0.982084
29125,0.285436,-0.364174
29126,-0.167000,-0.487577
29127,0.902647,0.135357
29128,0.474103,0.302134
29129,-0.207580,0.619297
29130,-1.430211,1.150089
29131,0.103662,0.404600
29132,-0.894355,0.275817
29133,-0.010888,2.135731
29134,-1.088344,0.635363
29135,0.583525,0.527640
29136,-0.557591,-0.395580
29137,0.009024,0.671292
29138,0.270453,-0.110389
29139,0.254558,-0.261001
29140,1.248832,0.013546
29141,1.323955,-0.672885
29142,1.272304,-0.752439
29143,0.086711,-1.145389
29144,-0.026651,-0.921761
29145,-1.071234,0.014002
29146,-1.158469,-0.276034
29147,-0.384148,-0.818420
29148,0.894720,-0.434337
29149,-0.895763,-1.014783
29150,-0.718233,0.029925
29151,1.840919,-0.644635
29152,-0.125917,-0.600011
29153,0.660937,0.569986
29154,-1.417824,-0.619062
29155,-0.129140,2.970566
29156,-1.528422,0.713763
29157,0.817196,0.346139
29158,0.400758,0.044547
29159,0.754868,-0.835302
29160,0.491586,-0.904174
29161,0.714065,0.108516
29162,1.149944,-0.854794
29163,0.403245,-0.293766
29164,-0.637537,-1.233851
29165,-0.250730,-0.023822
29166,-1.044277,-0.477555
29167,-0.249169,-0.096517
29168,-1.299473,-0.665313
29169,0.760554,-0.377190
29170,-0.503270,-0.819996
29171,-1.367840,-1.476850
29172,-0.382438,-0.224143
29173,-0.734175,-1.368407
29174,0.025768,-0.617631
29175,0.082100,-0.124410
29176,-0.429864,-0.310764
29177,0.108344,-1.420642
29178,0.980707,-0.844726
29179,-0.130589,0.443835
29180,-0.517258,-1.344409
29181,1.587380,-0.783129
29182,-1.231456,-2.085035
29183,0.757816,-1.099758
29184,-0.727580,0.291781
29185,-0.029085,-0.773817
29186,-0.769829,0.166076
29187,0.231765,-0.032799
29188,-0.772499,0.991844
29189,-2.501801,0.439214
29190,-0.011320,0.241039
29191,-0.912016,0.161170
29192,-0.949548,-0.207586
29193,-0.067045,0.140820
29194,-2.474004,0.099490
29195,0.966146,-0.748130
29196,-2.134802,0.838848
29197,-1.190080,-0.893309
29198,-1.232351,3.018882
29199,2.045107,-0.671423
29200,0.457960,-0.572238
29201,0.343761,-1.266317
29202,-1.140293,0.296344
29203,-0.897254,2.106701
29204,-0.347160,0.949653
29205,-0.040359,1.264630
29206,-1.062965,-0.275139
29207,0.084689,-0.473933
29208,0.051921,0.395294
29209,1.717462,-0.370452
29210,1.825998,0.025755
29211,0.928081,-0.126983
29212,-1.665765,0.789255
29213,-1.715383,-0.277717
29214,-2.085355,2.339953
29215,1.197903,-0.090776
29216,1.202577,-0.064524
29217,0.299950,1.252775
29218,-1.841931,1.282996
29219,-1.791157,0.418345
29220,-0.582047,0.507606
29221,-0.055680,0.739060
29222,-0.176054,-0.629072
29223,-1.163660,0.450701
29224,1.007427,0.809763
29225,-0.181664,-0.313504
29226,-0.414451,1.327499
29227,-0.909713,0.001556
29228,-2.245052,-1.367390
29229,0.555878,-0.290519
29230,-0.409191,0.680730
29231,-2.791244,-1.330852
29232,1.525859,-0.118644
29233,0.811978,0.795524
29234,1.475188,3.679120
29235,-0.315367,0.416872
29236,-0.576056,-0.700065
29237,-0.573535,0.728402
29238,-1.093887,1.010149
29239,-3.361800,1.771631
29240,0.318561,-0.868591
29241,-0.546778,-0.819158
29242,1.647212,0.040612
29243,0.610999,-0.503578
29244,1.185268,-0.601909
29245,-0.247917,0.735781
29246,0.228998,1.031247
29247,-0.608359,0.127287
29248,-2.640234,-0.135523
29249,-0.498171,0.112941
29250,0.860259,-0.373305
29251,-0.872872,-0.139011
29252,1.816325,0.423604
29253,-1.337079,-0.341438
29254,0.641781,-0.034999
29255,-0.316004,-0.107352
29256,-1.768058,0.408584
29257,-2.009821,0.048907
29258,0.442313,0.481440
29259,-0.370529,-0.005901
29260,-0.789664,-1.117130
29261,-2.627433,-1.593126
29262,-0.305659,0.578356
29263,-0.577138,1.852487
29264,0.743731,-0.720306
29265,0.697953,-0.144799
29266,1.098261,0.473495
29267,-0.190476,-0.841175
29268,1.717603,-0.032784
29269,0.376882,-1.230584
29270,-0.696398,-0.831249
29271,0.267822,1.347188
29272,-1.468562,-0.849476
29273,0.478259,-0.777964
29274,1.814399,-0.647565
29275,2.349100,-1.334778
29276,1.655569,-0.499585
29277,-0.573601,-1.001576
29278,1.157209,0.365812
29279,-0.098489,-0.143221
29280,0.931113,-0.738285
29281,-0.623268,-0.140548
29282,-1.267154,0.352281
29283,0.288635,-1.850014
29284,-0.177178,-0.543044
29285,1.394430,-0.158750
29286,1.201636,-1.595942
29287,-1.356891,-0.856433
29288,-1.039423,0.076323
29289,-0.785499,-1.712617
29290,-0.902540,0.276378
29291,0.998605,-1.090864
29292,-1.234467,-0.515979
29293,-0.091316,-1.058881
29294,-1.376551,0.936457
29295,1.263034,0.170188
29296,0.751270,-1.072174
29297,-0.246860,0.011928
29298,1.296328,-1.403165
29299,0.581872,0.425836
29300,2.156504,-0.365269
29301,0.267379,-0.011601
29302,0.607357,-0.291750
29303,1.057332,-1.266284
29304,-0.113565,0.720462
29305,1.291197,-1.153536
29306,-1.092404,0.205876
29307,0.785377,-0.471737
29308,0.699875,-0.466783
29309,1.102110,-0.629561
29310,0.330068,0.308059
29311,2.926937,-1.266201
29312,1.774902,-1.205908
29313,0.869325,0.236510
29314,-0.142671,-0.943789
29315,2.904866,-0.968302
29316,1.408057,-0.234673
29317,0.983692,-0.356878
29318,0.533552,-0.050695
29319,1.089460,-0.342532
29320,-2.706247,0.287230
29321,-2.733550,-0.456977
29322,-2.020956,0.312314
29323,-2.086197,-0.086603
29324,0.050493,-0.869878
29325,-0.539209,-0.402769
29326,-0.598646,-1.260162
29327,-0.245478,-1.141883
29328,-2.496065,2.127357
29329,-0.742181,1.075409
29330,1.899260,3.241620
29331,-0.178571,2.577757
29332,-1.474153,0.369050
29333,2.688114,-0.948607
29334,0.896034,1.236915
29335,-0.343084,2.360524
29336,-0.527385,1.398871
29337,-1.437698,-0.384465
29338,0.831276,0.516723
29339,-1.725395,-0.909801
29340,-2.971719,0.945189
29341,-0.545005,0.684755
29342,-3.889353,-0.208205
29343,0.830947,-0.409493
29344,-0.486952,2.174525
29345,-1.121068,0.818534
29346,-0.387034,-0.374707
29347,2.966083,-1.200585
29348,1.345108,0.218192
29349,-1.004241,-0.596793
29350,-1.458729,-1.220728
29351,-0.286253,0.220464
29352,-0.417416,0.326307
29353,-0.758592,-0.090614
29354,2.224776,0.204137
29355,1.451894,-0.609721
29356,-0.048132,0.819171
29357,0.311151,1.103327
29358,-1.195037,-0.975356
29359,-0.298184,-0.661127
29360,0.414491,0.138434
29361,-1.216400,1.899436
29362,0.261517,1.242422
29363,-0.723235,0.455893
29364,-0.637608,1.184151
29365,-1.045242,-0.786483
29366,-0.358355,-0.162422
29367,-0.890738,1.446934
29368,-3.174122,1.844642
29369,0.855656,0.512621
29370,1.441445,1.488259
29371,2.210959,0.543375
29372,-1.350952,2.134751
29373,-1.539309,0.470842
29374,1.372991,0.899349
29375,-1.875739,1.957001
29376,0.893808,0.093347
29377,0.523828,0.243487
29378,-2.368083,1.664237
29379,-1.470681,-1.516047
29380,1.211277,-0.740098
29381,-0.209228,1.263033
29382,0.590678,-0.859019
29383,0.317479,-0.547133
29384,-0.529189,-0.059010
29385,-2.278053,-1.675774
29386,2.511720,-1.080363
29387,1.392063,0.170224
29388,0.931730,0.559017
29389,0.848304,0.366354
29390,0.955345,-0.513433
29391,1.337888,0.302587
29392,0.456855,0.333224
29393,0.645913,0.298530
29394,-0.382254,0.405137
29395,0.655498,2.276958
29396,-1.746587,1.085444
29397,-3.116860,-0.274363
29398,-0.454255,0.108092
29399,-0.560542,-0.425845
29400,-1.259149,1.709445
29401,-0.016466,-0.189222
29402,-2.665237,-0.015411
29403,-2.907622,0.139310
29404,0.340151,-1.476204
29405,1.171273,-0.039976
29406,0.220667,1.781875
29407,-1.188409,0.315014
29408,0.396377,-0.632908
29409,1.593240,0.067128
29410,-1.970194,-0.739460
29411,-1.992883,0.823350
29412,-0.748596,0.211964
29413,1.391219,0.029376
29414,-0.790087,0.996976
29415,0.041843,2.068206
29416,-0.496145,0.558226
29417,0.952762,0.065974
29418,-0.908647,-2.016860
29419,1.475512,-0.102768
29420,0.323481,0.499946
29421,-2.348828,-0.542070
29422,-1.232762,-1.175450
29423,0.701540,-0.494997
29424,1.013585,-0.754368
29425,1.218334,-0.440887
29426,-0.687915,-0.284097
29427,0.689782,-1.422718
29428,0.352578,-0.106221
29429,-0.875015,0.037060
29430,-0.167827,2.077259
29431,0.470905,0.129103
29432,0.510504,-0.978832
29433,-1.219296,-1.164045
29434,2.359695,0.155082
29435,0.746182,0.026837
29436,-1.618279,3.708721
29437,-0.922093,-0.105462
29438,-1.471475,0.303824
29439,-1.380934,-1.450727
29440,1.661868,-0.423073
29441,0.679638,-0.217341
29442,-3.694657,1.440227
29443,-2.285443,-1.884108
29444,-0.549367,-1.137356
29445,1.173384,-0.214662
29446,-0.359302,-1.649213
29447,-3.202979,0.170838
29448,0.037195,-0.105163
29449,2.444701,0.192099
29450,2.478015,-0.249164
29451,-0.604011,0.328767
29452,-1.300918,0.126994
29453,0.733669,-0.000676
29454,-2.128456,2.433150
29455,-0.345601,0.072344
29456,-1.647480,0.916878
29457,-1.036735,1.589510
29458,-1.703801,-0.451649
29459,-0.628598,0.746059
29460,-1.667505,0.007003
29461,0.782815,-0.885111
29462,-0.777111,0.814878
29463,0.273941,-0.128778
29464,0.388376,-0.521601
29465,-1.774533,-1.130886
29466,0.672396,-0.442370
29467,-0.258941,0.665376
29468,1.003431,-1.075089
29469,0.893893,-0.638140
29470,0.731940,-0.728307
29471,0.272286,0.410899
29472,1.678554,-0.210950
29473,0.378920,1.807106
29474,-1.525823,0.487535
29475,0.001044,1.831592
29476,2.595619,-1.507296
29477,-1.173016,0.113685
29478,0.599511,-0.220667
29479,1.302157,0.817467
29480,-1.648741,-1.654552
29481,1.146285,-1.011860
29482,0.359685,0.822774
29483,2.006398,0.085694
29484,0.679604,1.284137
29485,2.162756,-0.455376
29486,0.243504,1.679719
29487,-0.896900,2.903005
29488,1.492747,1.733730
29489,0.380186,0.531857
29490,-0.181969,-0.391646
29491,-0.441393,0.320914
29492,0.302527,-0.617933
29493,1.664749,-0.533802
29494,0.717231,-0.451480
29495,1.311332,-0.893557
29496,0.416099,2.483526
29497,0.934094,0.184603
29498,1.220568,-0.738167
29499,0.060281,0.282077
29500,-1.500639,-2.984850
29501,0.201396,0.742220
29502,-0.693905,0.721894
29503,-0.645071,0.396177
29504,-0.249701,1.443888
29505,1.024308,-0.271648
29506,1.784549,0.541878
29507,2.310963,-0.975042
29508,-2.903029,-1.012278
29509,1.997606,0.409332
29510,0.943822,0.906768
29511,-0.691285,-0.127690
29512,1.635195,-0.051039
29513,-0.236284,-0.066346
29514,-0.482730,0.188335
29515,-1.121118,0.713469
29516,0.358115,-0.800054
29517,-0.266080,-0.300625
29518,-0.632895,0.194275
29519,0.013478,1.340517
29520,-2.962854,-2.632633
29521,1.079599,-0.069220
29522,0.287918,-1.150995
29523,0.703424,-0.887613
29524,0.082579,-1.009677
29525,-1.685899,-0.887468
29526,-0.160972,0.602692
29527,0.533508,1.054468
29528,-1.786180,-1.996850
29529,2.180445,-0.768715
29530,1.366238,-0.991003
29531,0.034735,-0.441536
29532,-1.031334,-1.429158
29533,0.486621,-0.258043
29534,0.293962,-0.935516
29535,0.189537,0.084254
29536,-1.444511,0.303158
29537,0.938421,-0.235464
29538,2.628733,-1.419544
29539,-0.027612,-0.335070
29540,0.745628,-1.126188
29541,1.667548,-0.270712
29542,1.033939,0.047289
29543,1.507435,0.621375
29544,-0.132094,-1.016332
29545,1.344234,0.429122
29546,0.806497,-0.772991
29547,1.852973,-0.542192
29548,-2.494962,1.042750
29549,1.228297,-0.355496
29550,0.492500,0.293553
29551,-1.566641,1.033179
29552,-0.749493,0.652437
29553,0.241035,0.897187
29554,-0.533787,0.537951
29555,-0.667313,-0.536969
29556,0.101569,-0.987287
29557,0.090472,1.963866
29558,1.386497,-0.564706
29559,0.759067,-1.089294
29560,1.592609,-0.550661
29561,-0.154501,0.320559
29562,-0.545962,0.746522
29563,-0.353794,3.754327
29564,-0.673006,0.987107
29565,-1.716306,-0.712565
29566,-0.602977,3.667381
29567,-0.357699,2.678370
29568,-1.791572,-1.008073
29569,-0.055486,2.726961
29570,1.716105,0.771826
29571,1.160467,0.749979
29572,1.093897,0.976175
29573,-0.517754,-0.061963
29574,-2.021029,2.073412
29575,-0.390297,1.803747
29576,1.648766,0.598129
29577,-2.343324,-0.159133
29578,0.434296,1.901624
29579,1.812041,-0.592206
29580,-0.595161,0.952189
29581,0.435480,0.891578
29582,0.599592,1.642275
29583,1.716997,1.139494
29584,-0.066299,0.907886
29585,2.709137,-1.144898
29586,0.679561,3.062659
29587,-1.184957,1.548474
29588,1.886825,2.975111
29589,1.831149,-0.562163
29590,1.135492,0.262650
29591,1.379500,0.320025
29592,-1.507436,0.123107
29593,-0.961621,-0.257918
29594,0.263043,-1.115539
29595,-1.649098,-1.278230
29596,1.701061,0.335072
29597,2.032562,0.667554
29598,-2.287046,0.168946
29599,-0.625257,1.753821
29600,-1.594893,1.392578
29601,1.565433,1.753779
29602,1.763159,0.124590
29603,1.224156,1.423751
29604,1.460930,0.895069
29605,-0.022210,0.323967
29606,-0.780868,0.574641
29607,0.389146,1.130831
29608,-0.586192,2.351290
29609,-0.235810,0.636974
29610,-0.839782,-0.374699
29611,-0.667799,0.108842
29612,-0.290098,3.606091
29613,0.263358,2.350156
29614,2.440274,-0.103798
29615,1.573455,2.165776
29616,0.957810,1.910239
29617,0.334988,0.119581
29618,-0.544783,0.803793
29619,2.028091,-0.233336
29620,0.220716,-0.444925
29621,-0.986320,3.037424
29622,2.146696,0.335813
29623,-0.798675,0.974619
29624,-0.217090,0.733196
29625,0.737709,4.202637
29626,1.886478,1.079066
29627,1.822522,1.217232
29628,1.015352,1.641605
29629,2.302721,0.614238
29630,-1.142643,0.445725
29631,2.358844,0.298909
29632,0.351806,0.131561
29633,2.211899,-1.119742
29634,2.108176,0.249175
29635,2.316785,0.013242
29636,-1.800462,-0.111110
29637,-1.529941,1.231885
29638,1.768413,0.138709
29639,0.521769,0.892978
29640,0.180384,-0.057207
29641,1.186450,-1.314977
29642,1.346272,1.670706
29643,-0.977646,-0.868576
29644,1.451378,-0.415366
29645,1.566002,0.052990
29646,1.741586,-0.878393
29647,0.157272,0.370899
29648,1.508169,-0.697822
29649,1.641635,-0.173123
29650,0.218836,0.289945
29651,1.572045,-0.090567
29652,0.838633,-0.589520
29653,0.294510,1.653337
29654,-1.385899,2.615166
29655,0.512587,1.137950
29656,0.851179,2.861490
29657,1.647290,1.833837
29658,-0.924628,1.085101
29659,-1.370202,2.193236
29660,-1.698493,-0.931533
29661,-1.395254,2.975935
29662,-2.942931,0.863969
29663,1.450437,-0.363786
29664,0.647222,-0.115246
29665,0.918396,0.445796
29666,1.826270,0.349689
29667,2.297005,0.055583
29668,1.206523,0.424276
29669,2.028959,-1.164879
29670,2.006757,0.104220
29671,-0.866497,0.768454
29672,1.062247,-0.465956
29673,2.170525,-0.283481
29674,1.013655,0.063218
29675,0.709730,1.250856
29676,1.774810,-0.603836
29677,1.493218,-0.162225
29678,0.493066,2.441004
29679,0.170343,0.176553
29680,2.100872,-0.383594
29681,2.230387,0.556025
29682,1.589540,-0.220663
29683,0.462235,0.542923
29684,1.686879,0.680847
29685,-3.526057,-0.090852
29686,1.630817,2.029210
29687,1.093277,0.845828
29688,-0.263134,1.961533
29689,0.265816,2.897097
29690,0.690875,0.520218
29691,1.432178,0.798940
29692,2.455427,-0.606207
29693,-1.864274,0.556210
29694,-1.451510,0.583162
29695,-0.276199,2.461021
29696,0.521081,0.261731
29697,-0.401160,-0.656777
29698,-0.195221,0.464445
29699,1.612808,1.031574
29700,-0.788277,1.852821
29701,1.164289,0.446464
29702,0.861100,1.047975
29703,-1.578311,0.481108
29704,-0.920059,0.666082
29705,1.608079,0.801079
29706,0.962777,0.528139
29707,-0.915751,-0.709830
29708,2.084480,0.451113
29709,-0.333799,1.660140
29710,1.224573,-0.201545
29711,-1.319822,0.597857
29712,0.713697,0.014079
29713,-0.310079,1.604698
29714,0.839373,0.760653
29715,0.184616,-0.315972
29716,0.521796,0.425334
29717,-0.616293,2.431958
29718,0.120950,2.823202
29719,1.406890,0.497514
29720,0.190616,1.773266
29721,0.999774,2.031137
29722,-1.346187,1.817837
29723,-0.850057,1.121021
29724,-0.714202,0.605895
29725,1.315723,1.112775
29726,0.987618,1.418159
29727,0.709348,2.797817
29728,1.232571,1.948307
29729,-0.820911,0.837399
29730,-1.074689,0.803348
29731,1.653260,0.339269
29732,-0.059345,-0.129550
29733,0.495764,-0.602083
29734,-1.295196,-0.108674
29735,-1.804035,0.678876
29736,-1.946588,1.139722
29737,1.071244,1.796730
29738,2.415813,0.828514
29739,0.712728,0.123391
29740,0.020601,-0.074832
29741,-0.297028,0.331080
29742,-0.856421,0.487657
29743,-1.054375,-0.229746
29744,1.770830,-0.612425
29745,1.722893,-0.379142
29746,1.282961,-0.417884
29747,0.594035,0.208532
29748,1.060012,-0.258084
29749,1.631028,-0.782028
29750,1.035164,4.957814
29751,1.023321,1.445301
29752,0.540758,1.707177
29753,0.872477,1.501955
29754,1.878722,1.468743
29755,1.273940,5.075017
29756,0.137101,0.363858
29757,1.731836,0.634232
29758,2.178118,-0.118323
29759,1.950258,0.217984
29760,2.135957,1.127876
29761,1.917666,0.876183
29762,0.545099,0.804574
29763,1.447871,-0.531416
29764,0.681844,0.982929
29765,0.023313,2.317184
29766,-0.940189,1.507227
29767,-0.136478,-0.042681
29768,-1.274315,1.313819
29769,-0.204426,-0.099284
29770,0.998271,0.067293
29771,-2.920869,1.235435
29772,-1.660628,0.084396
29773,-0.068614,-1.046825
29774,-1.207551,-1.213442
29775,1.051259,0.867988
29776,-0.615188,-0.374680
29777,-0.266171,0.904380
29778,0.507970,1.361388
29779,-1.594486,1.318850
29780,1.411417,2.014551
29781,2.628339,-0.178047
29782,1.411222,0.752801
29783,1.329739,0.573559
29784,-0.102876,-0.474880
29785,0.626278,0.573511
29786,1.225649,1.607993
29787,0.769336,-1.067661
29788,-1.048720,-0.506878
29789,0.371364,-1.142479
29790,-0.240637,-0.178959
29791,0.525121,-0.898359
29792,1.462358,0.418617
29793,0.494000,-0.572281
29794,0.652427,0.059657
29795,1.143502,0.185313
29796,0.194706,0.512561
29797,-1.115330,1.321277
29798,-2.760701,-0.095951
29799,-1.444942,1.432583
29800,0.813250,1.302612
29801,0.774673,0.230204
29802,1.430114,0.763578
29803,1.298677,1.744059
29804,-0.300251,2.783953
29805,1.865715,-0.125218
29806,-0.534439,0.619758
29807,2.839920,0.158856
29808,1.066745,0.778800
29809,1.754296,-0.638416
29810,0.994522,-0.582805
29811,-0.260301,0.123323
29812,0.495877,0.820637
29813,-0.071584,0.574267
29814,0.427676,1.146735
29815,2.077426,0.962506
29816,-1.982821,1.212426
29817,1.476000,-1.038198
29818,1.594144,-0.198831
29819,0.838728,-0.712820
29820,0.710068,0.033674
29821,1.998928,0.146649
29822,1.575437,-0.814248
29823,0.092244,-0.074775
29824,0.918156,2.000986
29825,-1.380325,0.690908
29826,2.009180,0.881024
29827,1.380182,-0.022132
29828,0.624940,-0.352943
29829,-0.530203,0.036117
29830,0.262689,-0.690714
29831,-1.005129,0.812308
29832,0.079864,0.482573
29833,0.096465,-0.051758
29834,-0.772893,-0.101472
29835,-1.241883,2.527504
29836,-0.283734,0.498796
29837,1.021098,1.790262
29838,2.741634,0.376577
29839,2.600205,-0.391472
29840,-0.415943,1.369592
29841,2.375109,-0.071520
29842,-0.109305,1.106942
29843,0.155945,2.061242
29844,-0.233099,2.028925
29845,0.840217,-0.705634
29846,-1.557646,2.762135
29847,2.011597,0.938006
29848,0.603359,3.969261
29849,1.380501,-0.916396
29850,0.031474,0.258367
29851,-0.798992,2.804303
29852,0.015018,-0.592520
29853,0.050336,0.086458
29854,0.272404,-0.902129
29855,0.587329,0.081582
29856,2.005314,1.978955
29857,-0.680392,0.152247
29858,-0.145487,1.280364
29859,0.259096,3.648514
29860,0.478205,1.705154
29861,1.238086,0.085141
29862,0.227007,-0.376108
29863,0.134630,-0.342781
29864,2.144353,0.115948
29865,-0.129670,-0.887995
29866,0.398075,0.106623
29867,-0.295075,0.114666
29868,-1.302201,-0.015681
29869,1.055229,1.406409
29870,2.092986,0.967150
29871,0.739762,1.666839
29872,1.825318,1.609916
29873,1.683242,-0.655181
29874,0.976785,-0.667087
29875,0.233340,-0.564248
29876,1.008605,1.142897
29877,-1.513285,0.814356
29878,1.330253,-0.266206
29879,-1.732337,0.872850
29880,0.682742,-1.120763
29881,1.538666,-0.680743
29882,0.047616,1.259078
29883,-0.597934,0.588899
29884,-1.803928,-1.852923
29885,0.109413,0.306831
29886,-0.633798,-0.472060
29887,1.080792,0.046736
29888,0.229900,-0.385980
29889,0.735593,0.531980
29890,-0.666452,-0.186128
29891,1.861417,0.547460
29892,1.684531,0.500046
29893,0.683299,-0.260470
29894,0.038957,-0.621109
29895,1.183011,-0.216598
29896,0.333038,-0.457431
29897,0.924860,0.286756
29898,-0.074151,0.400934
29899,1.757985,0.989899
29900,0.972988,0.322983
29901,1.687153,0.182116
29902,-0.142161,-0.274462
29903,-0.443824,2.549161
29904,-1.527659,1.912495
29905,0.210054,0.155398
29906,2.306976,1.217988
29907,1.436962,-1.020699
29908,1.998632,-0.223505
29909,2.236558,-0.907312
29910,1.694439,-1.601214
29911,1.219998,-0.690413
29912,-0.312245,-1.721963
29913,0.871362,-0.998176
29914,-1.391460,0.414735
29915,-3.716160,2.833601
29916,-0.451724,1.712652
29917,1.412251,1.111508
29918,0.212656,-0.198046
29919,0.624739,-0.531894
29920,1.699583,2.281918
29921,0.525233,-0.685916
29922,1.012656,1.187880
29923,0.715177,-0.208640
29924,-1.549964,-0.387574
29925,-0.382186,-0.104458
29926,-1.662505,-0.418735
29927,-0.957724,0.269172
29928,-0.308919,0.983197
29929,2.033092,-0.263755
29930,-2.672103,-0.151062
29931,1.619337,-0.467186
29932,1.885395,-0.515853
29933,-1.422656,-0.372849
29934,-1.669175,0.608046
29935,-1.895249,0.660774
29936,-0.231970,0.738392
29937,-0.251175,1.230893
29938,-1.238064,1.402685
29939,0.164581,0.734406
29940,0.340295,-0.586484
29941,0.959341,-0.365051
29942,0.605949,0.173681
29943,1.174777,-0.604746
29944,0.462698,1.374086
29945,-1.642820,1.647792
29946,-1.246752,1.669151
29947,0.214250,0.121488
29948,-0.231747,0.496302
29949,0.609472,-0.577343
29950,1.520443,1.222149
29951,0.243799,-0.774903
29952,0.937147,-0.776962
29953,1.094871,-0.216096
29954,0.375362,-0.447457
29955,-1.147120,-0.913540
29956,-0.491348,0.023130
29957,-0.686909,1.410907
29958,-2.602052,0.094100
29959,1.983856,0.103348
29960,0.305675,-0.086130
29961,-1.206419,1.209533
29962,0.384042,0.490567
29963,-0.445917,-1.324067
29964,0.796223,-0.395384
29965,1.154803,-0.272237
29966,1.749487,-0.956976
29967,1.267692,0.151030
29968,1.918555,-0.277850
29969,0.659948,1.410138
29970,1.357831,-0.226460
29971,1.081024,-0.017269
29972,0.074721,0.745943
29973,0.933047,-0.238183
29974,-2.534340,-0.134587
29975,0.777747,-0.713553
29976,2.004699,-1.034526
29977,1.607141,-1.153190
29978,0.904335,0.058614
29979,1.187153,1.675767
29980,1.870576,-0.445519
29981,0.948992,-0.586579
29982,2.026275,0.502137
29983,0.834387,-0.946481
29984,-0.905512,-0.377734
29985,0.658016,0.603910
29986,0.078901,0.021363
29987,-0.585454,0.468015
29988,-1.204688,-1.351023
29989,-0.785300,0.253987
29990,0.408920,-0.552622
29991,1.724141,-0.375389
29992,1.261350,-0.777271
29993,0.311695,-1.006236
29994,-2.006688,-1.814902
29995,-3.263965,-3.683147
29996,0.483337,-1.962666
29997,-4.077146,0.037088
29998,-2.602751,-2.001955
29999,-0.936208,-2.619658
30000,0.076192,-1.639296
30001,-0.330654,-1.400129
30002,2.030302,-1.031717
30003,1.029081,0.372713
30004,0.942909,-0.350830
30005,0.794888,-0.332464
30006,2.081603,-0.922801
30007,-2.406778,-2.217293
30008,-0.213941,1.391067
30009,0.913181,-1.326099
30010,2.312220,-0.662858
30011,0.931902,-1.011330
30012,1.109059,-0.763127
30013,1.536812,-1.548360
30014,-0.125614,-0.727783
30015,0.899601,-0.512339
30016,0.800054,-1.095118
30017,0.915624,-0.342490
30018,0.237836,0.226882
30019,-0.439532,-2.013935
30020,-0.016038,-1.876402
30021,-0.381357,-1.736166
30022,-0.044335,0.822828
30023,1.541309,-1.816741
30024,1.043860,-1.601480
30025,-0.718310,-0.015932
30026,1.603837,-1.062091
30027,-1.557355,-0.404400
30028,0.953927,-1.312355
30029,0.484038,-0.359334
30030,0.020098,-1.445632
30031,-0.713151,-0.301937
30032,-1.087979,-0.433141
30033,0.753044,-1.065272
30034,-0.502999,-2.513430
30035,0.144712,-2.088203
30036,-2.274077,-1.898509
30037,-1.200370,-2.514188
30038,-1.051997,0.665717
30039,0.153059,0.781360
30040,-0.399394,0.202573
30041,-1.156089,-0.085115
30042,-0.830386,0.605713
30043,-1.568068,1.715143
30044,-1.385981,0.856020
30045,1.064846,-0.595226
30046,-0.128528,0.241388
30047,0.711418,-0.731146
30048,1.225438,1.193074
30049,0.981217,-0.180790
30050,-0.944801,0.685422
30051,-0.009711,-1.537128
30052,-0.114773,3.774053
30053,0.337096,1.993885
30054,-0.212638,-1.089870
30055,-0.052719,0.078983
30056,-0.318337,-0.490368
30057,-3.693381,-0.346548
30058,-0.095269,-0.934045
30059,1.154169,-1.022528
30060,1.064365,-0.152143
30061,1.878591,-0.433330
30062,1.036231,-0.184373
30063,-0.787933,0.548770
30064,2.336779,-0.291787
30065,0.030703,0.341690
30066,1.003871,0.327426
30067,1.474170,-0.449797
30068,-0.046043,0.066212
30069,-1.106686,2.579783
30070,-1.613794,-0.616728
30071,0.366421,-0.163677
30072,-2.988116,-0.612268
30073,-0.443191,-0.105720
30074,0.569965,0.643069
30075,-0.333820,2.734056
30076,0.417844,-0.167773
30077,-0.964451,-0.760105
30078,-0.339828,-0.958081
30079,0.779181,-0.762571
30080,-0.652571,-1.179843
30081,-1.965507,-2.218582
30082,-1.119040,1.053508
30083,1.223189,-0.471609
30084,-0.089137,-1.031542
30085,1.574795,-0.859336
30086,-3.340506,0.548449
30087,-0.625973,0.290835
30088,0.513223,0.059131
30089,1.275563,-0.648265
30090,-1.363308,-1.202249
30091,1.629181,-0.371261
30092,-3.667282,1.193301
30093,-1.446062,-0.624945
30094,0.760163,-0.426494
30095,1.637616,-0.372816
30096,-0.979489,-0.068310
30097,-0.321041,0.646440
30098,-1.487234,0.392531
30099,-0.565338,0.472295
30100,-0.223829,1.436245
30101,1.325126,1.066271
30102,-0.478881,-0.447102
30103,-0.453438,-0.101919
30104,-2.570002,-2.638010
30105,-2.060105,1.452086
30106,-0.510540,0.934663
30107,0.378098,-0.246302
30108,0.691841,1.216147
30109,0.269374,-0.095896
30110,1.289830,-1.658579
30111,-1.712234,0.075758
30112,-1.273700,-0.616356
30113,-0.490965,0.191736
30114,1.006741,-1.021382
30115,-4.493029,-1.459192
30116,-3.766642,-1.664379
30117,1.309058,-0.347716
30118,-0.049708,0.189861
30119,0.775946,-0.367720
30120,0.045067,-0.443909
30121,-2.109955,0.086687
30122,0.573527,-0.555090
30123,0.594972,0.462893
30124,-1.457070,-1.234790
30125,0.481961,-0.582529
30126,0.711337,-0.697375
30127,1.600607,-1.014596
30128,1.206270,-0.539954
30129,0.719673,2.131970
30130,0.529729,0.230494
30131,-0.669596,-1.272548
30132,1.527236,-0.631773
30133,-0.394617,-1.485047
30134,0.007326,-1.219117
30135,-2.282108,-1.426877
30136,-0.532174,0.109884
30137,1.411752,-0.431846
30138,0.752516,-0.009398
30139,-1.037131,0.283712
30140,-0.413146,-0.215757
30141,0.467686,-0.681191
30142,1.522109,-0.842889
30143,0.208864,-1.419854
30144,2.158545,-1.005651
30145,1.260036,1.059021
30146,2.301998,-0.150310
30147,-0.718658,0.190017
30148,-0.562632,-1.152979
30149,1.147515,-0.399332
30150,0.991990,5.963061
30151,1.423644,-1.216276
30152,-0.893264,-0.962021
30153,0.693068,-0.495874
30154,1.187395,0.316786
30155,0.719948,-0.301958
30156,0.225910,-0.537696
30157,1.691992,-0.734587
30158,-0.424417,1.718493
30159,0.504684,-0.065429
30160,0.927606,-0.777409
30161,1.917401,-0.242751
30162,0.286605,-0.775262
30163,1.686773,-0.244988
30164,0.931643,0.601943
30165,0.477127,0.580692
30166,-0.343976,3.025586
30167,-0.031447,0.007625
30168,1.069157,0.070206
30169,-1.777552,-0.685778
30170,-0.021913,-1.399177
30171,-2.168509,-0.915274
30172,1.017275,0.470448
30173,2.253753,0.934874
30174,0.748755,-0.904127
30175,0.646423,-0.075277
30176,0.082805,-0.872139
30177,1.125584,0.432507
30178,-1.602591,-2.044185
30179,1.236139,0.357610
30180,-1.392331,-0.030862
30181,-1.289485,-0.669308
30182,-0.582699,1.165659
30183,0.685651,-0.273680
30184,0.356716,0.280219
30185,0.499446,-0.409690
30186,0.581169,-0.941519
30187,0.754250,-0.849555
30188,-0.193965,-0.491192
30189,-1.027930,1.708540
30190,-0.346705,0.966413
30191,0.260299,2.231149
30192,0.751103,-0.009008
30193,1.087942,-0.170226
30194,-0.590939,-0.409553
30195,0.276520,1.307730
30196,0.706077,-0.181604
30197,0.563144,-0.289104
30198,1.244607,-1.857974
30199,-0.736009,-0.053924
30200,-0.667639,-0.220630
30201,-0.654205,-0.111617
30202,0.163818,1.432162
30203,-0.344514,0.146212
30204,0.679503,0.387690
30205,-3.295173,-0.601985
30206,2.311699,-0.167937
30207,-0.515254,-0.695740
30208,1.314101,-0.619638
30209,0.975022,-0.654650
30210,1.816462,-0.776881
30211,0.415166,-0.645721
30212,0.559452,1.055672
30213,-1.046643,0.233828
30214,-0.009521,-1.172258
30215,1.085434,-0.802094
30216,-0.615012,-0.461204
30217,-0.917098,-0.696436
30218,-1.976086,-0.874122
30219,-2.363769,0.282414
30220,-2.257436,-1.028518
30221,-1.835422,-0.327559
30222,0.875237,-0.565501
30223,1.050601,-1.364489
30224,-0.058071,-1.075029
30225,-0.411628,0.132048
30226,0.501278,0.941155
30227,-1.310671,-0.029425
30228,-0.395426,-0.676732
30229,-1.233816,0.368327
30230,0.805327,-0.578634
30231,1.564217,-1.264638
30232,1.363757,-0.460789
30233,1.853338,-0.319480
30234,1.469054,-0.988403
30235,-0.543832,0.150114
30236,-0.045005,0.136353
30237,0.555762,-0.034425
30238,-0.919581,1.176904
30239,-0.064146,-0.098485
30240,-0.496258,0.760555
30241,0.930449,0.086676
30242,-0.122120,1.237793
30243,-2.628063,-0.250635
30244,-1.690437,0.423064
30245,-2.422179,0.697305
30246,1.469329,-1.319729
30247,-0.472702,-0.558047
30248,0.836288,0.279087
30249,0.053384,0.697755
30250,0.616995,0.348630
30251,-1.029670,0.266056
30252,0.040633,0.763163
30253,0.512317,3.122889
30254,1.096868,-0.900397
30255,-0.514601,0.555331
30256,-0.514039,-0.910318
30257,0.083000,-0.733797
30258,1.901209,-0.107541
30259,-1.187063,-0.881136
30260,1.533467,-0.442653
30261,0.136845,-0.505575
30262,1.568522,-1.154267
30263,1.864293,-0.504845
30264,0.237247,0.064770
30265,2.231633,-0.512181
30266,0.238769,-0.097252
30267,0.623865,0.317403
30268,-0.895872,0.060400
30269,1.266108,-0.571699
30270,1.042126,-0.745151
30271,1.679997,-0.203493
30272,1.723017,0.533721
30273,-1.193906,-0.923941
30274,0.816433,-0.420963
30275,1.378981,-0.283368
30276,2.025774,-0.975566
30277,-0.217989,-1.281655
30278,1.627930,-0.578921
30279,0.772373,-0.874103
30280,-0.130179,-1.051486
30281,-0.228434,0.286358
30282,-0.407559,1.635044
30283,0.608369,-0.306633
30284,0.404703,-0.282999
30285,-1.766996,0.613078
30286,0.343576,-0.124546
30287,-0.168765,0.164274
30288,-1.384431,-0.923328
30289,0.676231,0.356382
30290,0.712064,-0.553627
30291,1.348887,-0.242804
30292,0.997515,-1.015705
30293,1.556415,-0.573786
30294,-0.023079,-0.174004
30295,0.865913,-0.660422
30296,0.914892,-1.263798
30297,-1.309810,0.021455
30298,1.766008,-0.373593
30299,1.604953,-0.470914
30300,0.578180,0.325290
30301,0.560188,0.831399
30302,0.694888,-0.602355
30303,0.162754,-0.700318
30304,-0.446573,-0.181623
30305,-0.268253,-1.569151
30306,1.947312,-0.267768
30307,0.906367,0.471261
30308,0.388287,-1.245962
30309,-0.067876,-0.577721
30310,-0.193412,-1.374870
30311,1.668360,-0.725071
30312,1.252434,1.406103
30313,1.063984,-0.384640
30314,-0.849078,0.089656
30315,-0.247901,-0.284111
30316,2.186820,-0.014993
30317,-0.385443,-0.607081
30318,1.659669,-0.280820
30319,-2.298203,-0.141140
30320,-1.495427,1.718960
30321,-0.832444,0.662456
30322,2.576338,-0.557304
30323,1.121610,0.111396
30324,0.888199,0.440054
30325,0.748600,-0.881667
30326,0.451345,-0.172520
30327,-3.782546,-2.607970
30328,-1.616737,-1.085160
30329,-0.401674,-1.660470
30330,1.467608,-0.390831
30331,0.060828,-1.114108
30332,-1.081863,-0.040849
30333,0.194949,-0.300904
30334,-1.609235,0.577300
30335,0.581395,0.086622
30336,1.042412,-0.420493
30337,1.634695,-1.021830
30338,-0.115728,1.212785
30339,1.578231,-0.450959
30340,-0.127082,-1.823180
30341,1.373598,-0.050398
30342,0.080620,-0.387375
30343,-0.106506,-0.690843
30344,-1.122590,1.013640
30345,1.235644,-0.115722
30346,0.985259,0.493136
30347,1.274859,-0.136026
30348,0.195997,-0.727334
30349,2.352202,-0.957973
30350,1.849052,-0.721267
30351,-0.151023,-0.395432
30352,-1.208022,0.396058
30353,0.870476,-0.235553
30354,0.993227,0.086899
30355,-1.579577,0.555169
30356,1.771387,-0.414932
30357,-0.071026,0.933786
30358,0.835202,-0.024949
30359,0.464574,0.167302
30360,-0.784153,-0.215033
30361,1.689767,-0.129496
30362,-0.156244,0.628366
30363,2.350594,-0.073515
30364,-1.136833,2.410170
30365,-2.558112,-1.212749
30366,0.821150,-0.142756
30367,2.073309,-0.332022
30368,-0.790507,1.136763
30369,2.798485,-1.286480
30370,1.867603,0.197090
30371,0.884360,2.187906
30372,-0.948229,1.145410
30373,-0.571239,0.243588
30374,2.094132,0.332456
30375,-1.028590,-0.015594
30376,2.197144,0.363064
30377,0.506717,1.765443
30378,-0.284096,0.886757
30379,-1.523091,1.712416
30380,2.435508,-0.305757
30381,0.507303,0.480979
30382,2.824803,0.059318
30383,2.810014,-1.365565
30384,0.110946,0.348631
30385,-0.573632,-0.710498
30386,-0.496138,1.211898
30387,2.191695,0.538034
30388,0.490318,-1.556964
30389,1.880548,0.392604
30390,1.540594,0.145323
30391,2.610882,-0.354258
30392,1.465375,1.338033
30393,1.355183,-0.398208
30394,-0.181461,0.530585
30395,0.745652,0.196737
30396,0.460703,-0.117922
30397,-1.659510,-0.600770
30398,0.862329,-0.566719
30399,1.844717,-1.308355
30400,2.552346,-0.294743
30401,2.572935,-1.151524
30402,2.005859,-0.701377
30403,2.171920,-0.923451
30404,-0.803464,1.517913
30405,2.330594,-0.729950
30406,0.861744,-1.030369
30407,1.651176,-0.725361
30408,1.642857,-1.025416
30409,1.909732,-0.867248
30410,1.279087,-0.220529
30411,-1.213831,0.665483
30412,1.198261,0.835843
30413,0.374015,-1.052875
30414,-2.117233,-0.449653
30415,0.209276,-0.593587
30416,1.735726,0.498767
30417,1.047669,0.018536
30418,1.769654,-0.784280
30419,1.339460,-0.690393
30420,-0.319297,-0.267027
30421,1.873870,-1.120420
30422,1.198428,-1.764568
30423,2.294883,-0.833570
30424,1.150978,-0.683074
30425,-0.494466,-0.864324
30426,1.932565,-0.157575
30427,1.805372,-0.490014
30428,2.344365,-1.371015
30429,2.020827,-0.114409
30430,-0.570669,0.729121
30431,0.805398,1.973760
30432,1.061877,-0.744405
30433,1.956438,-0.705236
30434,2.308649,-1.056354
30435,-1.598356,0.802618
30436,0.244399,-0.902464
30437,-0.170066,-0.099571
30438,1.626241,-0.326686
30439,0.251717,0.426283
30440,1.600276,0.224379
30441,-0.815906,1.869086
30442,2.233218,0.309494
30443,1.194089,-0.235816
30444,2.291067,-0.706446
30445,3.293121,-0.865297
30446,-1.509795,0.062125
30447,-0.059641,-0.785072
30448,0.403287,0.133369
30449,0.295057,1.301241
30450,0.991330,-0.290717
30451,-0.005761,1.380637
30452,1.429250,-0.754968
30453,-0.614497,-0.031280
30454,1.053012,-1.853725
30455,-0.779705,-0.850727
30456,1.054046,1.091456
30457,-0.212777,1.956582
30458,0.635981,-0.984933
30459,-2.980741,-0.220058
30460,0.295330,-0.331188
30461,0.036685,-1.255176
30462,0.153486,-0.733899
30463,0.975577,0.428334
30464,0.880905,1.043822
30465,0.249270,0.382190
30466,-2.077902,-0.311607
30467,1.688733,-0.347767
30468,0.726679,-0.202657
30469,0.831329,0.037730
30470,-2.279970,3.509941
30471,-0.673071,0.563129
30472,-0.496520,0.179954
30473,-0.314656,1.099055
30474,0.220605,-0.350824
30475,0.976543,-1.098727
30476,0.566532,-0.644355
30477,0.922954,-0.673824
30478,0.052341,0.472642
30479,1.737901,1.099839
30480,0.480829,-0.465496
30481,1.342974,-0.323096
30482,-0.729169,-0.280514
30483,1.964646,-1.294610
30484,-0.293382,-1.143579
30485,1.105081,-0.444761
30486,1.403066,-1.080296
30487,0.066712,1.590757
30488,0.251467,-0.777833
30489,0.592782,-1.144434
30490,-1.253358,-0.752896
30491,-0.607368,0.116204
30492,-2.616488,0.079330
30493,0.937475,-0.832957
30494,1.854455,-1.386239
30495,-0.358254,0.651550
30496,-1.252040,0.683367
30497,0.042794,0.891048
30498,-0.496718,0.396855
30499,-0.756034,1.921650
30500,0.028637,0.889028
30501,-0.218719,2.567056
30502,-2.274951,1.964122
30503,1.892856,-0.300508
30504,-1.626354,-2.141586
30505,-1.534878,0.810691
30506,1.364513,0.606972
30507,0.069521,0.590011
30508,-0.739504,0.021912
30509,-2.447327,0.884115
30510,1.242864,-0.164007
30511,0.149957,1.461252
30512,-2.025732,2.033274
30513,0.788566,0.717128
30514,-2.657018,-0.848654
30515,-0.400762,1.965669
30516,0.615263,1.048764
30517,-0.053110,-0.685406
30518,-3.707171,-0.259214
30519,-2.861518,1.203943
30520,-0.019716,0.287230
30521,0.978686,-0.157664
30522,1.159861,-0.372490
30523,-2.024613,1.047366
30524,-0.255865,-0.985893
30525,-2.182988,0.177647
30526,-2.202993,1.632256
30527,0.020215,-0.348748
30528,1.227009,-0.345074
30529,-0.089929,1.902332
30530,0.900467,0.012447
30531,-1.666383,0.780100
30532,-0.966676,-0.834576
30533,-1.282656,2.561784
30534,0.383669,0.339256
30535,-0.190274,0.632262
30536,-1.412070,-0.668444
30537,-1.158560,0.100878
30538,0.302481,0.116265
30539,0.748479,0.126661
30540,0.341058,0.856003
30541,-1.401533,-1.351233
30542,-0.679850,0.611869
30543,0.267382,0.364486
30544,-1.276052,-0.345699
30545,-0.682569,2.013217
30546,0.601870,0.820913
30547,-1.689198,0.304516
30548,-0.705946,1.191547
30549,-0.889787,-0.874283
30550,-1.183131,1.951171
30551,-1.304579,1.520163
30552,0.795907,-0.609006
30553,-1.834114,0.338747
30554,-1.146144,1.454795
30555,-2.038427,-0.063876
30556,-3.143998,1.203361
30557,-0.847442,-1.202578
30558,1.015953,0.259932
30559,2.238291,0.573994
30560,1.106288,3.646915
30561,0.833300,1.318980
30562,2.349428,1.041067
30563,0.729457,1.700614
30564,-0.308043,3.591393
30565,0.470873,-0.298931
30566,0.448452,0.011666
30567,-0.887736,1.400798
30568,-0.407988,-1.069767
30569,0.886205,-0.338418
30570,-0.603199,2.518825
30571,-0.575985,-0.464132
30572,2.076106,0.535602
30573,-0.272328,1.923601
30574,-0.270103,-0.207730
30575,0.694600,0.946186
30576,1.622647,0.104544
30577,0.745865,0.802456
30578,0.877802,0.062988
30579,0.884950,1.674587
30580,0.401776,-0.454588
30581,2.771943,-0.465853
30582,1.639181,-0.078333
30583,-0.508919,1.468407
30584,-2.509766,1.613128
30585,1.330898,0.067573
30586,0.966355,0.225491
30587,-0.246728,-0.867169
30588,0.859950,-0.151140
30589,-2.446863,0.639024
30590,1.507693,-0.346437
30591,1.385075,-0.526932
30592,0.872369,-0.398028
30593,1.302261,-0.711144
30594,0.190933,-0.945391
30595,0.101308,-0.271290
30596,0.011372,-0.520655
30597,0.932041,-0.850229
30598,-0.671850,-0.337671
30599,-1.713979,0.538911
30600,-0.490425,0.690466
30601,-0.762874,1.119046
30602,2.272013,0.243565
30603,1.002717,0.032023
30604,1.998056,0.232209
30605,1.926211,-0.029181
30606,-0.252095,-0.517552
30607,-0.253300,3.063630
30608,0.968436,0.412617
30609,1.063337,-0.353297
30610,-1.937485,0.616077
30611,0.051639,0.613372
30612,2.386093,-0.465819
30613,0.418366,-1.432684
30614,-1.465210,1.432798
30615,1.975105,1.232147
30616,-0.810480,0.685601
30617,1.500507,-0.533304
30618,-0.118018,0.184189
30619,1.782316,-0.478445
30620,2.038201,-0.293718
30621,0.031721,-0.023686
30622,2.208249,-0.595979
30623,2.483793,0.244153
30624,0.781578,2.207008
30625,-2.211228,0.896633
30626,0.776827,0.441169
30627,-1.337951,0.008307
30628,-0.516916,0.501488
30629,0.652035,0.717415
30630,0.037041,1.020818
30631,1.978538,-0.742119
30632,1.248220,-0.860635
30633,0.426336,-0.175730
30634,0.906521,-1.192490
30635,1.010758,-0.517617
30636,2.999596,-0.691229
30637,-0.924527,-0.935291
30638,-1.711425,-1.926077
30639,1.718827,-0.331824
30640,-1.499962,-0.923887
30641,1.070849,-1.213598
30642,0.292815,-0.098244
30643,-1.610244,-1.477819
30644,-2.263480,0.922769
30645,-2.066324,3.338032
30646,-1.932488,-2.707935
30647,2.599148,-0.194684
30648,1.932206,-1.894175
30649,-2.617406,0.662260
30650,-1.939230,-1.159554
30651,0.394282,0.589468
30652,0.892361,0.492072
30653,2.586834,0.070668
30654,2.718680,-0.595072
30655,0.948107,-1.186114
30656,1.143972,-1.320115
30657,1.225924,-0.239830
30658,1.325290,0.601693
30659,-0.227671,-0.599449
30660,-0.396572,0.374184
30661,-0.540246,0.508173
30662,-0.420772,-0.455720
30663,0.170279,0.515424
30664,-1.564403,-0.797004
30665,1.510844,-0.586104
30666,0.083417,-0.250812
30667,0.022316,-1.598670
30668,0.535982,-1.051698
30669,1.480978,-0.177485
30670,0.432880,0.104326
30671,0.525270,-0.476597
30672,-1.763383,-0.459555
30673,-0.734052,-0.387653
30674,-0.144941,-1.408846
30675,0.643012,-0.963713
30676,1.036434,0.274886
30677,0.434776,-0.585207
30678,0.424234,-0.942884
30679,-2.719511,-0.396557
30680,-1.491540,1.064737
30681,0.802520,-1.254415
30682,0.676332,-0.090975
30683,0.501619,-0.306145
30684,1.529129,0.206268
30685,1.055102,-0.468973
30686,-1.843217,-0.423048
30687,0.527228,-0.774987
30688,0.979115,-1.075284
30689,-0.464840,2.420980
30690,0.224380,-1.026833
30691,-0.205900,-0.410175
30692,0.688002,-0.444238
30693,1.097892,0.205446
30694,1.180863,-0.731737
30695,-0.169581,-1.139195
30696,-0.353222,-1.001916
30697,-0.775599,-1.508251
30698,-0.018694,0.367122
30699,-0.894709,0.500810
30700,2.203154,1.397471
30701,1.457985,-1.512921
30702,-0.895083,-1.038579
30703,1.694977,0.024730
30704,-0.722030,3.486872
30705,0.687426,-0.727923
30706,-0.422368,0.557923
30707,0.244053,-1.088089
30708,0.111787,-0.766827
30709,2.908570,-0.938728
30710,0.156637,-0.502206
30711,0.992213,-0.891053
30712,2.076201,-0.866980
30713,-0.842022,-1.681828
30714,1.206685,-0.118133
30715,-1.457331,-0.824080
30716,1.394693,0.436453
30717,1.747129,-0.350381
30718,-1.450663,-0.426678
30719,-0.349250,0.057168
30720,-0.659834,-0.836677
30721,0.911221,-0.498660
30722,0.038186,1.091222
30723,-0.487445,0.138507
30724,-2.271419,0.004948
30725,-3.358707,0.054291
30726,-0.727080,0.329053
30727,1.097371,0.556630
30728,1.311519,-0.177594
30729,0.107302,0.096779
30730,-1.259692,-1.137438
30731,-0.284157,0.131665
30732,1.053259,0.059809
30733,-0.249373,-1.127623
30734,-2.544632,0.141124
30735,1.568747,-0.616421
30736,-3.864848,-2.753325
30737,1.042913,-0.583504
30738,0.203431,-0.226014
30739,2.631840,-1.329441
30740,-0.713469,-0.641464
30741,-2.589015,1.559040
30742,2.252509,-0.901560
30743,-0.811983,0.195404
30744,-1.130173,1.154723
30745,0.908558,0.229348
30746,0.714534,-0.152434
30747,-1.496226,0.130519
30748,-1.388521,0.454258
30749,0.300419,-0.735970
30750,-1.015768,-0.449206
30751,-0.220892,1.043519
30752,0.017283,-0.683461
30753,-2.366625,-0.779208
30754,0.981128,-0.055545
30755,-2.667244,0.294792
30756,0.652247,-0.241567
30757,-2.325652,-0.714671
30758,-1.030424,0.487615
30759,-3.759825,-0.478767
30760,-1.269926,-1.499281
30761,0.246036,-0.476976
30762,-1.462110,0.340203
30763,-0.774645,-0.454048
30764,0.319330,-0.404032
30765,1.693895,0.682013
30766,1.733082,-0.193602
30767,-1.426901,0.275420
30768,1.126769,-0.079793
30769,0.123158,-0.077014
30770,1.233733,-0.826590
30771,-0.021353,-0.738297
30772,1.000770,0.064640
30773,-0.036040,-0.676599
30774,-2.219161,0.434996
30775,-0.260269,0.090723
30776,0.683313,-0.902947
30777,-0.987039,-0.585196
30778,-1.932453,-0.187018
30779,1.946128,-1.224717
30780,-0.190699,1.383288
30781,-1.069060,-0.007162
30782,-0.309708,-0.192729
30783,-2.788858,2.000301
30784,-0.591581,-0.234808
30785,0.181871,-0.346725
30786,1.946489,-0.190781
30787,0.372111,0.143110
30788,-2.788725,-0.123818
30789,-0.841429,1.197031
30790,1.840052,-0.624362
30791,1.045970,-0.564663
30792,0.456806,-0.594993
30793,-0.073062,-0.699628
30794,-1.741634,-1.190663
30795,-2.996875,-1.050849
30796,-1.055775,0.262624
30797,1.210883,-0.304124
30798,-3.470970,-0.779269
30799,1.011713,-0.000753
30800,0.854095,-0.845927
30801,0.626375,-1.156395
30802,-0.472756,-0.743974
30803,-0.221053,-0.699455
30804,1.525805,-1.597908
30805,0.329615,-0.723204
30806,-0.664231,0.643777
30807,1.423675,-1.131066
30808,1.844684,-1.311201
30809,1.257684,-1.251984
30810,1.725594,-0.576188
30811,0.625075,-0.700384
30812,2.159269,-1.366491
30813,0.751361,-1.363572
30814,0.686513,-1.245788
30815,1.884491,0.482630
30816,-2.142652,3.875276
30817,0.015314,-0.037239
30818,0.202244,-0.944060
30819,-4.290549,-1.674654
30820,0.740771,-0.612091
30821,0.760096,-0.184772
30822,0.077329,-0.913167
30823,1.473390,-0.504525
30824,-1.286242,2.086538
30825,-1.629241,0.669675
30826,1.862021,-0.421280
30827,1.681169,-0.641683
30828,0.155764,2.539415
30829,1.598208,1.673689
30830,1.154579,3.845830
30831,-1.983573,0.693346
30832,0.424959,0.953296
30833,2.034349,0.249330
30834,1.964112,1.275710
30835,-2.094853,-1.306510
30836,-0.469321,-0.996744
30837,0.302246,-0.327097
30838,0.457847,0.160987
30839,-0.121742,3.252204
30840,-0.634857,-1.362520
30841,-1.509542,1.307395
30842,-0.962564,0.746785
30843,-1.836037,-1.602890
30844,-0.729489,-0.361820
30845,0.593422,-0.180582
30846,-0.142894,-0.834875
30847,0.917242,-0.071133
30848,-2.802113,-2.327446
30849,-0.236548,3.039328
30850,0.033767,-0.247428
30851,-0.956972,0.224211
30852,0.562258,-0.062311
30853,0.671944,2.113581
30854,1.551214,-0.202396
30855,-2.057402,0.684635
30856,2.561618,-0.964475
30857,-0.481763,-1.305283
30858,2.349185,-1.153376
30859,2.620770,-1.225120
30860,0.116926,1.609994
30861,0.456391,-0.580132
30862,-0.188434,1.041686
30863,0.681852,-0.060168
30864,1.365003,0.041016
30865,1.945390,-0.745328
30866,-1.345299,0.248424
30867,0.537145,0.790426
30868,-0.377169,-0.028357
30869,0.554936,-0.260610
30870,0.987770,-1.248620
30871,-1.000608,-1.795382
30872,-1.694790,0.253400
30873,-1.554665,-0.242371
30874,0.751936,-0.359893
30875,-0.610416,-1.230908
30876,0.872378,-0.461460
30877,-1.110582,-0.074769
30878,-2.859548,-2.371896
30879,0.215307,0.466353
30880,-0.548483,-0.361302
30881,0.278984,-0.329071
30882,-0.552307,-1.198928
30883,1.352131,0.737565
30884,-1.604664,3.065372
30885,-0.264878,0.048626
30886,0.215309,1.600654
30887,-0.979141,-0.276586
30888,1.455059,0.875916
30889,0.933119,-0.410531
30890,3.314519,-1.094381
30891,2.283418,-0.457968
30892,1.970251,0.375318
30893,1.674270,-0.388642
30894,2.585331,0.020638
30895,0.972983,-0.141259
30896,1.234344,-0.658371
30897,-2.308673,1.660264
30898,-1.747973,0.154569
30899,-0.725883,0.233606
30900,1.156802,-0.848268
30901,-1.228564,0.678095
30902,-0.992367,2.607727
30903,-0.838872,0.463407
30904,-0.296795,1.798324
30905,0.594133,-0.228971
30906,0.192888,-0.847807
30907,0.557092,-0.164213
30908,2.610565,-0.833152
30909,1.098472,-0.721060
30910,1.196021,0.434861
30911,-2.970798,1.114993
30912,0.638601,0.579501
30913,2.717001,-0.966768
30914,1.556334,-0.732678
30915,1.620845,-0.740852
30916,-0.886689,-0.419321
30917,0.121576,-0.797878
30918,-0.020430,-0.265832
30919,-1.710733,0.901270
30920,0.159914,-0.974965
30921,-2.979930,-0.130305
30922,0.285241,-0.688471
30923,2.440821,-1.264035
30924,1.206107,-0.203661
30925,0.545514,0.976102
30926,1.012698,-0.405227
30927,0.152877,-0.671575
30928,-2.966862,0.174503
30929,-0.300056,1.759324
30930,0.935835,0.596279
30931,-2.204982,1.718971
30932,-0.216233,0.551270
30933,1.676109,-0.485374
30934,-0.716990,-0.363989
30935,-0.009940,-0.432704
30936,-1.647618,-0.759533
30937,-1.070384,-0.703106
30938,2.721428,0.146629
30939,-1.177111,-1.838225
30940,0.693323,-0.708775
30941,-0.262168,-0.902573
30942,1.087524,-0.818941
30943,0.523559,-0.195519
30944,1.882632,1.747689
30945,-0.258958,-1.381717
30946,0.026939,-1.031454
30947,1.804324,-0.550288
30948,-1.366194,3.318721
30949,-0.444968,-0.934528
30950,-2.520831,-0.284571
30951,0.205623,-0.183033
30952,0.250933,-0.872194
30953,1.969989,-0.693274
30954,2.470155,-1.332067
30955,-1.170867,-0.529680
30956,-2.218813,-0.474117
30957,-0.289239,1.705252
30958,0.362627,-1.265437
30959,2.117869,-0.417211
30960,-1.796253,1.349914
30961,2.462482,0.530118
30962,0.334715,-0.096268
30963,-0.044127,0.320117
30964,1.681214,0.212903
30965,0.475515,0.251762
30966,0.551573,-0.257725
30967,1.275840,0.204987
30968,1.899004,-0.187768
30969,-0.412922,-0.797305
30970,-0.546378,-1.529681
30971,0.679040,-1.311018
30972,-0.536380,-1.524475
30973,0.238424,-1.136922
30974,-2.327685,-1.243034
30975,-3.256107,-2.675209
30976,-2.604325,-1.009524
30977,-0.050659,-1.286814
30978,0.130086,-1.067511
30979,2.137788,-0.456163
30980,2.446790,-1.028055
30981,0.886921,1.172574
30982,2.604411,-1.278436
30983,0.645461,-0.051189
30984,0.835236,-0.840636
30985,-0.431967,-0.202420
30986,1.508815,-0.395503
30987,2.109897,-0.269978
30988,1.009227,0.153576
30989,1.763819,0.002520
30990,0.790288,-0.849629
30991,0.443120,0.449294
30992,-1.302808,-1.766818
30993,-0.011245,0.441741
30994,1.416995,-0.325728
30995,1.391030,-0.262604
30996,0.519125,0.813298
30997,-0.329633,1.820541
30998,1.435275,0.390231
30999,-2.863772,-2.332650
31000,1.332476,-0.390065
31001,1.167046,-0.395511
31002,-1.053796,1.629280
31003,1.173599,-0.251800
31004,0.562711,0.301882
31005,1.279715,-0.586422
31006,0.201326,0.753623
31007,0.986813,-0.214392
31008,-0.050460,0.502722
31009,0.682677,0.651890
31010,1.449425,-0.854102
31011,-0.335267,-0.819328
31012,0.595851,0.710257
31013,0.939753,-0.698610
31014,0.346392,-0.205267
31015,0.958677,0.785129
31016,-1.806962,-0.473747
31017,-1.440996,-0.687903
31018,-2.112726,-0.304846
31019,1.537512,-0.448695
31020,-0.751535,0.289284
31021,2.047345,0.043369
31022,-2.131378,-0.250902
31023,-1.685102,-0.428659
31024,-2.000095,2.668893
31025,-1.240468,1.414301
31026,0.123319,-1.185016
31027,-0.529890,0.101761
31028,-2.035089,-0.717693
31029,-1.018430,-1.480757
31030,1.272395,0.403440
31031,1.059018,-0.785103
31032,1.248781,-0.086406
31033,1.110573,-0.111536
31034,0.834573,0.054773
31035,1.705998,-0.166435
31036,-2.450148,-0.861063
31037,1.256915,1.639260
31038,-1.466723,1.458637
31039,1.925529,0.228718
31040,-2.225243,-0.964056
31041,0.504061,-2.104762
31042,2.343577,-1.340643
31043,1.860903,-0.953778
31044,0.640576,-1.931476
31045,0.067821,-2.322845
31046,0.190836,-1.921838
31047,-0.190690,-0.371814
31048,1.342853,-0.288859
31049,2.743468,0.445740
31050,0.761676,-0.254918
31051,-2.478450,0.281831
31052,2.079393,-0.669223
31053,0.720035,-1.478528
31054,2.742371,0.284285
31055,0.748288,0.856416
31056,1.563227,-0.976511
31057,0.127119,-0.356703
31058,1.159455,-0.830560
31059,-0.198834,-1.044037
31060,0.620164,-0.590359
31061,-2.042925,2.330258
31062,0.235568,-1.567427
31063,-2.693684,-2.049805
31064,-0.784701,1.613131
31065,-1.148098,-1.584952
31066,-0.731407,-0.000099
31067,-0.728627,0.389222
31068,-0.720676,2.699457
31069,1.208784,2.374269
31070,0.426865,-1.602936
31071,-0.763901,-2.421420
31072,1.552043,-1.399427
31073,-0.926112,-1.645385
31074,-1.107178,-2.208815
31075,-0.063849,-0.674933
31076,-0.000397,-1.299685
31077,-0.761812,-0.765797
31078,2.096031,0.342041
31079,-1.241694,0.450212
31080,0.085716,-0.708900
31081,1.219241,0.619270
31082,2.016511,-0.623501
31083,-1.143739,-0.391125
31084,-0.433677,2.869636
31085,-1.454157,0.773885
31086,-0.580484,-0.442085
31087,-0.068832,1.962404
31088,-0.609329,1.299166
31089,0.560510,-0.287382
31090,-0.072640,0.878161
31091,1.813063,-0.274330
31092,1.338896,0.009827
31093,-0.991333,0.752707
31094,-1.563493,-0.676955
31095,-2.258072,0.517838
31096,-1.465720,-1.870305
31097,-0.090807,-0.023611
31098,0.475702,-0.790322
31099,-1.457254,-0.538261
31100,-1.111202,1.238826
31101,-0.239773,0.011328
31102,-0.238920,0.769107
31103,-2.223298,1.952621
31104,0.739468,0.909438
31105,1.528349,-1.361187
31106,1.942396,0.435729
31107,2.926091,-0.446591
31108,0.731386,-1.464602
31109,0.546795,-1.114791
31110,-0.865036,2.054320
31111,1.210264,0.236364
31112,0.171198,-1.053257
31113,-1.254340,0.326606
31114,0.500360,-0.857172
31115,-0.216586,-0.402100
31116,1.368486,-0.466714
31117,0.319456,-0.254478
31118,-0.478525,-1.113122
31119,1.033823,0.755602
31120,1.686997,-0.876432
31121,2.055651,-0.779750
31122,-0.020781,1.275765
31123,-0.666800,-0.066725
31124,-1.720730,0.795797
31125,-0.282113,-0.911286
31126,-0.089201,2.130226
31127,0.280134,-0.242495
31128,0.098149,-0.408558
31129,2.346499,-0.633781
31130,-2.297771,0.686197
31131,-0.025088,1.834605
31132,-1.142554,0.251985
31133,0.142041,0.217194
31134,-0.190353,-0.880623
31135,-0.049996,-0.758222
31136,0.253305,-0.557633
31137,0.268059,0.055508
31138,-0.658685,-2.222729
31139,-0.263258,-0.780810
31140,-0.097334,-0.831642
31141,-0.185090,0.303493
31142,1.025193,-0.633322
31143,0.620353,-1.317327
31144,-0.839477,-0.841829
31145,1.668057,-0.997410
31146,-0.428824,1.997629
31147,-3.335503,1.087742
31148,-0.491754,-1.045945
31149,0.547065,-0.474104
31150,-1.110915,-0.537863
31151,-1.469723,-1.352433
31152,1.872788,0.537899
31153,-0.884442,-0.504976
31154,1.423947,0.298450
31155,-0.984328,-0.674656
31156,0.349639,1.195302
31157,-2.111306,0.803241
31158,-0.644879,-0.458706
31159,-1.108165,-0.534296
31160,0.986573,0.293104
31161,1.649732,-0.053032
31162,0.773812,1.760478
31163,-0.428280,0.874761
31164,1.172417,0.307192
31165,-0.550829,2.897136
31166,-2.540385,-0.119158
31167,-2.129861,1.443787
31168,-0.794154,-0.424625
31169,1.399926,0.440799
31170,-2.240713,1.936217
31171,0.486651,0.349337
31172,-1.957305,0.787321
31173,-2.220452,1.512779
31174,1.565250,0.741414
31175,-1.307046,-0.924387
31176,1.177230,0.470483
31177,-1.135827,2.150926
31178,-1.444607,0.027512
31179,-0.032095,2.171170
31180,0.635776,0.856167
31181,1.642562,-1.389227
31182,-1.118516,-0.443971
31183,0.298705,0.533894
31184,1.503002,-0.018084
31185,-0.147195,-0.065353
31186,1.444054,-0.308971
31187,1.284544,0.298105
31188,-1.287480,0.894496
31189,0.583270,0.074841
31190,0.792648,-0.115032
31191,-1.245359,0.233974
31192,0.530883,0.484714
31193,-0.217312,0.992870
31194,1.007063,-0.478331
31195,0.779447,0.108315
31196,-0.512947,1.213795
31197,0.815424,1.091814
31198,-1.781376,2.454277
31199,-0.947855,0.491522
31200,-2.214380,0.777721
31201,2.598125,-0.667835
31202,1.050119,2.705583
31203,-0.045440,0.653818
31204,-0.859183,0.416254
31205,1.470209,0.019029
31206,-0.831794,0.284515
31207,-0.378004,0.515623
31208,2.220797,-0.103549
31209,-1.496379,0.710540
31210,1.670667,0.455113
31211,1.426181,0.257441
31212,0.141250,1.209086
31213,-1.109843,0.449117
31214,0.075881,0.362478
31215,1.534826,0.618307
31216,1.852832,1.246615
31217,0.045206,3.116281
31218,0.044126,0.970383
31219,1.434353,1.810571
31220,-1.872193,-1.172841
31221,0.126690,-0.732907
31222,0.764833,-1.370557
31223,-1.799279,0.766171
31224,2.399351,-0.700882
31225,0.875071,-0.633201
31226,-2.501954,-0.872190
31227,-0.193069,0.317335
31228,-3.192166,1.833578
31229,0.729049,-0.059658
31230,-1.151022,0.619903
31231,1.801113,0.256375
31232,1.103672,0.076233
31233,0.369505,0.127464
31234,0.491105,0.007356
31235,0.127968,-1.070330
31236,2.346086,1.944929
31237,-0.000088,-0.574462
31238,1.491172,-0.293911
31239,-0.259052,0.375259
31240,1.064172,-0.117767
31241,-0.993041,-1.379585
31242,2.299240,-0.629140
31243,-0.751418,-0.906413
31244,1.362463,-0.601371
31245,0.835157,0.866080
31246,0.925062,1.132427
31247,1.637112,-0.234826
31248,-0.718721,-0.124295
31249,0.450817,0.776490
31250,0.474487,1.157458
31251,-1.178674,0.636819
31252,-0.409059,-0.150791
31253,-0.974999,-0.611338
31254,-1.560446,0.482363
31255,0.822325,-1.012749
31256,0.565353,0.794914
31257,1.314740,0.338393
31258,0.794777,1.855480
31259,1.604740,-0.926724
31260,1.840752,0.909618
31261,-0.244667,1.325827
31262,-0.821349,2.359590
31263,-0.109330,-0.357577
31264,-1.333634,1.112585
31265,0.434722,-0.892077
31266,-0.589499,1.020883
31267,-0.426106,-0.094185
31268,-0.940439,-0.097417
31269,1.148286,-0.329839
31270,1.008587,-0.640452
31271,-2.163267,0.647587
31272,-0.638459,0.229664
31273,0.229839,-0.909760
31274,0.169847,-0.880885
31275,-0.146795,1.009474
31276,-1.360984,0.630821
31277,0.824804,0.173699
31278,-0.070116,-0.674527
31279,0.803969,-0.963256
31280,0.160933,-0.908871
31281,-1.038550,0.266311
31282,2.258551,-0.105311
31283,0.874690,-0.252185
31284,-1.580197,-0.800052
31285,0.044387,-0.700916
31286,-0.858229,-0.564362
31287,-1.636809,0.686262
31288,-4.472848,-0.923112
31289,-0.469420,-0.876603
31290,0.845944,-0.924287
31291,0.245946,-0.272084
31292,1.403639,0.607026
31293,0.263723,1.231419
31294,0.540633,0.176402
31295,2.036883,-0.042339
31296,-1.937817,-0.888208
31297,-1.130720,1.101028
31298,0.337496,-0.559234
31299,0.345564,0.665310
31300,-0.085084,1.256167
31301,1.760626,-0.566413
31302,0.966054,0.055089
31303,1.621189,-0.570912
31304,0.974567,0.765132
31305,1.601597,-0.955047
31306,-0.679407,-1.803432
31307,0.189745,-0.908945
31308,-0.587674,-0.719735
31309,0.171204,0.032211
31310,-3.077795,-3.521790
31311,-0.006618,-1.714737
31312,-0.016925,-1.488971
31313,1.125266,-0.578648
31314,-0.161826,-0.230110
31315,0.498300,-1.267496
31316,-0.055143,-1.111655
31317,1.293040,0.421535
31318,0.385777,-0.879462
31319,1.355536,0.914926
31320,0.457364,-0.585423
31321,-0.263540,-1.009230
31322,-0.827514,-0.638659
31323,0.527655,-0.012434
31324,2.089546,-0.363941
31325,-2.018740,-0.382227
31326,0.056851,-0.657971
31327,-0.507017,-0.903764
31328,-0.094404,-0.965927
31329,-1.140862,-1.814819
31330,0.396169,-2.496840
31331,-0.339107,-2.089553
31332,-0.765588,-0.238446
31333,0.962598,-0.686918
31334,0.357761,-1.214446
31335,0.085373,-0.530385
31336,-2.821741,-3.352541
31337,0.051320,0.072434
31338,2.194279,-0.472814
31339,-0.381371,-1.260990
31340,-0.392296,-2.200508
31341,2.284749,-1.432294
31342,2.051776,-1.723034
31343,0.329079,-0.246631
31344,-0.180252,-1.215598
31345,1.277409,-0.133361
31346,1.354260,-0.449071
31347,0.353416,-0.554031
31348,0.953703,-1.560439
31349,1.881948,-0.244277
31350,-2.396684,1.565888
31351,0.098991,-1.229391
31352,1.551823,1.176939
31353,0.071845,1.250707
31354,1.620384,-1.112826
31355,-3.645552,1.667914
31356,-0.113451,2.323494
31357,-0.093563,0.155862
31358,-0.071695,0.087100
31359,-0.526924,-0.266992
31360,0.333534,1.758305
31361,-0.118396,0.804703
31362,-1.854315,0.253010
31363,2.671803,-1.385749
31364,-0.302628,1.339331
31365,-1.090598,0.880648
31366,-0.013023,-0.632774
31367,-1.633022,-1.402254
31368,2.037333,-0.768272
31369,-1.297612,-0.364498
31370,-0.341590,0.128414
31371,2.195995,-0.456464
31372,-0.180301,-2.209890
31373,-0.479291,-0.981721
31374,-0.642139,-0.143184
31375,0.383986,-0.998221
31376,1.326370,-1.102339
31377,1.820820,0.092685
31378,0.024905,-0.750937
31379,1.304139,-0.265777
31380,0.018973,2.240824
31381,0.438953,1.766073
31382,-0.032359,1.404543
31383,-0.507666,-1.718745
31384,1.101506,2.531287
31385,1.604430,-0.500468
31386,1.029097,0.567907
31387,0.390762,0.077257
31388,-1.479130,-0.866424
31389,-0.422900,-1.349357
31390,0.294154,0.777560
31391,-1.921353,-0.246947
31392,1.866374,-0.592927
31393,0.844225,-1.933982
31394,0.593551,-0.672574
31395,0.533901,-0.536821
31396,0.799445,0.942814
31397,1.347237,-0.233767
31398,-0.833869,-1.600643
31399,0.131440,-1.238331
31400,0.305632,-2.143206
31401,-0.179641,-2.083505
31402,0.609435,0.044906
31403,1.485450,-0.578891
31404,1.041532,-1.538332
31405,1.387979,-1.169030
31406,-2.748809,-2.288388
31407,-2.563814,-0.914409
31408,2.368211,-1.172637
31409,-0.378567,-0.488281
31410,1.795715,-1.457727
31411,-1.267213,-0.874410
31412,1.227487,-0.838319
31413,1.527004,-1.113863
31414,0.126310,-1.676852
31415,1.819921,-1.275665
31416,-1.945854,-1.259426
31417,0.104007,0.901565
31418,1.140418,-1.250245
31419,1.381027,0.327629
31420,0.791852,1.037700
31421,0.886644,-0.044997
31422,-0.132747,1.514521
31423,0.830519,-0.937564
31424,0.869014,0.475570
31425,-1.311876,1.382627
31426,-0.114197,-0.656300
31427,1.890102,-1.345006
31428,-0.176249,-1.348673
31429,0.702864,-0.804376
31430,1.351827,-0.800255
31431,0.310812,0.062530
31432,1.362019,-1.121698
31433,1.124218,-0.671456
31434,-0.440342,-1.024611
31435,0.128274,-1.222419
31436,-1.526639,3.858188
31437,2.399254,-0.129076
31438,1.833762,-0.962374
31439,1.857736,-0.349289
31440,2.234129,0.147945
31441,-0.758082,0.504763
31442,0.465446,-0.014214
31443,-3.186811,1.630532
31444,-0.764633,0.661338
31445,1.526117,-0.645947
31446,-0.249033,1.866282
31447,-0.200724,-0.907645
31448,0.576469,-1.428653
31449,-0.143777,-1.621782
31450,1.699522,-0.388167
31451,-1.192800,0.534338
31452,0.522569,-1.513409
31453,1.904780,-0.717362
31454,-2.004360,-1.053533
31455,0.309666,1.426741
31456,0.212001,3.224893
31457,0.402147,2.502262
31458,0.843474,0.464328
31459,2.959404,0.124973
31460,1.141451,1.144029
31461,0.502588,0.704452
31462,1.883671,0.667334
31463,0.114978,2.015555
31464,-0.209923,0.121231
31465,0.163887,0.158428
31466,0.660608,0.750972
31467,0.142015,1.071815
31468,0.698849,1.149917
31469,0.208776,0.206788
31470,0.396917,-0.221468
31471,0.810659,0.279878
31472,-0.905121,0.321034
31473,1.317737,1.300773
31474,1.643690,0.244556
31475,-0.972976,0.747692
31476,2.457457,-0.772395
31477,0.117787,1.445839
31478,0.778389,1.644944
31479,0.125224,0.071228
31480,1.997098,-0.350903
31481,1.081457,2.041411
31482,1.470890,-0.369024
31483,1.258974,-0.122307
31484,-0.109215,-1.444681
31485,-1.523057,0.770871
31486,2.295567,-0.179947
31487,2.099663,-0.426553
31488,2.031146,-0.531504
31489,-1.662320,-1.231105
31490,1.346754,1.031373
31491,1.040957,2.286740
31492,-1.069245,-0.998435
31493,0.858165,0.255662
31494,1.242806,-0.136387
31495,0.865505,3.742204
31496,-0.258554,1.065368
31497,1.650005,-0.152056
31498,1.840224,-0.334388
31499,1.539599,4.054926
31500,2.125123,0.670956
31501,1.753922,1.517893
31502,0.950142,3.416445
31503,2.334248,-1.136710
31504,0.657800,0.381565
31505,-0.075734,1.324141
31506,1.633740,0.308418
31507,1.973082,-0.820623
31508,0.411358,1.769522
31509,-0.719130,1.243412
31510,0.871319,0.827333
31511,-2.163185,-0.614783
31512,1.182740,-0.181993
31513,-0.485176,0.516972
31514,2.135300,-0.311194
31515,0.834545,0.618714
31516,1.588190,0.858295
31517,0.354625,-0.236252
31518,-1.171978,-0.256919
31519,-0.758508,-0.683209
31520,0.162545,1.874843
31521,0.502667,0.607172
31522,0.770879,-0.556348
31523,0.589503,0.168455
31524,0.486150,0.043882
31525,1.640089,-0.069924
31526,0.508597,2.682813
31527,0.806484,0.604603
31528,-1.589607,1.323808
31529,1.255910,0.260499
31530,1.369419,0.416226
31531,1.463298,1.226375
31532,1.547036,-0.185062
31533,0.534120,0.333942
31534,1.143125,2.306235
31535,0.253368,-0.613480
31536,1.392930,0.873266
31537,0.032678,-0.115508
31538,-1.472859,-0.924472
31539,-0.168419,0.405500
31540,-0.147706,-0.594894
31541,-1.558171,-1.071207
31542,-0.825973,-0.831894
31543,0.510799,1.736310
31544,1.679624,0.728813
31545,-0.257642,0.157679
31546,-0.253575,0.801892
31547,1.765109,-0.109218
31548,1.498024,0.096824
31549,1.063616,-0.471686
31550,-0.235119,1.974432
31551,-1.593658,1.358577
31552,-1.136073,0.716615
31553,-1.218262,0.281153
31554,-1.515360,0.972467
31555,1.308821,0.014368
31556,-1.166136,0.157879
31557,1.046040,0.280564
31558,0.546118,0.117420
31559,1.105474,0.045838
31560,-1.974103,-0.807396
31561,0.145823,-0.953512
31562,0.309705,-0.398203
31563,1.140391,-0.131564
31564,0.733506,-0.022246
31565,2.067928,-0.750286
31566,1.574412,-0.383781
31567,-0.717586,0.044210
31568,0.410211,0.521843
31569,0.960340,0.711869
31570,1.686296,0.076087
31571,2.713023,-0.603268
31572,-1.638241,-2.288153
31573,-0.697633,-1.229621
31574,1.572281,0.504140
31575,-0.943221,-1.184900
31576,2.461401,0.009551
31577,0.913782,-0.075974
31578,0.781550,0.284100
31579,0.685696,-0.660728
31580,-0.042221,0.241520
31581,1.747281,-0.200370
31582,0.308199,-0.390605
31583,0.709756,0.145568
31584,-1.182934,-0.193465
31585,1.624388,-0.629055
31586,0.637188,-0.703462
31587,-0.130622,0.813775
31588,-0.751666,1.615604
31589,1.516660,-1.539434
31590,-0.184196,-0.855568
31591,-1.241188,-0.696926
31592,1.184689,-0.585932
31593,0.737758,-1.067758
31594,0.511966,-0.903306
31595,0.921269,-0.192100
31596,-1.280949,-0.791647
31597,-1.069549,0.597866
31598,0.383558,-0.574534
31599,-3.620671,-0.533483
31600,-2.408619,0.059767
31601,0.580335,0.538041
31602,1.849943,0.234227
31603,-1.205529,-1.536284
31604,-0.975948,0.668007
31605,-1.340907,-1.385891
31606,-0.455180,-1.012214
31607,0.603581,-0.340242
31608,-0.815642,-0.259025
31609,-1.245291,-0.934029
31610,0.642442,-0.993860
31611,-1.143577,-0.010356
31612,0.497734,0.318486
31613,0.967303,0.354689
31614,1.776922,-0.933699
31615,0.400318,0.339627
31616,-2.736414,-0.944240
31617,-0.766426,0.023192
31618,1.568282,-0.793105
31619,1.734325,-0.723090
31620,1.964899,-0.538160
31621,0.920778,-0.834840
31622,0.621103,0.923545
31623,1.305623,-0.702485
31624,2.047219,0.142288
31625,0.083453,-1.686205
31626,2.577818,-0.923918
31627,1.380646,-1.037012
31628,-0.583332,-0.284115
31629,0.992743,0.311216
31630,-2.526068,-0.566820
31631,-0.502850,-1.695472
31632,0.391230,-0.077111
31633,1.784946,-0.926748
31634,-1.930735,0.642190
31635,2.005596,-0.322671
31636,1.235012,-1.020021
31637,-1.016912,-0.308450
31638,-0.849205,-0.253622
31639,2.416952,-0.956367
31640,1.053280,-1.198530
31641,1.049116,-0.070936
31642,-1.852581,-0.451577
31643,1.104225,-0.011349
31644,1.330914,-0.129661
31645,-1.083972,-0.587162
31646,-0.051015,0.545529
31647,0.717316,-1.262591
31648,-2.106216,0.397115
31649,1.282886,0.883977
31650,-1.588547,-0.841555
31651,-0.486220,-0.978235
31652,1.085325,-0.369920
31653,0.690064,-1.046976
31654,1.473093,-0.060150
31655,2.395700,-0.100645
31656,-1.199340,-1.303944
31657,-1.818256,-0.057596
31658,0.164494,-0.420224
31659,-1.402946,-0.319518
31660,-0.586521,-0.271138
31661,-0.356018,1.102097
31662,0.756318,0.558049
31663,0.369239,-0.524684
31664,1.048340,0.144579
31665,-0.570853,0.790068
31666,-0.608400,0.117707
31667,-0.332045,-0.216626
31668,-0.024186,0.155259
31669,-0.031589,0.009537
31670,0.760567,-0.184577
31671,0.339969,-0.125655
31672,-0.153654,0.929800
31673,0.948199,-1.068814
31674,-0.141154,-0.741114
31675,-1.086256,0.636209
31676,-1.818850,-0.331935
31677,-1.700618,1.120170
31678,0.071965,-0.798404
31679,1.250164,-0.551756
31680,0.972620,-0.389351
31681,1.842629,0.125851
31682,0.786712,-0.183207
31683,0.162237,-0.153616
31684,1.165637,-1.123111
31685,2.038843,-0.664532
31686,-0.088476,-0.560000
31687,-2.325372,-3.262711
31688,1.964408,-0.321372
31689,1.189409,-1.566181
31690,0.965315,-1.087682
31691,1.200869,-1.494341
31692,-0.051527,-1.200502
31693,-0.112056,-0.928849
31694,-0.810674,-1.013947
31695,2.354190,-0.651297
31696,1.487238,-1.452949
31697,-0.389196,-1.177296
31698,0.868048,-1.344985
31699,-1.839856,-0.585024
31700,-0.593217,-1.076599
31701,0.960960,-0.207351
31702,0.829936,0.743349
31703,2.333493,-0.160738
31704,3.038120,-0.550465
31705,0.029925,-0.902723
31706,-0.969035,-1.436243
31707,-0.626295,-1.724285
31708,-1.792248,0.260507
31709,-0.645322,-0.493153
31710,-0.359295,-0.443524
31711,-0.867310,-1.087615
31712,1.420311,-1.339142
31713,0.824375,-0.959099
31714,-1.689923,-0.010598
31715,-1.095387,0.978886
31716,-0.440780,0.607484
31717,0.270431,0.690409
31718,0.655377,-0.243876
31719,1.643679,0.152184
31720,-0.012867,0.271071
31721,1.288578,0.231697
31722,-1.595862,-0.677725
31723,-2.582272,-0.245392
31724,-1.370924,0.589534
31725,-1.361189,-0.964887
31726,-1.711945,2.880990
31727,-0.402887,0.588263
31728,-0.502717,-0.251862
31729,-0.664389,0.029912
31730,0.610174,1.607254
31731,0.403102,1.101710
31732,-2.208471,-0.207166
31733,-1.716886,1.124272
31734,-0.639210,-1.289110
31735,-0.169048,0.544850
31736,2.145035,1.024956
31737,-0.682631,0.460600
31738,0.310482,0.215052
31739,-0.613976,0.139193
31740,0.133070,-1.434889
31741,-1.693372,1.247582
31742,-0.420177,0.427530
31743,-0.150921,0.688913
31744,0.226840,1.013715
31745,1.282960,-0.325286
31746,-2.330885,-0.538052
31747,-1.154335,1.849844
31748,0.358694,-0.654499
31749,-0.312511,-0.413174
31750,1.600265,-0.524390
31751,-0.029544,0.500130
31752,-2.567556,0.485980
31753,-0.733432,-0.054893
31754,-0.435883,0.482402
31755,1.208989,-0.297445
31756,-1.260567,0.836491
31757,-0.127889,-2.034651
31758,-1.128459,-2.075138
31759,0.794956,-1.342127
31760,-2.628326,-1.766466
31761,-0.022161,-1.095679
31762,-2.576913,-0.869513
31763,-0.098613,-1.614463
31764,-0.699104,-1.203847
31765,-1.736933,-0.306150
31766,-1.275910,-0.762719
31767,0.732027,-0.330444
31768,-0.338472,-1.574726
31769,-1.022604,0.083068
31770,0.104977,-1.427269
31771,-1.594654,-1.098864
31772,-0.846674,-0.796817
31773,-1.585100,0.147431
31774,-0.921901,2.191313
31775,1.183328,1.941354
31776,-0.452042,0.483986
31777,-4.158369,-1.334944
31778,0.669045,1.509678
31779,0.431456,1.247849
31780,-0.397770,-0.834798
31781,-0.193631,-1.934438
31782,-1.678509,-1.400019
31783,0.349493,-0.215541
31784,-0.065303,-2.044004
31785,-1.763368,1.062806
31786,-0.630142,0.817552
31787,-1.681131,0.650459
31788,1.685410,0.274204
31789,-0.162422,1.668807
31790,-0.951678,0.605048
31791,0.264694,-0.191513
31792,-0.144062,-0.137607
31793,-0.737203,-0.572434
31794,-2.375296,-1.153272
31795,-1.499586,0.907611
31796,-2.858250,-1.144235
31797,-3.003324,-0.835147
31798,-0.790334,-0.499926
31799,0.004700,-0.498823
31800,-4.480125,-2.299687
31801,-0.301955,0.767677
31802,-2.354737,-0.152619
31803,0.898330,0.295485
31804,2.004333,-1.069977
31805,1.296399,1.248791
31806,0.796504,-0.581293
31807,-0.373603,-0.371142
31808,2.329770,-0.940236
31809,-0.242107,0.270371
31810,-0.443647,-1.077232
31811,0.406810,0.154931
31812,-1.491371,0.188072
31813,-1.217359,0.765269
31814,-1.965776,1.333869
31815,-1.856013,1.609744
31816,0.877326,-0.375060
31817,0.793693,-0.336149
31818,-0.655283,-1.300545
31819,-0.224332,0.600029
31820,0.683122,1.439506
31821,0.531080,-0.412006
31822,-0.980564,-0.334637
31823,-1.413850,0.630218
31824,0.996844,-0.317756
31825,-1.996598,-0.275302
31826,1.002556,-1.791200
31827,0.496729,-1.233843
31828,0.726552,-0.375320
31829,-1.064900,-0.283792
31830,0.033770,-0.507088
31831,1.146738,-0.604494
31832,-0.236376,0.382540
31833,-2.205546,0.521207
31834,0.597130,0.488210
31835,-0.588316,-0.724967
31836,-0.689415,0.355315
31837,-0.757347,0.760801
31838,0.458232,0.168575
31839,0.930920,-0.670331
31840,0.501728,-0.454306
31841,-0.209290,-0.619427
31842,-1.336828,-1.046879
31843,0.985818,-0.475283
31844,1.059108,-0.083815
31845,-0.036881,-0.019282
31846,-0.626740,0.134513
31847,0.536703,-1.059608
31848,-0.135981,0.015346
31849,-0.638346,-0.776244
31850,-1.513981,-0.539904
31851,0.631129,-0.878885
31852,-0.280294,-0.307102
31853,0.918344,-1.140434
31854,-0.458850,-0.767720
31855,0.470171,-0.264025
31856,-0.121354,-0.224978
31857,-2.074568,-0.864208
31858,1.076391,-0.214497
31859,-0.908530,-0.098163
31860,0.502789,1.379326
31861,-2.002238,1.261331
31862,2.593814,-0.453372
31863,1.884932,-0.009332
31864,1.174752,-0.419423
31865,1.158783,-0.712571
31866,2.040102,-1.036344
31867,0.765246,-0.932405
31868,-0.837283,-2.554246
31869,0.774160,-0.823723
31870,-2.151347,0.817309
31871,-0.095800,-0.364199
31872,-1.828398,0.879659
31873,-1.014578,-0.150436
31874,0.497251,0.542991
31875,0.505267,-0.575163
31876,-0.711885,-0.678324
31877,0.230681,-0.538377
31878,-0.722390,-0.569426
31879,1.325831,-0.244225
31880,-0.144698,-0.215662
31881,-0.547307,-0.297557
31882,0.301942,0.034518
31883,1.026943,-0.494225
31884,0.467677,-0.560027
31885,-0.049796,-0.515061
31886,0.018071,-0.691771
31887,-0.737591,-1.066772
31888,-1.079377,-0.167930
31889,-1.564350,-0.839639
31890,1.066068,-0.628599
31891,-0.505186,-0.279924
31892,1.242517,-0.860840
31893,-1.529114,0.235528
31894,0.010749,0.236158
31895,-0.390820,0.258962
31896,0.166198,-0.002285
31897,1.149890,0.521923
31898,-0.682903,-0.835717
31899,-1.339343,0.199810
31900,0.396447,-0.299784
31901,-1.130171,0.101150
31902,0.123299,0.147997
31903,1.505446,-0.992675
31904,-0.151661,0.484108
31905,-0.128850,-0.124782
31906,1.312347,0.420728
31907,0.735709,0.085040
31908,-2.172691,1.245367
31909,1.622103,0.244806
31910,0.754821,-0.362595
31911,0.025805,0.134781
31912,0.299154,-0.469130
31913,-0.024384,-0.610103
31914,-0.736179,0.259881
31915,-0.458056,-0.237262
31916,-0.278171,0.557404
31917,-0.949410,-0.218556
31918,0.803292,0.315481
31919,-0.690954,2.393896
31920,-0.650166,0.167841
31921,-0.090301,0.987739
31922,1.734911,0.512062
31923,-1.285328,0.172206
31924,-2.432016,-0.356759
31925,1.082938,-0.056913
31926,-0.786639,-1.567201
31927,0.082678,-1.911914
31928,-0.545287,-0.652272
31929,0.220672,0.328136
31930,-0.020698,-0.714540
31931,-1.475475,3.633324
31932,0.263694,0.680905
31933,-0.989455,-0.173634
31934,-2.179380,-1.174571
31935,-0.018645,0.362792
31936,-1.097548,0.078996
31937,-2.898979,1.086771
31938,-3.239019,0.193971
31939,-0.772930,0.541876
31940,-1.737666,1.777006
31941,-0.038276,0.410906
31942,0.356171,-0.801034
31943,-0.331040,1.075365
31944,0.137702,0.936690
31945,-2.778414,0.319554
31946,-1.343704,-0.958940
31947,-0.680014,2.197194
31948,-1.597102,-0.035988
31949,-0.688754,0.391682
31950,-0.722946,1.886519
31951,-0.999392,-1.224506
31952,-0.017946,-1.176439
31953,-1.136410,0.502311
31954,2.123696,0.219562
31955,1.064271,-1.042173
31956,-0.168129,-0.281580
31957,1.879802,-0.906216
31958,-1.134585,0.694566
31959,0.833821,-0.856616
31960,-2.416479,1.003659
31961,-1.492912,3.920731
31962,1.740221,-0.611125
31963,0.850813,-0.203037
31964,-0.360806,0.863854
31965,1.832022,-0.365937
31966,2.407225,-0.434303
31967,-0.403093,-1.762925
31968,1.024813,-0.879468
31969,0.396358,-0.828789
31970,-0.344921,1.774450
31971,1.465310,-0.567830
31972,-0.114489,-0.263227
31973,0.347569,-1.190320
31974,-0.526842,0.167064
31975,0.560348,-0.861179
31976,0.394423,-0.128341
31977,-0.471286,-0.428508
31978,0.235805,0.913061
31979,-2.572755,-0.851476
31980,-1.809571,-0.801056
31981,-0.806359,0.249248
31982,-1.277287,-0.610712
31983,-0.669036,1.167550
31984,-0.980433,1.566101
31985,-1.703838,-0.216356
31986,-1.232768,-0.389899
31987,0.321455,-0.188783
31988,0.932248,-0.622004
31989,-0.574470,1.391192
31990,-1.696710,0.917203
31991,1.088997,-0.555027
31992,1.868971,-1.032087
31993,0.120572,-0.868259
31994,-0.654574,-0.040486
31995,1.185533,0.176091
31996,-0.702213,-0.547212
31997,-0.086569,-0.410839
31998,-0.642250,0.513967
31999,-0.296137,-0.830923
32000,0.549209,0.191945
32001,-0.530536,-0.479569
32002,-0.365165,-0.727718
32003,-1.499058,-1.366106
32004,0.232358,-0.836133
32005,-0.039146,0.147719
32006,1.114584,-0.807533
32007,-0.057792,-1.249178
32008,0.059226,-1.118886
32009,1.563011,-0.956479
32010,0.505864,-1.287158
32011,-0.757134,-2.041030
32012,0.704605,-1.164255
32013,-0.665525,-1.195795
32014,-1.355363,-2.387958
32015,-2.379667,-1.457253
32016,1.750547,-1.437595
32017,-0.206398,-0.861427
32018,-0.520014,-0.343113
32019,-1.581494,0.462831
32020,0.155921,-0.082051
32021,-2.420794,0.135624
32022,0.734919,-0.658796
32023,1.290061,-0.416066
32024,-1.320148,-1.157990
32025,1.063466,-1.529492
32026,-1.081059,0.395649
32027,-0.656763,-0.654089
32028,-0.407161,-1.169625
32029,-2.094524,-2.089618
32030,0.210047,-0.255599
32031,-0.547012,-0.187395
32032,-1.528700,0.807114
32033,0.171380,-0.382553
32034,0.248623,-0.118293
32035,-0.424158,0.050816
32036,0.431807,-0.557236
32037,0.090455,-0.564512
32038,-0.891759,-0.546267
32039,0.626727,-1.182642
32040,1.670311,-1.565767
32041,0.139777,-1.264923
32042,-1.933797,1.066740
32043,-1.238077,0.085185
32044,0.805267,1.545211
32045,0.020164,0.419248
32046,0.139920,-1.668239
32047,1.048974,-0.467356
32048,0.488363,-0.413142
32049,0.845446,-0.375526
32050,1.657648,0.424825
32051,-0.528108,0.104894
32052,0.629733,-0.114705
32053,1.438167,-0.544317
32054,0.125385,2.922736
32055,-0.284483,-0.123424
32056,-1.299163,1.144199
32057,1.444264,-0.088711
32058,-1.191617,0.726519
32059,-0.552769,0.629444
32060,0.115265,1.024596
32061,1.200089,-0.682431
32062,-2.831154,-2.418734
32063,0.484478,-0.299360
32064,0.470184,0.611570
32065,0.170776,0.302879
32066,-0.570351,1.168826
32067,0.301273,0.730648
32068,0.912453,-0.767331
32069,-0.588066,2.900180
32070,0.993923,-0.043336
32071,-0.712270,0.734220
32072,0.414002,1.312235
32073,0.577501,-0.811802
32074,-2.579361,0.952495
32075,0.363021,3.018764
32076,-0.649353,2.368983
32077,-1.575780,0.637994
32078,0.017748,0.230878
32079,0.862345,0.166434
32080,0.668708,-0.658882
32081,-0.103323,-0.421903
32082,-1.342505,-0.079025
32083,0.033465,1.051879
32084,0.225624,2.327981
32085,-2.348301,0.664331
32086,-1.430660,0.785291
32087,-1.040717,0.845308
32088,-2.416423,0.754391
32089,-2.440564,1.138014
32090,-0.295259,-0.582513
32091,-2.096051,-0.076538
32092,-0.190551,0.157653
32093,-2.701688,-0.888368
32094,1.060387,-0.081661
32095,0.200805,1.364938
32096,-0.692675,0.367997
32097,-1.727926,-0.712347
32098,-1.785522,-0.753121
32099,1.071305,-0.398950
32100,0.089950,1.478393
32101,1.640823,0.448866
32102,0.457018,-0.291275
32103,1.690662,-0.012658
32104,-0.847812,-0.256897
32105,1.144897,0.038269
32106,-0.732776,0.140857
32107,-0.901703,-2.739687
32108,-0.299189,1.696704
32109,-1.349885,-1.118393
32110,1.569196,-0.123984
32111,1.554451,-0.452114
32112,-1.085681,0.489997
32113,1.359077,-1.192136
32114,1.320837,0.858379
32115,-1.851875,0.876600
32116,1.521358,0.117449
32117,-0.401465,1.048619
32118,0.674035,-0.226436
32119,0.930217,-0.157948
32120,-0.226118,0.129872
32121,0.109976,0.522336
32122,-0.398933,0.413364
32123,-2.527894,-0.007444
32124,0.188463,-0.206621
32125,-1.836544,2.094753
32126,1.393869,0.128101
32127,0.054243,-0.642863
32128,-3.039362,0.704096
32129,1.572488,0.754185
32130,1.943770,-0.828183
32131,1.724478,-0.171933
32132,1.403370,1.915350
32133,2.222232,-0.831081
32134,-0.320744,-0.306769
32135,1.222279,1.179395
32136,0.806710,-0.536611
32137,0.206574,-0.358241
32138,0.564044,0.425999
32139,-1.458856,0.698970
32140,0.893971,-0.648940
32141,0.788015,0.820460
32142,-3.006711,-0.726450
32143,0.915090,-0.030599
32144,1.142754,0.050513
32145,0.418755,-1.028971
32146,-0.638218,1.032097
32147,1.409856,0.241214
32148,1.371308,0.776409
32149,-4.614718,-3.100867
32150,1.833152,-0.658641
32151,-1.827434,-2.028676
32152,-2.117327,-1.503852
32153,-1.620130,0.112515
32154,0.965495,-1.297642
32155,0.774528,-0.710184
32156,1.083551,-0.641829
32157,0.137662,-1.974375
32158,0.879931,-1.197046
32159,-0.123779,-1.370359
32160,-1.609656,-0.884222
32161,2.130114,-0.765168
32162,-1.169824,-1.896984
32163,2.521476,-1.171659
32164,-0.165100,-1.452120
32165,1.316389,-1.198213
32166,1.081708,0.144603
32167,-0.274896,-0.485848
32168,-1.386251,1.307292
32169,0.841260,-0.462065
32170,-1.635160,-0.144361
32171,2.011413,-0.702951
32172,-3.432473,1.107649
32173,-0.421485,0.577036
32174,-1.968825,1.316014
32175,-0.831459,0.484051
32176,-0.091009,-0.438584
32177,0.896003,-1.124794
32178,0.898460,0.118838
32179,0.477837,-1.189635
32180,1.460011,-0.192844
32181,1.216180,-0.054664
32182,0.233759,-0.409847
32183,0.023216,-0.612874
32184,1.532587,0.298268
32185,0.715219,0.998830
32186,1.887728,0.424068
32187,1.698197,-0.186256
32188,0.631790,0.475245
32189,0.781654,0.107496
32190,-0.161738,-0.121676
32191,-0.292351,0.766551
32192,1.712305,0.537284
32193,0.213093,0.031958
32194,-1.070200,-0.931096
32195,-0.376853,0.781212
32196,-2.450525,2.634180
32197,-2.480860,0.084791
32198,-1.494556,1.051164
32199,-0.725838,0.137998
32200,-0.390671,0.559010
32201,-2.123759,-0.204429
32202,-0.872938,0.476299
32203,-0.710365,0.346030
32204,-0.877277,-1.232525
32205,0.095944,-0.106326
32206,-0.201973,0.189957
32207,-0.175267,-1.719100
32208,-0.160575,3.068972
32209,1.064024,0.478983
32210,0.776671,1.872687
32211,-0.719301,0.493782
32212,1.831147,-1.706565
32213,-0.622749,-2.242432
32214,0.895529,-0.338166
32215,0.193245,-0.117241
32216,-0.525154,0.220526
32217,-0.063859,-0.851480
32218,-1.085005,0.796277
32219,-0.389330,-0.270647
32220,0.223111,-0.349893
32221,1.340454,-0.896318
32222,0.768190,-0.076710
32223,-1.562981,0.625018
32224,-0.206076,1.516146
32225,-0.955402,0.311448
32226,-0.531596,1.574951
32227,-0.743841,0.576629
32228,1.093905,-0.057138
32229,-0.610158,1.653024
32230,2.307437,-0.711916
32231,-0.142002,1.729460
32232,-1.053879,0.261772
32233,0.437081,-0.069243
32234,-0.783470,0.538469
32235,0.193614,-1.058806
32236,0.646796,-0.226126
32237,0.598355,-0.422196
32238,-1.323507,-0.869306
32239,1.228533,-0.489830
32240,0.872497,-0.021235
32241,1.979736,-1.000102
32242,0.738796,-0.367844
32243,0.035461,2.367714
32244,0.707072,0.714763
32245,0.947831,0.121754
32246,-0.274416,-1.335798
32247,-0.612092,-0.456901
32248,-1.391474,0.301503
32249,-0.554812,0.642050
32250,2.685943,0.010179
32251,-0.582279,-0.362305
32252,-2.897316,0.082121
32253,2.171461,-0.268653
32254,-3.084146,-2.336557
32255,0.513134,-0.462922
32256,-0.623553,0.683086
32257,0.569404,-0.226709
32258,-0.601875,0.586891
32259,-1.179477,0.220993
32260,2.578915,-0.845220
32261,1.647222,-0.791049
32262,0.764877,-0.210689
32263,-1.672480,0.508419
32264,1.049594,-1.069765
32265,1.655490,2.099737
32266,0.825742,1.484049
32267,0.534629,1.423602
32268,0.934139,1.454739
32269,1.197815,4.172752
32270,0.635470,0.129237
32271,0.965996,1.564443
32272,2.372507,-0.467486
32273,1.621729,0.196443
32274,-1.196497,-0.418030
32275,0.941830,1.433659
32276,0.348170,0.706275
32277,0.907507,0.324384
32278,-1.118876,1.363967
32279,-0.561471,-0.134183
32280,2.184987,-0.074643
32281,1.622082,0.018935
32282,1.197205,0.546260
32283,-1.508447,0.784467
32284,-0.376721,1.573340
32285,1.403771,2.151099
32286,1.895041,2.415105
32287,0.736696,0.913618
32288,0.995276,1.378113
32289,2.287602,0.049026
32290,-0.985461,0.807893
32291,-0.580356,1.161672
32292,-1.300433,0.666388
32293,-2.576721,-0.557132
32294,-1.074882,-0.059995
32295,1.563130,1.773630
32296,-0.229158,1.157964
32297,0.452010,2.679737
32298,0.813367,2.433095
32299,1.972454,1.109928
32300,0.063263,1.031794
32301,2.063448,0.083454
32302,0.943358,0.900306
32303,0.556131,-0.051679
32304,1.825579,0.087592
32305,-0.246952,2.216442
32306,-1.502076,0.902816
32307,2.267380,-0.380635
32308,0.024902,-0.453425
32309,0.724303,1.244705
32310,-0.655173,-1.116829
32311,1.627320,0.410722
32312,-1.407042,0.212017
32313,-0.952898,0.346104
32314,1.802553,0.755208
32315,1.752462,-1.185554
32316,0.771276,1.064615
32317,-0.835478,-0.236721
32318,1.831236,0.439391
32319,2.174051,1.476531
32320,1.163772,-0.877895
32321,0.501194,1.842435
32322,-1.130154,2.041738
32323,2.541070,-0.371810
32324,2.122063,0.091093
32325,1.077527,-0.304255
32326,1.404971,0.772241
32327,0.698723,1.054716
32328,0.102458,-0.629975
32329,-1.336494,2.183774
32330,-0.555721,0.882112
32331,-0.783499,-0.284226
32332,-2.270085,-0.682231
32333,0.604428,1.997442
32334,-0.594384,0.451777
32335,-0.646077,2.268277
32336,-0.093000,0.388179
32337,1.151180,0.329858
32338,1.199971,-0.003820
32339,0.772725,0.918538
32340,0.403890,2.258352
32341,0.452452,1.353480
32342,0.900861,2.157725
32343,1.814128,-0.716949
32344,-0.486614,1.680360
32345,1.341440,2.019934
32346,1.440800,1.695106
32347,0.625361,1.396611
32348,1.818984,-0.608694
32349,1.798146,0.192768
32350,0.084344,0.871643
32351,0.973741,0.698017
32352,1.511818,4.330833
32353,0.118999,2.676917
32354,-0.925929,-0.427513
32355,0.907890,0.397898
32356,1.358309,3.044578
32357,-2.076479,2.405830
32358,1.400673,2.797030
32359,-0.896070,0.625441
32360,0.450629,1.490549
32361,1.237815,1.748180
32362,2.201635,-0.344161
32363,-0.792951,1.537878
32364,1.451841,1.342004
32365,0.048118,-0.113163
32366,0.296028,-1.155826
32367,-0.507170,0.772440
32368,0.088731,0.057271
32369,-1.147369,0.390595
32370,0.752943,0.596976
32371,1.582315,0.775588
32372,0.486302,-0.602385
32373,0.032493,2.543143
32374,0.196667,-1.191401
32375,-1.960797,0.217846
32376,0.851479,0.000809
32377,2.227409,2.297088
32378,-0.839969,3.748697
32379,-0.968855,1.220963
32380,-2.272608,-1.452525
32381,1.850264,1.623466
32382,-1.653284,0.715700
32383,-0.439427,2.247040
32384,-0.876315,2.205737
32385,1.653567,0.617201
32386,0.171599,0.123976
32387,1.790829,-0.344029
32388,-0.431684,0.998226
32389,0.035889,0.049490
32390,1.639748,1.082792
32391,-0.738940,2.356144
32392,2.294762,0.443650
32393,1.020856,0.433768
32394,0.431123,-0.122153
32395,-1.135504,-0.012707
32396,0.794384,1.754315
32397,-0.363577,0.892974
32398,1.181897,1.794673
32399,-1.472882,0.936917
32400,1.286813,0.292818
32401,0.999018,1.600020
32402,0.844254,0.694460
32403,2.330772,0.146555
32404,1.268541,0.032099
32405,0.416305,0.396790
32406,-0.458940,-1.843339
32407,-1.213659,0.310586
32408,-2.383408,1.553208
32409,-2.612765,1.379735
32410,-2.123204,-0.083157
32411,-1.394699,1.751123
32412,-2.198976,1.002540
32413,0.448636,1.406573
32414,1.522971,2.038694
32415,-0.372374,-0.253003
32416,-0.992280,-1.264157
32417,0.755082,1.197546
32418,1.571647,1.030931
32419,0.049331,-1.262473
32420,1.644900,-1.006460
32421,-0.005377,-0.727804
32422,-2.347056,0.890242
32423,-0.237253,1.110042
32424,1.092197,-0.934198
32425,0.958466,0.618049
32426,-1.786309,1.241950
32427,0.310439,0.527426
32428,-0.091105,2.232177
32429,1.236928,-1.853476
32430,0.339004,0.640031
32431,-0.590416,0.765336
32432,0.167520,1.369054
32433,0.395622,1.631370
32434,-0.749127,1.141851
32435,0.081033,0.587092
32436,0.767123,2.141570
32437,0.062933,1.329471
32438,-0.524056,2.087413
32439,0.187810,0.645852
32440,0.997048,0.026389
32441,0.576902,2.671448
32442,-1.126884,2.107354
32443,1.985469,2.820071
32444,-1.425630,1.196795
32445,-0.682076,4.217427
32446,1.718408,0.719934
32447,0.869598,1.625130
32448,-1.454501,0.977470
32449,0.788846,-0.298500
32450,0.142879,1.716624
32451,0.983510,1.357717
32452,-0.201296,2.512999
32453,-0.941624,1.243594
32454,0.662966,-0.384963
32455,0.171473,0.639444
32456,1.144498,-0.865206
32457,1.292909,0.045234
32458,-1.977866,0.969557
32459,0.333761,1.394208
32460,-0.364710,3.556422
32461,0.517275,1.353536
32462,1.771049,0.981786
32463,0.094398,1.408317
32464,-0.917146,-0.323685
32465,1.104327,2.640426
32466,2.221228,1.560488
32467,-1.457150,1.083354
32468,-0.257088,1.383181
32469,2.000956,0.279105
32470,-0.625135,0.604065
32471,1.967270,0.548690
32472,1.689583,1.665935
32473,1.344307,0.110146
32474,0.147526,1.255260
32475,-0.767627,3.969494
32476,1.247757,1.494772
32477,0.831054,0.753874
32478,-1.695952,0.225474
32479,-0.288208,1.360793
32480,1.973783,0.033397
32481,1.040022,-0.551072
32482,2.079794,0.059693
32483,0.726102,-0.370171
32484,-0.924437,1.105519
32485,1.884471,0.871370
32486,0.533081,1.020668
32487,2.820078,0.538407
32488,-0.246304,0.754749
32489,-1.159313,1.015559
32490,0.042538,1.571791
32491,1.636559,3.150243
32492,-0.909902,2.555344
32493,1.518397,1.199610
32494,0.927533,0.641791
32495,-0.538286,0.064786
32496,-0.910485,1.043921
32497,1.686638,-0.953351
32498,-1.276297,-0.467881
32499,0.433751,1.439970
32500,-0.464343,1.352241
32501,-1.811751,1.200728
32502,-0.587253,1.123470
32503,0.627348,4.242195
32504,-1.642334,0.316068
32505,1.223077,0.240155
32506,0.389751,-0.334609
32507,-2.859256,-0.119496
32508,-1.893269,2.243841
32509,0.424517,0.129687
32510,1.076354,1.025227
32511,-2.925360,-1.241631
32512,-0.046167,1.360800
32513,1.463989,0.075640
32514,-1.400412,3.655807
32515,1.507900,1.838886
32516,0.903781,0.883798
32517,-1.013658,0.500278
32518,0.596878,2.390304
32519,0.500953,1.375585
32520,0.977065,1.899614
32521,-0.395591,1.821182
32522,1.989982,0.703529
32523,-0.925774,1.041003
32524,-0.596784,0.342304
32525,-0.082699,0.042731
32526,-1.087182,0.041461
32527,0.236661,0.179441
32528,0.853864,0.551204
32529,-2.072573,1.185413
32530,0.484338,-0.274914
32531,0.207838,0.007637
32532,1.339080,-0.152970
32533,1.042576,1.934100
32534,1.422363,-0.831087
32535,-2.315268,1.255144
32536,0.387028,2.377342
32537,-0.917078,4.125309
32538,2.432983,0.214124
32539,0.111371,-0.433419
32540,-0.616222,0.837979
32541,1.454747,-0.837845
32542,1.809452,0.662216
32543,0.658125,0.714337
32544,-1.154962,0.805372
32545,0.809855,-0.046471
32546,-0.557102,-0.709029
32547,0.218954,0.708264
32548,0.492294,0.999556
32549,0.604246,-0.276000
32550,-1.324177,0.833682
32551,0.680065,1.007744
32552,1.806858,0.726319
32553,0.965259,-0.604875
32554,0.652495,-0.114410
32555,1.411536,0.018813
32556,-2.813078,-3.368054
32557,0.575114,-0.529960
32558,-0.781489,2.640672
32559,1.940472,0.208447
32560,1.149346,-0.637600
32561,1.213165,1.015911
32562,1.647533,-0.406127
32563,2.131028,0.158918
32564,0.881028,0.724268
32565,-0.234171,0.706173
32566,1.159718,-0.856050
32567,1.803817,0.351045
32568,-0.304090,0.414488
32569,0.970692,0.035816
32570,-1.680635,3.362846
32571,-0.834609,0.864848
32572,0.056790,2.238834
32573,0.858932,2.734432
32574,0.430659,2.564609
32575,-0.378826,1.723955
32576,-1.641701,-0.104761
32577,0.319593,2.383949
32578,-0.863095,3.275130
32579,-2.174737,2.030859
32580,-0.097806,-0.297808
32581,0.053133,-2.310331
32582,1.052333,-0.904685
32583,-0.892588,0.644762
32584,-1.198594,-0.625894
32585,-0.762174,0.757811
32586,-3.042271,-0.857346
32587,1.519283,1.245711
32588,-2.374679,-3.089675
32589,-1.776113,-2.756688
32590,-2.071140,-1.856268
32591,1.510202,0.334915
32592,2.238129,-0.095688
32593,1.293411,-0.417428
32594,1.148632,0.983096
32595,0.359226,-0.626116
32596,-0.106383,0.450241
32597,0.490018,0.453744
32598,0.087436,0.129484
32599,0.066346,-0.038317
32600,1.533475,-0.798010
32601,-0.816440,-0.832116
32602,0.297691,0.658323
32603,0.259675,0.420408
32604,-1.891105,-0.730092
32605,-0.367975,-0.266680
32606,2.041063,-0.323256
32607,1.815018,-1.860754
32608,0.056257,-1.203802
32609,0.921962,-1.279112
32610,2.265048,0.613281
32611,0.511971,-1.070347
32612,-2.090816,1.600773
32613,1.925758,-0.855318
32614,1.721883,-0.971322
32615,3.027542,-0.598757
32616,2.110317,-0.269997
32617,-1.574486,1.332809
32618,2.425668,0.114854
32619,-1.330313,0.531549
32620,2.453460,-0.934346
32621,0.265680,-0.810089
32622,0.857419,0.672381
32623,-0.086621,-0.684710
32624,-0.185394,-0.768229
32625,0.885372,-0.618580
32626,0.875311,0.655930
32627,-0.277117,0.024138
32628,-0.320365,-0.630681
32629,-0.031937,-0.820300
32630,1.258269,-0.496373
32631,0.116709,-0.046279
32632,-4.616674,-2.860412
32633,-3.714702,0.240360
32634,0.857546,-0.099286
32635,1.710509,-0.393446
32636,0.711141,-0.039605
32637,-1.669314,2.765550
32638,-1.489171,0.191447
32639,1.416633,2.007197
32640,-0.607167,0.456310
32641,-3.941515,-2.195414
32642,-1.192717,0.524039
32643,1.472867,-0.634516
32644,1.029307,-0.377961
32645,-1.135252,0.878448
32646,-0.374552,1.665980
32647,-0.932897,1.637421
32648,0.411665,-0.456412
32649,0.365555,0.540418
32650,-2.282159,0.859856
32651,-1.152008,-0.702521
32652,-0.008092,-0.428194
32653,1.463224,-0.899285
32654,0.454501,-2.448310
32655,0.664811,-0.828333
32656,-1.374497,-2.306117
32657,1.552938,-1.047150
32658,1.346389,-1.005170
32659,1.401699,-1.455954
32660,-0.043772,-1.084385
32661,0.094981,-0.368433
32662,1.130853,-1.466892
32663,1.337493,-1.289669
32664,1.005356,-1.136792
32665,-0.598866,-1.766789
32666,1.793608,0.207629
32667,1.918148,-0.373400
32668,1.546334,-1.156944
32669,1.415958,-0.581600
32670,1.121600,-0.754339
32671,-4.851068,-2.047286
32672,-1.531037,-0.258085
32673,0.620315,-1.102943
32674,0.372646,-0.105104
32675,0.654173,-0.204131
32676,0.405340,-0.350233
32677,2.001866,-0.207058
32678,0.429005,1.474750
32679,1.526375,-0.137196
32680,-0.891825,-0.199307
32681,-0.153953,1.733294
32682,1.258019,0.955425
32683,1.412675,-0.428788
32684,0.651906,0.281991
32685,-1.319884,-1.852190
32686,-2.822693,3.259017
32687,-2.530335,1.120590
32688,-0.730483,-1.260660
32689,-0.066354,-1.096547
32690,-0.270411,-1.662692
32691,0.793313,-0.876225
32692,-3.054576,-0.188146
32693,-1.182277,-3.741291
32694,0.004063,-2.724285
32695,-4.038397,-2.708873
32696,-4.926814,-2.480842
32697,-4.199541,-4.310167
32698,-3.882443,-3.463050
32699,-2.970593,-0.514480
32700,-0.353106,-0.095342
32701,1.231451,0.521562
32702,-0.420229,0.226811
32703,0.700852,-1.088334
32704,-0.282371,-0.733181
32705,0.952131,-0.974629
32706,1.901483,0.362844
32707,0.517885,0.794540
32708,-1.672864,0.366073
32709,-1.454319,0.537270
32710,-2.410226,1.124563
32711,-1.605217,-0.630866
32712,0.611195,1.709213
32713,-1.717783,-0.722320
32714,-1.244442,0.402157
32715,-0.281650,-0.247535
32716,-0.312384,0.395754
32717,-1.441508,-1.879512
32718,-0.046784,1.045506
32719,0.674119,-0.228065
32720,1.055432,0.189868
32721,1.244630,-0.711473
32722,-2.881506,-0.492012
32723,-0.902406,0.116143
32724,-1.862465,1.126056
32725,-1.547714,1.472425
32726,1.210956,1.178263
32727,-0.907263,-0.915340
32728,0.302335,0.179429
32729,0.358545,3.885437
32730,1.173810,4.837948
32731,-1.049408,-0.300171
32732,-0.386313,-1.523103
32733,0.582493,1.017069
32734,-0.006035,-0.308038
32735,0.901492,0.002128
32736,0.101373,-0.523833
32737,0.023485,-0.165617
32738,-0.766661,-0.009929
32739,1.452742,-0.068497
32740,1.324215,0.402377
32741,1.633059,-1.146206
32742,0.771029,1.268592
32743,1.615535,0.816769
32744,2.017172,-0.844542
32745,0.780989,-1.506279
32746,0.153156,-0.028148
32747,-2.851706,-2.451207
32748,-0.092412,-0.740418
32749,0.282862,-1.503995
32750,-2.368383,-0.234150
32751,-1.274143,-1.303722
32752,-2.069144,-0.709865
32753,1.124827,0.381113
32754,-1.354060,0.442666
32755,-1.687901,0.292264
32756,-3.026175,-0.501550
32757,-0.335401,0.040582
32758,-0.081590,1.041824
32759,-2.554554,1.394634
32760,0.684341,-0.545285
32761,0.599171,0.351508
32762,-0.861945,0.171376
32763,-1.828800,3.104576
32764,-1.333046,0.011667
32765,-0.466640,1.008493
32766,0.296096,0.290731
32767,1.839781,1.910452
32768,-0.643730,-0.826184
32769,1.259639,0.792272
32770,0.691104,0.843799
32771,-1.484641,0.461685
32772,0.973371,1.068869
32773,1.453097,-0.605754
32774,-1.074592,-0.720643
32775,-0.940732,-0.948382
32776,1.270535,0.499548
32777,-0.671675,-0.688709
32778,-2.807269,-2.098880
32779,-0.916189,-0.862111
32780,-1.166418,-0.199219
32781,-0.074728,-0.817066
32782,-0.971653,-0.165629
32783,-2.004114,0.155247
32784,-3.719300,1.575931
32785,-0.245062,-0.378233
32786,0.689980,-0.219300
32787,1.522978,0.360909
32788,-0.250982,3.086496
32789,0.908627,2.402898
32790,-2.369371,-1.529423
32791,-2.351942,-0.769802
32792,-1.510543,1.306000
32793,-2.668882,-2.668943
32794,-2.667655,0.569812
32795,0.260937,0.559506
32796,-0.756163,-0.859835
32797,1.186343,0.318570
32798,-0.667331,-0.731119
32799,0.133380,0.542097
32800,-0.147349,-1.031487
32801,-0.792410,-0.454112
32802,1.075550,-0.622158
32803,-2.090757,-2.104316
32804,-1.318266,1.972748
32805,-0.669942,0.956776
32806,1.366411,0.411193
32807,1.178262,-0.977802
32808,1.473567,-1.380032
32809,1.246492,-0.601748
32810,-0.865607,-0.758135
32811,0.402259,-0.994762
32812,0.672825,-0.187980
32813,0.630356,0.204360
32814,-1.059516,-1.128573
32815,0.005257,0.104720
32816,0.798711,-0.748040
32817,-0.665092,3.487271
32818,1.973120,-0.305038
32819,-1.090170,-0.756692
32820,0.988194,0.261945
32821,0.864260,0.486207
32822,1.934389,1.033917
32823,-1.017443,0.386383
32824,0.725888,0.665897
32825,-2.177900,0.564184
32826,-1.944207,0.784341
32827,-1.957900,-1.627023
32828,1.288289,-0.199133
32829,-2.105439,1.390662
32830,0.628224,0.044333
32831,-2.010043,0.914750
32832,-0.626137,0.556920
32833,-3.491579,-0.620675
32834,-0.840969,0.426976
32835,0.627642,0.331263
32836,-2.282836,0.319387
32837,-0.219300,-0.216079
32838,-0.575014,-0.025176
32839,-0.975647,0.143224
32840,-1.696932,1.303701
32841,1.467826,0.781679
32842,1.382828,-0.038813
32843,-0.407745,-1.473062
32844,1.267828,-0.061748
32845,2.181022,0.356923
32846,0.501005,-0.061399
32847,-1.709641,-0.002570
32848,-0.843099,-1.150869
32849,-4.128580,-2.650607
32850,1.482644,-0.168549
32851,1.022586,-0.987654
32852,-0.275386,1.598551
32853,1.816018,-0.171399
32854,0.997795,0.113610
32855,1.962677,-0.564637
32856,0.407756,-0.961183
32857,-1.841080,-0.313762
32858,-2.452240,2.450218
32859,-2.460745,0.087005
32860,1.395859,0.608213
32861,0.505570,0.603209
32862,0.228245,-0.819312
32863,-2.587024,0.285794
32864,-0.777830,0.317630
32865,-1.358960,0.534526
32866,1.661566,-1.220399
32867,1.250801,-0.639633
32868,-1.599864,0.907479
32869,-2.890005,1.244339
32870,1.346580,0.027921
32871,-1.193685,0.490934
32872,0.047122,-0.290923
32873,-1.138208,0.265194
32874,-0.045272,-1.342201
32875,0.315086,-0.565779
32876,-1.768539,-1.416310
32877,-0.213851,0.211461
32878,0.321349,-0.280620
32879,-1.392214,-0.545056
32880,0.360982,-0.007898
32881,1.157228,0.436225
32882,-0.935842,-0.407838
32883,0.184493,-1.993502
32884,0.980053,-0.246651
32885,1.497941,-0.673610
32886,1.779010,-0.361097
32887,-0.363461,-1.860452
32888,0.273640,-0.819396
32889,2.379904,-0.437368
32890,0.657853,-0.789875
32891,-1.719692,0.148735
32892,1.742651,0.118102
32893,0.372643,-0.635670
32894,0.180287,1.061252
32895,-0.457911,3.462026
32896,-0.232484,-0.082464
32897,-0.473338,-0.349049
32898,1.485263,-0.809640
32899,0.511029,-0.855056
32900,0.610303,-0.229789
32901,-2.661830,-0.386701
32902,0.125980,-0.639329
32903,-2.470481,-0.249549
32904,-1.425891,1.119026
32905,1.687129,1.075608
32906,1.103912,0.279401
32907,-0.094404,0.456011
32908,1.252995,-0.113013
32909,1.006989,1.398280
32910,1.108776,0.227279
32911,1.768987,-1.002650
32912,0.974416,2.096840
32913,-0.200850,-0.593233
32914,0.263916,-0.227953
32915,-0.466980,-0.505911
32916,0.924897,0.022790
32917,0.678571,0.034263
32918,-0.285574,0.844619
32919,1.650878,-0.871555
32920,1.664845,-0.978332
32921,1.922621,0.266665
32922,0.747621,-0.535454
32923,0.216752,-0.039853
32924,0.454480,0.084477
32925,1.114293,-1.049625
32926,1.496702,-0.632546
32927,2.042427,-0.393746
32928,0.504663,-0.221125
32929,-0.285589,-1.669209
32930,-1.264577,0.807559
32931,2.609044,-0.736496
32932,0.279172,-1.265704
32933,-0.114188,-0.121574
32934,-1.270554,0.717341
32935,1.617500,-0.430872
32936,0.254253,-0.526410
32937,1.022089,-0.081239
32938,1.255739,-0.352379
32939,1.510045,1.043414
32940,2.089234,-0.209799
32941,1.961047,-0.253683
32942,1.570039,-0.243748
32943,2.219929,0.038458
32944,1.180298,-1.064114
32945,0.615412,0.559779
32946,1.029986,-0.096551
32947,1.150476,-0.432269
32948,1.284117,-1.157050
32949,0.325873,-0.623018
32950,0.087012,-0.734021
32951,-0.908684,1.321804
32952,-1.338374,-0.064986
32953,0.017287,-0.076298
32954,1.124039,-1.082727
32955,-0.128754,-1.024891
32956,0.589294,0.375964
32957,1.530267,-0.097587
32958,0.856165,0.235241
32959,0.147025,-0.607989
32960,0.663553,-0.054423
32961,1.631374,-0.984663
32962,1.747209,-0.267248
32963,-0.363253,-1.602224
32964,-0.599638,0.923014
32965,1.278166,-0.382052
32966,0.330526,-0.059530
32967,1.846148,-0.408693
32968,0.244293,-1.755596
32969,0.190723,-1.277813
32970,-0.259993,-0.411841
32971,0.060503,-0.349129
32972,0.034229,0.259027
32973,0.877866,-0.098279
32974,1.411644,-0.471747
32975,-0.003807,2.286853
32976,0.698503,-1.008198
32977,-0.036038,-0.874511
32978,2.409687,-0.687674
32979,-1.205405,-0.496704
32980,-0.427002,0.407344
32981,0.563005,0.430856
32982,0.710139,-0.271577
32983,1.959375,-0.341510
32984,0.797082,-0.724625
32985,0.147060,0.053683
32986,1.359932,1.007843
32987,1.164237,0.423653
32988,0.172257,0.572728
32989,1.646834,-0.620933
32990,-0.186363,0.120540
32991,-0.239136,-0.120189
32992,0.042252,1.047968
32993,1.272682,-0.397788
32994,-1.335488,-0.545904
32995,-0.472930,-1.041333
32996,0.064937,0.103745
32997,-3.005371,-3.036162
32998,-1.380789,-1.441116
32999,0.242934,2.010848
33000,-0.838342,-0.254264
33001,-0.276720,2.282584
33002,-1.376035,-1.323599
33003,0.252647,-0.742321
33004,1.992955,-0.668532
33005,0.885614,-0.619173
33006,0.614696,-0.191764
33007,1.602021,-0.898902
33008,-0.258542,-1.393648
33009,1.253875,-1.127760
33010,0.401650,-0.943920
33011,-1.081694,0.135120
33012,1.647694,-0.786243
33013,-0.551992,-1.517288
33014,-0.348455,0.288518
33015,-2.387276,-1.965862
33016,-2.372056,-0.780140
33017,-0.029149,-1.712784
33018,0.613478,-2.280213
33019,0.855036,-1.097533
33020,1.795908,-1.363206
33021,1.721415,-1.294671
33022,-1.357707,-1.646260
33023,0.857745,-0.729722
33024,0.113659,-0.868769
33025,-1.107924,-0.804915
33026,0.119130,-1.744141
33027,-0.016924,-1.193489
33028,-0.153351,0.972887
33029,0.009938,-0.088959
33030,1.373184,0.355832
33031,-1.525486,0.028366
33032,-1.336364,2.352062
33033,1.447368,0.991064
33034,-1.462401,1.620656
33035,-1.719011,3.042983
33036,1.362897,0.627060
33037,-0.757116,-1.796914
33038,1.314660,2.219951
33039,-0.117264,-0.362270
33040,-0.572779,0.995214
33041,-0.805584,0.075474
33042,0.383907,1.126224
33043,2.392527,0.362710
33044,1.058924,-0.245133
33045,1.872753,-0.169389
33046,-1.728204,1.666279
33047,2.352426,-0.397502
33048,0.096988,-1.073298
33049,2.332052,0.005594
33050,0.606258,2.131444
33051,-0.148967,0.124316
33052,-0.766372,0.470413
33053,-1.874708,0.236149
33054,-0.127754,0.642134
33055,1.044074,-0.416424
33056,-0.919500,3.462067
33057,2.017423,-0.361737
33058,1.520337,0.355807
33059,2.082307,0.017475
33060,2.191073,-0.833855
33061,-1.142931,-0.130285
33062,0.503088,0.389699
33063,0.616326,-0.892621
33064,0.707486,-1.405501
33065,1.365269,1.132361
33066,1.474641,0.132219
33067,0.867432,0.708059
33068,1.068983,1.329704
33069,2.217615,-0.063624
33070,1.208289,-0.057684
33071,1.091786,-0.066910
33072,0.592018,-0.831615
33073,-1.632369,-0.590885
33074,2.917036,-0.735526
33075,-0.714471,-0.296742
33076,-2.122036,-1.111594
33077,-0.172938,0.806018
33078,-1.185380,-0.083391
33079,-0.120610,-0.881466
33080,0.779672,-0.495338
33081,0.933056,0.519366
33082,0.681565,0.343583
33083,-0.868624,-0.987097
33084,-0.948459,-0.319770
33085,1.082988,-0.943528
33086,-1.094863,0.848530
33087,0.811897,0.276112
33088,-2.379566,0.712531
33089,2.588540,-1.297486
33090,1.899853,-1.363601
33091,-0.788876,-1.171089
33092,1.502251,-0.719228
33093,-1.766608,0.021194
33094,2.910270,-0.826262
33095,-2.806379,0.365887
33096,1.491221,-0.495618
33097,-0.119820,1.034014
33098,2.253095,-0.561693
33099,-1.375237,-0.051341
33100,-0.685678,0.749272
33101,0.513567,-0.358164
33102,1.080664,0.511540
33103,2.400198,-0.098264
33104,1.485459,-0.397256
33105,-1.006618,-0.886698
33106,1.878645,-0.457733
33107,1.670984,-0.495672
33108,1.681697,1.041114
33109,2.100918,0.208481
33110,0.987935,-0.111696
33111,-0.411457,0.320276
33112,1.450965,-0.191393
33113,3.159602,-0.981042
33114,0.037924,-0.131395
33115,1.778394,-0.365362
33116,1.639732,0.552660
33117,-0.450490,-0.758225
33118,-1.503751,-0.093844
33119,0.150003,0.016501
33120,-0.900089,0.086757
33121,-1.291636,-0.418984
33122,1.182157,-0.639325
33123,0.869636,-1.005685
33124,-0.960147,-0.405138
33125,1.718263,-0.180802
33126,1.715177,-1.113841
33127,-1.472725,0.849020
33128,0.280388,-0.771917
33129,0.628375,-0.538229
33130,0.164563,0.088772
33131,-1.842323,-1.336400
33132,-0.383777,-0.530224
33133,-1.064473,-1.343211
33134,0.448591,-0.165346
33135,-1.359563,0.896542
33136,0.291659,1.362201
33137,-0.696212,2.141189
33138,0.772715,0.110568
33139,0.525966,0.417666
33140,-0.314865,0.024467
33141,0.064106,-1.204544
33142,0.893878,-0.984386
33143,-0.051109,0.553073
33144,0.127449,-1.258596
33145,-0.158596,-0.648636
33146,-1.467324,1.138518
33147,0.053325,1.143306
33148,0.021045,0.468621
33149,-1.511450,0.073058
33150,0.551606,-0.905973
33151,0.196474,0.541619
33152,-0.817276,0.054703
33153,-0.281319,-1.002600
33154,0.973231,-0.565629
33155,-0.558679,-1.579727
33156,-1.411343,-1.308741
33157,0.064209,-1.139339
33158,0.528448,0.203692
33159,-3.205853,0.523940
33160,-0.910010,-0.230869
33161,0.463986,-0.454929
33162,-3.098789,0.396683
33163,-0.972107,0.506124
33164,-0.432101,0.241736
33165,1.325078,-1.578416
33166,-2.782501,1.650042
33167,1.145059,-1.158786
33168,-0.125807,-0.844959
33169,0.387735,-0.147154
33170,0.698078,-0.971285
33171,1.195668,-0.453649
33172,-0.472518,-1.225407
33173,-0.357384,-1.105590
33174,-0.528592,0.595361
33175,0.059307,-0.491158
33176,-0.601722,-1.327815
33177,-1.160209,0.268449
33178,-0.500341,-1.148377
33179,0.636311,-0.923640
33180,-0.253572,0.110602
33181,0.748261,-0.425270
33182,0.901496,-1.261051
33183,-0.871622,1.622855
33184,-1.234547,0.952910
33185,-0.715887,-0.724349
33186,-1.204966,1.511137
33187,-0.704758,1.557261
33188,-0.491311,-0.596604
33189,0.019592,0.580403
33190,-2.162319,0.671117
33191,-1.836590,2.217237
33192,-1.651015,0.611164
33193,0.186447,0.772161
33194,0.744494,0.457336
33195,0.081701,1.214448
33196,-1.658924,0.007879
33197,-0.218392,-0.512200
33198,0.098024,2.604935
33199,0.330575,2.022076
33200,-1.846090,-0.214955
33201,-2.224741,0.700252
33202,0.854513,0.300449
33203,-1.407283,0.243809
33204,-1.855852,-0.269992
33205,-1.113151,0.052746
33206,-1.484701,0.093371
33207,0.124840,0.108380
33208,0.035783,-0.546333
33209,0.068256,-0.816977
33210,2.060224,-0.429915
33211,-0.453987,-0.551743
33212,-0.049007,1.628771
33213,0.959429,0.129278
33214,-2.550291,-0.964506
33215,0.064923,2.000844
33216,-0.053393,1.652532
33217,-0.410524,-0.818824
33218,0.110210,-0.781482
33219,0.924700,2.767296
33220,-1.105518,-0.879223
33221,-0.261405,0.453229
33222,-0.494062,-0.485261
33223,-0.576057,-0.706184
33224,-3.003528,-0.218812
33225,-0.135559,-1.778489
33226,-0.851622,-1.007536
33227,-2.498164,-1.974081
33228,-0.779815,-1.502805
33229,-1.255930,0.577750
33230,-0.807476,-1.518394
33231,-0.986620,-1.622719
33232,-1.695205,1.320789
33233,1.274282,-0.677921
33234,-1.907960,1.877573
33235,-0.809356,0.041238
33236,0.032058,4.405723
33237,0.471982,0.499901
33238,0.425167,0.408808
33239,-1.631315,1.822575
33240,0.329832,-0.123319
33241,-0.399230,-2.050513
33242,1.408343,0.106428
33243,-2.262326,-1.148305
33244,-3.271825,-0.621728
33245,0.218988,-0.429955
33246,0.298724,0.445741
33247,1.069071,-0.179028
33248,1.814200,0.222763
33249,-1.246388,1.008722
33250,0.609064,1.728963
33251,1.673552,0.920669
33252,-1.189374,-0.144193
33253,-1.858398,0.424281
33254,-0.666444,-0.043997
33255,-0.656487,1.218995
33256,-0.730503,1.976932
33257,2.030319,-0.012206
33258,0.545759,2.975015
33259,-1.084792,0.887850
33260,2.165906,-0.456957
33261,-0.418016,-0.760183
33262,1.089651,-0.603169
33263,1.651334,0.131041
33264,0.150598,0.140197
33265,0.843947,0.965207
33266,-2.230716,-0.179480
33267,1.267915,-0.307665
33268,3.257961,-1.110204
33269,0.805677,2.108442
33270,-0.334386,1.851437
33271,-0.343225,0.207979
33272,-1.993501,-0.005726
33273,-1.568858,3.361810
33274,2.514469,-0.936779
33275,2.276915,-0.201265
33276,1.086250,0.641011
33277,1.489922,0.693403
33278,1.571996,0.555739
33279,-0.300086,-0.071215
33280,0.528817,-0.352413
33281,-2.237929,0.484698
33282,0.762535,-0.571912
33283,1.208880,-0.180239
33284,-0.063172,-0.705672
33285,1.428684,0.944890
33286,0.826165,-0.626916
33287,0.483302,-1.463914
33288,-0.105092,-0.958406
33289,-0.020000,-1.007906
33290,-0.944784,-1.291087
33291,0.909150,-0.561358
33292,1.760683,-0.857196
33293,1.344446,0.230645
33294,1.845843,-0.161722
33295,0.899954,-0.248545
33296,0.737776,-1.172304
33297,-0.852699,2.442223
33298,-0.022671,0.532125
33299,-0.083682,2.287643
33300,-0.804683,-0.303038
33301,-1.414473,0.231238
33302,0.155099,-0.237026
33303,1.072023,2.319688
33304,1.679252,-0.245744
33305,2.978112,-0.101192
33306,-0.344898,2.662675
33307,-1.102704,1.422832
33308,-1.516376,0.427662
33309,-0.316468,1.432407
33310,-1.947253,1.378779
33311,-2.924043,0.483478
33312,-0.166596,0.781717
33313,-2.665611,-0.613088
33314,-1.076846,1.560204
33315,0.362111,0.498187
33316,2.729519,-0.126753
33317,0.962272,0.999335
33318,0.801591,2.177799
33319,-2.463767,1.769360
33320,0.791722,0.058341
33321,0.264931,-0.098133
33322,-1.725016,0.565487
33323,-0.383123,0.252654
33324,0.556125,-1.036709
33325,0.985477,-0.961148
33326,0.607253,-0.863343
33327,1.653415,-0.950799
33328,1.131992,-0.516067
33329,-0.466245,-1.751668
33330,-4.141975,-3.517323
33331,0.574834,-1.089065
33332,-0.176069,0.999069
33333,-0.532027,1.776847
33334,1.032532,1.605280
33335,0.874341,0.064248
33336,0.244979,-3.080767
33337,-0.328687,1.165764
33338,0.258131,0.856032
33339,0.281395,0.618458
33340,0.293712,-0.254654
33341,0.421028,-0.671575
33342,0.855379,-0.444246
33343,0.477189,-0.179910
33344,-1.451069,0.647968
33345,1.104776,0.486872
33346,0.504776,-0.805699
33347,1.091035,-0.886528
33348,0.191599,-1.448448
33349,0.911771,-0.843324
33350,-1.482547,-0.360721
33351,-2.478645,-0.237331
33352,1.323510,-0.578864
33353,-0.634857,-0.365175
33354,0.589767,-0.044618
33355,0.328532,-0.067685
33356,0.789532,-0.829483
33357,1.151974,-0.495613
33358,1.135737,0.466821
33359,-4.056055,-0.800192
33360,0.411634,-0.368173
33361,1.351170,-0.457251
33362,0.481939,-0.061169
33363,1.201556,-0.592019
33364,-0.918783,-1.167154
33365,1.148355,-0.656956
33366,0.471505,-0.283128
33367,0.775105,-0.311043
33368,0.000471,-0.256960
33369,-1.081502,2.725209
33370,1.327865,-0.155252
33371,0.930804,-1.139411
33372,0.677828,0.219505
33373,-0.478329,-0.847994
33374,0.482117,-0.366758
33375,1.095518,1.305068
33376,0.149331,-1.303593
33377,-0.980232,-1.540871
33378,0.257560,-0.658692
33379,-3.813162,-2.431303
33380,1.697768,-0.349225
33381,0.645448,-1.198814
33382,1.538500,-0.958169
33383,0.084981,-0.426429
33384,-0.132710,0.414469
33385,0.428204,-0.488414
33386,1.196465,0.010668
33387,-0.206862,-0.342236
33388,0.427522,-0.921542
33389,0.952991,-0.941918
33390,0.938777,0.209446
33391,1.346134,-0.070542
33392,-0.089016,0.023875
33393,0.650452,-0.755380
33394,0.055792,-0.492184
33395,0.646759,-0.821087
33396,0.261281,-1.228027
33397,0.360377,-0.983563
33398,1.445973,-1.747400
33399,-0.382185,-0.474728
33400,-0.246603,0.597706
33401,1.647165,-1.318258
33402,1.491213,-1.579681
33403,1.349955,-0.577762
33404,0.154760,-0.088650
33405,0.607208,0.487148
33406,0.440806,-0.122911
33407,-1.507768,-0.766423
33408,-0.071237,0.263827
33409,1.223279,-0.438458
33410,1.540565,-1.203324
33411,1.795588,-0.358587
33412,-0.139921,0.630728
33413,0.757881,-0.029151
33414,0.501874,0.563717
33415,1.673954,-0.776686
33416,0.796041,-0.082971
33417,-4.505712,-2.727906
33418,-1.802367,0.720331
33419,1.358602,0.448044
33420,-0.296552,-0.008348
33421,-0.027981,0.222770
33422,-1.164824,-0.323659
33423,-0.839417,-0.255456
33424,-0.913387,0.775483
33425,-1.240944,-2.573960
33426,-0.877067,-0.403064
33427,-0.088844,0.726564
33428,-0.040842,0.516261
33429,-1.611942,-0.149564
33430,0.001617,0.330782
33431,-3.190141,-0.934741
33432,-0.774431,0.736914
33433,0.471090,-0.316126
33434,1.153076,-0.504633
33435,-1.142704,-0.583884
33436,0.372772,-1.921002
33437,0.313667,-0.394746
33438,-2.324356,1.470578
33439,-0.802862,0.117543
33440,0.333456,-0.902678
33441,1.872149,-0.778091
33442,1.031122,-0.714033
33443,0.492932,0.096290
33444,0.380225,-0.405884
33445,-0.360818,0.084183
33446,0.917687,0.930274
33447,1.195300,-0.656079
33448,1.152863,-0.389497
33449,0.994444,-0.395029
33450,-0.171385,-0.130050
33451,-0.565269,-0.105852
33452,0.135863,-0.085229
33453,0.908126,-0.169090
33454,1.358480,-0.498002
33455,-1.492774,3.080255
33456,-3.168009,1.477168
33457,-2.569117,-0.233041
33458,-0.319665,0.591732
33459,0.336210,0.607536
33460,-2.207026,0.662249
33461,1.670964,-0.388014
33462,0.771770,-0.364293
33463,-4.784266,-2.115248
33464,0.633244,-0.559131
33465,1.795046,-0.357452
33466,0.150788,-0.907271
33467,-5.240427,-2.729697
33468,0.427876,-0.005575
33469,-0.734190,0.222583
33470,-1.988208,-0.274473
33471,-2.228183,-0.146711
33472,-2.120650,-1.021579
33473,-0.312337,1.303407
33474,-0.322148,-0.493674
33475,0.549360,-1.017284
33476,-1.441184,-1.500908
33477,0.800623,-1.247997
33478,0.714590,-0.197933
33479,-4.619390,-5.391001
33480,0.193156,-1.340783
33481,-1.110942,-1.517136
33482,0.214632,-1.510261
33483,1.117310,-1.618704
33484,-0.328352,-0.371124
33485,-0.178342,-1.298885
33486,0.151389,0.415731
33487,-0.868290,2.182852
33488,-0.008118,-0.622942
33489,2.184735,-0.667124
33490,-1.344759,0.613915
33491,1.028075,-0.427826
33492,-1.898819,-0.740826
33493,0.305066,-0.763538
33494,1.469038,0.070325
33495,-0.969353,-1.040571
33496,1.836496,-0.771944
33497,-0.591231,0.273391
33498,-0.454539,0.001272
33499,-0.223581,-1.444320
33500,-1.647404,-0.842027
33501,0.180243,-1.500223
33502,0.008334,-1.866866
33503,-0.474877,-2.179289
33504,-0.441546,-1.550261
33505,2.031262,-1.217560
33506,-0.398457,-1.222337
33507,0.250289,0.106110
33508,0.752166,-0.561746
33509,1.782301,-0.535661
33510,0.382179,-0.498518
33511,1.694623,-0.038233
33512,1.169811,-0.444189
33513,-0.422472,-0.535104
33514,-0.204215,-0.072834
33515,0.999293,-0.692878
33516,-1.780553,-0.464959
33517,-0.550107,-0.248881
33518,-0.567424,-0.269599
33519,-0.011539,-0.989704
33520,0.245209,-0.159700
33521,-0.100577,-0.790267
33522,1.158421,0.225084
33523,1.871258,-1.032289
33524,1.493841,-0.927063
33525,-0.308503,-0.461063
33526,1.813938,-0.595964
33527,-2.558805,-0.817492
33528,1.606548,-0.082474
33529,-0.782775,-0.426587
33530,-1.082657,-0.370148
33531,-1.993431,-1.118583
33532,-0.648051,0.902579
33533,-1.500017,-0.134302
33534,-0.096581,-0.690305
33535,-0.509759,-0.873004
33536,-0.963150,-1.980594
33537,-0.162784,-0.477501
33538,-0.282893,-0.241087
33539,0.760642,-1.289114
33540,-0.468554,-1.856912
33541,-0.400229,-0.736286
33542,-0.569208,-1.007520
33543,-0.064969,-1.185664
33544,-2.382922,-2.666603
33545,-1.319764,0.763669
33546,0.909819,-0.451551
33547,0.368523,0.846625
33548,1.309242,0.729275
33549,-1.107153,0.683505
33550,0.765433,-0.760285
33551,0.006981,1.355967
33552,1.224960,0.217884
33553,0.651993,0.680875
33554,-1.247652,3.139998
33555,1.040785,0.582979
33556,-0.936422,1.767718
33557,-1.893139,0.172017
33558,0.158775,-0.265519
33559,1.315037,-0.730787
33560,1.380959,-0.942099
33561,-0.742545,0.203222
33562,1.141503,-0.263672
33563,1.349433,-0.125984
33564,1.280021,0.549428
33565,-3.615839,0.020728
33566,0.343820,-1.043955
33567,0.071127,-0.634577
33568,-0.448480,2.630906
33569,1.244130,-0.410815
33570,1.108814,-0.533439
33571,-2.095651,-1.688996
33572,1.377702,-1.789068
33573,-0.960970,-2.025739
33574,-0.547035,-1.086456
33575,-0.612782,-1.140313
33576,-0.630545,-1.774943
33577,0.918478,-1.272446
33578,1.434233,-1.035892
33579,1.106395,-1.324622
33580,1.188010,-0.588505
33581,1.879345,-0.716534
33582,-2.783197,-0.257489
33583,2.140193,0.709518
33584,2.366300,-0.097657
33585,-2.305253,-0.345618
33586,-2.395404,-0.524351
33587,-1.246290,-0.746321
33588,-0.551534,-1.059578
33589,-0.588658,2.630493
33590,-0.011069,0.237052
33591,-1.388235,0.315566
33592,-0.161693,-1.151485
33593,0.841766,1.553810
33594,1.554215,2.522527
33595,-0.416044,1.818289
33596,0.034748,2.683923
33597,1.190703,0.026102
33598,2.056709,0.166129
33599,-0.713280,-1.041093
33600,-1.532293,-2.018343
33601,1.684012,-0.411929
33602,-0.531734,0.297721
33603,0.364540,0.121281
33604,-1.865190,1.265497
33605,2.705410,-0.673212
33606,0.934470,0.397657
33607,-1.640467,-2.204929
33608,0.488129,-1.092009
33609,0.295843,-0.141645
33610,1.025575,0.586576
33611,2.064766,-0.700276
33612,0.858756,-0.296143
33613,0.621292,0.703923
33614,0.556569,0.317939
33615,1.168076,0.574933
33616,-1.045800,-0.651405
33617,1.407014,0.241416
33618,3.008698,-1.033774
33619,-1.919939,-0.988453
33620,-0.393999,-1.245972
33621,1.176518,0.923992
33622,0.387170,-0.709779
33623,0.375489,-0.104992
33624,-0.208613,-1.430046
33625,0.772435,-0.442868
33626,1.637678,-0.816488
33627,-1.482468,-0.372036
33628,-1.486919,-0.044378
33629,0.135390,0.830636
33630,0.121949,-0.560643
33631,0.804879,-0.108076
33632,1.022162,-0.678689
33633,0.713760,1.306315
33634,1.348309,-0.212806
33635,0.228336,-0.094772
33636,-0.545590,-0.761737
33637,0.375298,0.114334
33638,0.850899,-0.408474
33639,-0.134172,0.104239
33640,-0.692758,-0.109372
33641,-0.626230,-0.483049
33642,-1.375993,0.102231
33643,-2.599368,1.492594
33644,-2.861042,1.337785
33645,-0.644813,-0.161398
33646,-1.785461,1.384574
33647,-3.212601,0.514869
33648,0.718963,-1.356156
33649,0.517231,0.151303
33650,1.252680,-1.027490
33651,1.788755,0.387004
33652,1.102451,-0.003332
33653,1.370005,-1.811831
33654,0.930882,-1.303973
33655,2.384946,-1.203426
33656,0.251574,0.405212
33657,0.020453,1.009465
33658,1.758599,0.211292
33659,-1.291225,0.447155
33660,0.430489,-0.160660
33661,0.334558,0.852122
33662,-0.299407,-0.080986
33663,-0.506345,0.496795
33664,-0.700430,-0.441154
33665,-0.549255,0.436643
33666,-0.423219,-0.397554
33667,-1.678677,-0.064672
33668,0.072859,-1.638597
33669,-1.107878,-1.214145
33670,0.472680,-0.716844
33671,-1.866732,-3.092678
33672,-0.887548,-1.354048
33673,-3.141457,-0.988602
33674,0.319823,-0.503919
33675,-1.776642,-0.939543
33676,1.096197,-0.514103
33677,-0.731900,-0.098625
33678,1.503793,-0.009917
33679,-1.734513,-0.176545
33680,-2.089772,-0.704170
33681,0.995943,0.103100
33682,-0.364807,1.319291
33683,-0.195545,0.449199
33684,-2.388313,-0.300416
33685,-3.891983,-0.824789
33686,2.154668,2.265403
33687,-0.070155,0.844391
33688,0.273640,-0.086830
33689,0.808356,0.851515
33690,1.363243,-0.894915
33691,-0.166376,1.443493
